,url,isOrganizational,isBot,isTroll,gender
ariferdal35,"https://docs.google.com/forms/d/e/1FAIpQLSeFf-DH8zs9gbESljXLtJb1g2xBtRpLgIOEwwvN6BeyDADq4w/viewform?entry.471770043=https://twitter.com/ArifErdal35&entry.1108662262=26355&usp=pp_url
",No,No,No,Male
iyiodemis35,"https://docs.google.com/forms/d/e/1FAIpQLSeFf-DH8zs9gbESljXLtJb1g2xBtRpLgIOEwwvN6BeyDADq4w/viewform?entry.471770043=https://twitter.com/iyiodemis35&entry.1108662262=26355&usp=pp_url
",Yes,No,No,Not sure
atamasi60,"https://docs.google.com/forms/d/e/1FAIpQLSeFf-DH8zs9gbESljXLtJb1g2xBtRpLgIOEwwvN6BeyDADq4w/viewform?entry.471770043=https://twitter.com/Atamasi60&entry.1108662262=26355&usp=pp_url
",Yes,No,No,Not sure
abdullahdogru01,"https://docs.google.com/forms/d/e/1FAIpQLSeFf-DH8zs9gbESljXLtJb1g2xBtRpLgIOEwwvN6BeyDADq4w/viewform?entry.471770043=https://twitter.com/abdullahdogru01&entry.1108662262=26355&usp=pp_url
",No,No,No,Male
alpar_kaan,"https://docs.google.com/forms/d/e/1FAIpQLSeFf-DH8zs9gbESljXLtJb1g2xBtRpLgIOEwwvN6BeyDADq4w/viewform?entry.471770043=https://twitter.com/alpar_kaan&entry.1108662262=26355&usp=pp_url
",No,No,No,Male
busenrylfz,"https://docs.google.com/forms/d/e/1FAIpQLSeFf-DH8zs9gbESljXLtJb1g2xBtRpLgIOEwwvN6BeyDADq4w/viewform?entry.471770043=https://twitter.com/Busenrylfz&entry.1108662262=26355&usp=pp_url
",No,Yes,No,Female
ysrr43,"https://docs.google.com/forms/d/e/1FAIpQLSeFf-DH8zs9gbESljXLtJb1g2xBtRpLgIOEwwvN6BeyDADq4w/viewform?entry.471770043=https://twitter.com/ysrr43&entry.1108662262=26355&usp=pp_url
",No,Yes,Yes,Male
eyupbogac,"https://docs.google.com/forms/d/e/1FAIpQLSeFf-DH8zs9gbESljXLtJb1g2xBtRpLgIOEwwvN6BeyDADq4w/viewform?entry.471770043=https://twitter.com/eyupbogac&entry.1108662262=26355&usp=pp_url
",No,No,No,Male
bensuveyda_,"https://docs.google.com/forms/d/e/1FAIpQLSeFf-DH8zs9gbESljXLtJb1g2xBtRpLgIOEwwvN6BeyDADq4w/viewform?entry.471770043=https://twitter.com/bensuveyda_&entry.1108662262=26355&usp=pp_url
",No,No,No,Female
yade2105,"https://docs.google.com/forms/d/e/1FAIpQLSeFf-DH8zs9gbESljXLtJb1g2xBtRpLgIOEwwvN6BeyDADq4w/viewform?entry.471770043=https://twitter.com/Yade2105&entry.1108662262=26355&usp=pp_url
",No,Yes,No,Not sure
frat88474279,"https://docs.google.com/forms/d/e/1FAIpQLSeFf-DH8zs9gbESljXLtJb1g2xBtRpLgIOEwwvN6BeyDADq4w/viewform?entry.471770043=https://twitter.com/Frat88474279&entry.1108662262=26355&usp=pp_url
",No,Yes,No,Male
ayla30156790,"https://docs.google.com/forms/d/e/1FAIpQLSeFf-DH8zs9gbESljXLtJb1g2xBtRpLgIOEwwvN6BeyDADq4w/viewform?entry.471770043=https://twitter.com/Ayla30156790&entry.1108662262=26355&usp=pp_url
",No,No,No,Female
salih67320679,"https://docs.google.com/forms/d/e/1FAIpQLSeFf-DH8zs9gbESljXLtJb1g2xBtRpLgIOEwwvN6BeyDADq4w/viewform?entry.471770043=https://twitter.com/salih67320679&entry.1108662262=26355&usp=pp_url
",No,No,No,Male
refikdartici,"https://docs.google.com/forms/d/e/1FAIpQLSeFf-DH8zs9gbESljXLtJb1g2xBtRpLgIOEwwvN6BeyDADq4w/viewform?entry.471770043=https://twitter.com/RefikDARTICI&entry.1108662262=26355&usp=pp_url
",No,No,No,Male
_sydneycarton_,"https://docs.google.com/forms/d/e/1FAIpQLSeFf-DH8zs9gbESljXLtJb1g2xBtRpLgIOEwwvN6BeyDADq4w/viewform?entry.471770043=https://twitter.com/_SydneyCarton_&entry.1108662262=26355&usp=pp_url
",No,No,No,Not sure
matlda_,"https://docs.google.com/forms/d/e/1FAIpQLSeFf-DH8zs9gbESljXLtJb1g2xBtRpLgIOEwwvN6BeyDADq4w/viewform?entry.471770043=https://twitter.com/matlda_&entry.1108662262=26355&usp=pp_url
",No,Yes,Yes,Female
beyzosclk,"https://docs.google.com/forms/d/e/1FAIpQLSeFf-DH8zs9gbESljXLtJb1g2xBtRpLgIOEwwvN6BeyDADq4w/viewform?entry.471770043=https://twitter.com/beyzosclk&entry.1108662262=26355&usp=pp_url
",No,Yes,Yes,Female
padowan8,"https://docs.google.com/forms/d/e/1FAIpQLSeFf-DH8zs9gbESljXLtJb1g2xBtRpLgIOEwwvN6BeyDADq4w/viewform?entry.471770043=https://twitter.com/Padowan8&entry.1108662262=26355&usp=pp_url
",No,Yes,No,Not sure
damlavlonyaa,"https://docs.google.com/forms/d/e/1FAIpQLSeFf-DH8zs9gbESljXLtJb1g2xBtRpLgIOEwwvN6BeyDADq4w/viewform?entry.471770043=https://twitter.com/damlavlonyaa&entry.1108662262=26355&usp=pp_url
",No,No,No,Female
ahmetbeyefendi,"https://docs.google.com/forms/d/e/1FAIpQLSeFf-DH8zs9gbESljXLtJb1g2xBtRpLgIOEwwvN6BeyDADq4w/viewform?entry.471770043=https://twitter.com/AhmetBeyefendi&entry.1108662262=26355&usp=pp_url
",No,No,No,Male
yasduy1,"https://docs.google.com/forms/d/e/1FAIpQLSeFf-DH8zs9gbESljXLtJb1g2xBtRpLgIOEwwvN6BeyDADq4w/viewform?entry.471770043=https://twitter.com/Yasduy1&entry.1108662262=26355&usp=pp_url
",No,No,Yes,Male
ersoyersoy18,"https://docs.google.com/forms/d/e/1FAIpQLSeFf-DH8zs9gbESljXLtJb1g2xBtRpLgIOEwwvN6BeyDADq4w/viewform?entry.471770043=https://twitter.com/ErsoyErsoy18&entry.1108662262=26355&usp=pp_url
",No,No,No,Male
fruitkace,"https://docs.google.com/forms/d/e/1FAIpQLSeFf-DH8zs9gbESljXLtJb1g2xBtRpLgIOEwwvN6BeyDADq4w/viewform?entry.471770043=https://twitter.com/FruitKace&entry.1108662262=26355&usp=pp_url
",No,Not sure,Not sure,Female
yeganeerdogann,"https://docs.google.com/forms/d/e/1FAIpQLSeFf-DH8zs9gbESljXLtJb1g2xBtRpLgIOEwwvN6BeyDADq4w/viewform?entry.471770043=https://twitter.com/yeganeerdogann&entry.1108662262=26355&usp=pp_url
",No,No,No,Female
hkavrem,"https://docs.google.com/forms/d/e/1FAIpQLSeFf-DH8zs9gbESljXLtJb1g2xBtRpLgIOEwwvN6BeyDADq4w/viewform?entry.471770043=https://twitter.com/HKavrem&entry.1108662262=26355&usp=pp_url
",No,No,No,Male
hasansener61,"https://docs.google.com/forms/d/e/1FAIpQLSeFf-DH8zs9gbESljXLtJb1g2xBtRpLgIOEwwvN6BeyDADq4w/viewform?entry.471770043=https://twitter.com/hasansener61&entry.1108662262=26355&usp=pp_url
",No,Yes,No,Male
ikigainbd,"https://docs.google.com/forms/d/e/1FAIpQLSeFf-DH8zs9gbESljXLtJb1g2xBtRpLgIOEwwvN6BeyDADq4w/viewform?entry.471770043=https://twitter.com/ikigainbd&entry.1108662262=26355&usp=pp_url
",No,Not sure,Not sure,Female
udakuspecially,"https://docs.google.com/forms/d/e/1FAIpQLSeFf-DH8zs9gbESljXLtJb1g2xBtRpLgIOEwwvN6BeyDADq4w/viewform?entry.471770043=https://twitter.com/UdakuSpecially&entry.1108662262=26355&usp=pp_url
",Yes,Yes,No,Not sure
nedenburdaysam,"https://docs.google.com/forms/d/e/1FAIpQLSeFf-DH8zs9gbESljXLtJb1g2xBtRpLgIOEwwvN6BeyDADq4w/viewform?entry.471770043=https://twitter.com/nedenburdaysam&entry.1108662262=26355&usp=pp_url
",No,No,No,Female
burakatalayfx,"https://docs.google.com/forms/d/e/1FAIpQLSeFf-DH8zs9gbESljXLtJb1g2xBtRpLgIOEwwvN6BeyDADq4w/viewform?entry.471770043=https://twitter.com/burakatalayfx&entry.1108662262=26355&usp=pp_url
",No,Yes,No,Male
erka_dal,"https://docs.google.com/forms/d/e/1FAIpQLSeFf-DH8zs9gbESljXLtJb1g2xBtRpLgIOEwwvN6BeyDADq4w/viewform?entry.471770043=https://twitter.com/erka_dal&entry.1108662262=26355&usp=pp_url
",No,Not sure,Not sure,Male
fredoom1219,"https://docs.google.com/forms/d/e/1FAIpQLSeFf-DH8zs9gbESljXLtJb1g2xBtRpLgIOEwwvN6BeyDADq4w/viewform?entry.471770043=https://twitter.com/FREDOOM1219&entry.1108662262=26355&usp=pp_url
",No,Yes,No,Male
birdostunuzumm,"https://docs.google.com/forms/d/e/1FAIpQLSeFf-DH8zs9gbESljXLtJb1g2xBtRpLgIOEwwvN6BeyDADq4w/viewform?entry.471770043=https://twitter.com/Birdostunuzumm&entry.1108662262=26355&usp=pp_url
",No,Not sure,Not sure,Female
diyabetliannesi,"https://docs.google.com/forms/d/e/1FAIpQLSeFf-DH8zs9gbESljXLtJb1g2xBtRpLgIOEwwvN6BeyDADq4w/viewform?entry.471770043=https://twitter.com/diyabetliannesi&entry.1108662262=26355&usp=pp_url
",No,Yes,No,Female
vesimbaran2,"https://docs.google.com/forms/d/e/1FAIpQLSeFf-DH8zs9gbESljXLtJb1g2xBtRpLgIOEwwvN6BeyDADq4w/viewform?entry.471770043=https://twitter.com/VESiMBARAN2&entry.1108662262=26355&usp=pp_url
",No,Yes,No,Male
onur18101785,"https://docs.google.com/forms/d/e/1FAIpQLSeFf-DH8zs9gbESljXLtJb1g2xBtRpLgIOEwwvN6BeyDADq4w/viewform?entry.471770043=https://twitter.com/Onur18101785&entry.1108662262=26355&usp=pp_url
",No,No,Yes,Male
ezgizalogluu,"https://docs.google.com/forms/d/e/1FAIpQLSeFf-DH8zs9gbESljXLtJb1g2xBtRpLgIOEwwvN6BeyDADq4w/viewform?entry.471770043=https://twitter.com/Ezgizalogluu&entry.1108662262=26355&usp=pp_url
",No,No,No,Female
hanedane3,"https://docs.google.com/forms/d/e/1FAIpQLSeFf-DH8zs9gbESljXLtJb1g2xBtRpLgIOEwwvN6BeyDADq4w/viewform?entry.471770043=https://twitter.com/hanedane3&entry.1108662262=26355&usp=pp_url
",No,No,No,Not sure
gez4400,"https://docs.google.com/forms/d/e/1FAIpQLSeFf-DH8zs9gbESljXLtJb1g2xBtRpLgIOEwwvN6BeyDADq4w/viewform?entry.471770043=https://twitter.com/Gez4400&entry.1108662262=26355&usp=pp_url
",No,Yes,No,Not sure
senturkbirol,"https://docs.google.com/forms/d/e/1FAIpQLSeFf-DH8zs9gbESljXLtJb1g2xBtRpLgIOEwwvN6BeyDADq4w/viewform?entry.471770043=https://twitter.com/SenturkBirol&entry.1108662262=26355&usp=pp_url
",No,No,No,Male
hamitpicak46,"https://docs.google.com/forms/d/e/1FAIpQLSeFf-DH8zs9gbESljXLtJb1g2xBtRpLgIOEwwvN6BeyDADq4w/viewform?entry.471770043=https://twitter.com/hamitpicak46&entry.1108662262=26355&usp=pp_url
",No,No,Yes,Male
serkan97516154,"https://docs.google.com/forms/d/e/1FAIpQLSeFf-DH8zs9gbESljXLtJb1g2xBtRpLgIOEwwvN6BeyDADq4w/viewform?entry.471770043=https://twitter.com/serkan97516154&entry.1108662262=26355&usp=pp_url
",No,No,Yes,Male
btamirer,"https://docs.google.com/forms/d/e/1FAIpQLSeFf-DH8zs9gbESljXLtJb1g2xBtRpLgIOEwwvN6BeyDADq4w/viewform?entry.471770043=https://twitter.com/BTamirer&entry.1108662262=26355&usp=pp_url
",No,No,No,Male
haremagasi21,"https://docs.google.com/forms/d/e/1FAIpQLSeFf-DH8zs9gbESljXLtJb1g2xBtRpLgIOEwwvN6BeyDADq4w/viewform?entry.471770043=https://twitter.com/Haremagasi21&entry.1108662262=26355&usp=pp_url
",No,Not sure,No,Male
nursse_hemsire,"https://docs.google.com/forms/d/e/1FAIpQLSeFf-DH8zs9gbESljXLtJb1g2xBtRpLgIOEwwvN6BeyDADq4w/viewform?entry.471770043=https://twitter.com/nursse_hemsire&entry.1108662262=26355&usp=pp_url
",No,No,No,Female
abykgmc,"https://docs.google.com/forms/d/e/1FAIpQLSeFf-DH8zs9gbESljXLtJb1g2xBtRpLgIOEwwvN6BeyDADq4w/viewform?entry.471770043=https://twitter.com/abykgmc&entry.1108662262=26355&usp=pp_url
",No,Yes,No,Male
ulku_can44,"https://docs.google.com/forms/d/e/1FAIpQLSeFf-DH8zs9gbESljXLtJb1g2xBtRpLgIOEwwvN6BeyDADq4w/viewform?entry.471770043=https://twitter.com/ULKU_Can44&entry.1108662262=26355&usp=pp_url
",No,Not sure,Not sure,Female
ebrudoa19042484,"https://docs.google.com/forms/d/e/1FAIpQLSeFf-DH8zs9gbESljXLtJb1g2xBtRpLgIOEwwvN6BeyDADq4w/viewform?entry.471770043=https://twitter.com/EbruDoa19042484&entry.1108662262=26355&usp=pp_url
",No,Yes,No,Female
akkadinumraniye,"https://docs.google.com/forms/d/e/1FAIpQLSeFf-DH8zs9gbESljXLtJb1g2xBtRpLgIOEwwvN6BeyDADq4w/viewform?entry.471770043=https://twitter.com/akkadinumraniye&entry.1108662262=26355&usp=pp_url
",Yes,No,No,Not sure
ugur_tarhan,"https://docs.google.com/forms/d/e/1FAIpQLSeFf-DH8zs9gbESljXLtJb1g2xBtRpLgIOEwwvN6BeyDADq4w/viewform?entry.471770043=https://twitter.com/ugur_tarhan&entry.1108662262=26355&usp=pp_url
",No,No,No,Male
burcindedeoglu,"https://docs.google.com/forms/d/e/1FAIpQLSeFf-DH8zs9gbESljXLtJb1g2xBtRpLgIOEwwvN6BeyDADq4w/viewform?entry.471770043=https://twitter.com/burcindedeoglu&entry.1108662262=26355&usp=pp_url
",No,Not sure,Not sure,Male
yusufak63712920,"https://docs.google.com/forms/d/e/1FAIpQLSeFf-DH8zs9gbESljXLtJb1g2xBtRpLgIOEwwvN6BeyDADq4w/viewform?entry.471770043=https://twitter.com/YusufAk63712920&entry.1108662262=26355&usp=pp_url
",No,Yes,No,Male
kudretbulbul,"https://docs.google.com/forms/d/e/1FAIpQLSeFf-DH8zs9gbESljXLtJb1g2xBtRpLgIOEwwvN6BeyDADq4w/viewform?entry.471770043=https://twitter.com/kudretbulbul&entry.1108662262=26355&usp=pp_url
",No,No,No,Male
y_kalca,"https://docs.google.com/forms/d/e/1FAIpQLSeFf-DH8zs9gbESljXLtJb1g2xBtRpLgIOEwwvN6BeyDADq4w/viewform?entry.471770043=https://twitter.com/y_kalca&entry.1108662262=26355&usp=pp_url
",No,Yes,No,Female
haf_zhan,"https://docs.google.com/forms/d/e/1FAIpQLSeFf-DH8zs9gbESljXLtJb1g2xBtRpLgIOEwwvN6BeyDADq4w/viewform?entry.471770043=https://twitter.com/haf_zhan&entry.1108662262=26355&usp=pp_url
",No,No,Yes,Female
qara118,"https://docs.google.com/forms/d/e/1FAIpQLSeFf-DH8zs9gbESljXLtJb1g2xBtRpLgIOEwwvN6BeyDADq4w/viewform?entry.471770043=https://twitter.com/qara118&entry.1108662262=26355&usp=pp_url
",No,Yes,No,Not sure
teliiuuu,"https://docs.google.com/forms/d/e/1FAIpQLSeFf-DH8zs9gbESljXLtJb1g2xBtRpLgIOEwwvN6BeyDADq4w/viewform?entry.471770043=https://twitter.com/teliiuuu&entry.1108662262=26355&usp=pp_url
",No,Not sure,Not sure,Female
ozlmbsac,"https://docs.google.com/forms/d/e/1FAIpQLSeFf-DH8zs9gbESljXLtJb1g2xBtRpLgIOEwwvN6BeyDADq4w/viewform?entry.471770043=https://twitter.com/ozlmbsac&entry.1108662262=26355&usp=pp_url
",No,Yes,No,Female
aslasligibi91,"https://docs.google.com/forms/d/e/1FAIpQLSeFf-DH8zs9gbESljXLtJb1g2xBtRpLgIOEwwvN6BeyDADq4w/viewform?entry.471770043=https://twitter.com/AslAsligibi91&entry.1108662262=26355&usp=pp_url
",No,No,No,Not sure
erencayir_borsa,"https://docs.google.com/forms/d/e/1FAIpQLSeFf-DH8zs9gbESljXLtJb1g2xBtRpLgIOEwwvN6BeyDADq4w/viewform?entry.471770043=https://twitter.com/ErenCayir_Borsa&entry.1108662262=26355&usp=pp_url
",No,No,No,Male
harlunoshi,"https://docs.google.com/forms/d/e/1FAIpQLSeFf-DH8zs9gbESljXLtJb1g2xBtRpLgIOEwwvN6BeyDADq4w/viewform?entry.471770043=https://twitter.com/Harlunoshi&entry.1108662262=26355&usp=pp_url
",No,No,No,Not sure
mitoazn,"https://docs.google.com/forms/d/e/1FAIpQLSeFf-DH8zs9gbESljXLtJb1g2xBtRpLgIOEwwvN6BeyDADq4w/viewform?entry.471770043=https://twitter.com/mitoAZN&entry.1108662262=26355&usp=pp_url
",No,Not sure,No,Male
cenkcenkvarol,"https://docs.google.com/forms/d/e/1FAIpQLSeFf-DH8zs9gbESljXLtJb1g2xBtRpLgIOEwwvN6BeyDADq4w/viewform?entry.471770043=https://twitter.com/CenkCenkvarol&entry.1108662262=26355&usp=pp_url
",No,Yes,No,Male
aytaasl07787580,"https://docs.google.com/forms/d/e/1FAIpQLSeFf-DH8zs9gbESljXLtJb1g2xBtRpLgIOEwwvN6BeyDADq4w/viewform?entry.471770043=https://twitter.com/AytaAsl07787580&entry.1108662262=26355&usp=pp_url
",No,Yes,No,Male
captzulu737,"https://docs.google.com/forms/d/e/1FAIpQLSeFf-DH8zs9gbESljXLtJb1g2xBtRpLgIOEwwvN6BeyDADq4w/viewform?entry.471770043=https://twitter.com/captzulu737&entry.1108662262=26355&usp=pp_url
",No,No,No,Male
omerakdag34,"https://docs.google.com/forms/d/e/1FAIpQLSeFf-DH8zs9gbESljXLtJb1g2xBtRpLgIOEwwvN6BeyDADq4w/viewform?entry.471770043=https://twitter.com/omerakdag34&entry.1108662262=26355&usp=pp_url
",No,No,No,Male
scorpiehoez,"https://docs.google.com/forms/d/e/1FAIpQLSeFf-DH8zs9gbESljXLtJb1g2xBtRpLgIOEwwvN6BeyDADq4w/viewform?entry.471770043=https://twitter.com/SCORPIEHOEZ&entry.1108662262=26355&usp=pp_url
",No,No,No,Female
sumezgi,"https://docs.google.com/forms/d/e/1FAIpQLSeFf-DH8zs9gbESljXLtJb1g2xBtRpLgIOEwwvN6BeyDADq4w/viewform?entry.471770043=https://twitter.com/SumEzgi&entry.1108662262=26355&usp=pp_url
",No,Yes,No,Female
mvnez,"https://docs.google.com/forms/d/e/1FAIpQLSeFf-DH8zs9gbESljXLtJb1g2xBtRpLgIOEwwvN6BeyDADq4w/viewform?entry.471770043=https://twitter.com/mvnez&entry.1108662262=26355&usp=pp_url
",No,No,No,Female
muhendisiiiii,"https://docs.google.com/forms/d/e/1FAIpQLSeFf-DH8zs9gbESljXLtJb1g2xBtRpLgIOEwwvN6BeyDADq4w/viewform?entry.471770043=https://twitter.com/muhendisiiiii&entry.1108662262=26355&usp=pp_url
",No,Yes,No,Male
aydsunal,"https://docs.google.com/forms/d/e/1FAIpQLSeFf-DH8zs9gbESljXLtJb1g2xBtRpLgIOEwwvN6BeyDADq4w/viewform?entry.471770043=https://twitter.com/aydsunal&entry.1108662262=26355&usp=pp_url
",No,Not sure,Yes,Not sure
ilolojii,"https://docs.google.com/forms/d/e/1FAIpQLSeFf-DH8zs9gbESljXLtJb1g2xBtRpLgIOEwwvN6BeyDADq4w/viewform?entry.471770043=https://twitter.com/ilolojii&entry.1108662262=26355&usp=pp_url
",No,No,No,Female
akkaroguz,"https://docs.google.com/forms/d/e/1FAIpQLSeFf-DH8zs9gbESljXLtJb1g2xBtRpLgIOEwwvN6BeyDADq4w/viewform?entry.471770043=https://twitter.com/akkaroguz&entry.1108662262=26355&usp=pp_url
",No,No,No,Male
siiimays,"https://docs.google.com/forms/d/e/1FAIpQLSeFf-DH8zs9gbESljXLtJb1g2xBtRpLgIOEwwvN6BeyDADq4w/viewform?entry.471770043=https://twitter.com/siiimays&entry.1108662262=26355&usp=pp_url
",No,Not sure,Not sure,Female
fundaemiroglu,"https://docs.google.com/forms/d/e/1FAIpQLSeFf-DH8zs9gbESljXLtJb1g2xBtRpLgIOEwwvN6BeyDADq4w/viewform?entry.471770043=https://twitter.com/FundaEmiroglu&entry.1108662262=26355&usp=pp_url
",No,Yes,No,Female
uzmdisyunus,"https://docs.google.com/forms/d/e/1FAIpQLSeFf-DH8zs9gbESljXLtJb1g2xBtRpLgIOEwwvN6BeyDADq4w/viewform?entry.471770043=https://twitter.com/Uzmdisyunus&entry.1108662262=26355&usp=pp_url
",No,No,Yes,Male
kaankartal44,"https://docs.google.com/forms/d/e/1FAIpQLSeFf-DH8zs9gbESljXLtJb1g2xBtRpLgIOEwwvN6BeyDADq4w/viewform?entry.471770043=https://twitter.com/kaankartal44&entry.1108662262=26355&usp=pp_url
",No,Yes,No,Male
elittekroknat,"https://docs.google.com/forms/d/e/1FAIpQLSeFf-DH8zs9gbESljXLtJb1g2xBtRpLgIOEwwvN6BeyDADq4w/viewform?entry.471770043=https://twitter.com/elittekroknat&entry.1108662262=26355&usp=pp_url
",No,Yes,No,Not sure
gulerkeske1,"https://docs.google.com/forms/d/e/1FAIpQLSeFf-DH8zs9gbESljXLtJb1g2xBtRpLgIOEwwvN6BeyDADq4w/viewform?entry.471770043=https://twitter.com/GulerKeske1&entry.1108662262=26355&usp=pp_url
",No,No,No,Female
neryener1,"https://docs.google.com/forms/d/e/1FAIpQLSeFf-DH8zs9gbESljXLtJb1g2xBtRpLgIOEwwvN6BeyDADq4w/viewform?entry.471770043=https://twitter.com/nerYener1&entry.1108662262=26355&usp=pp_url
",No,No,Yes,Not sure
arifayd89909179,"https://docs.google.com/forms/d/e/1FAIpQLSeFf-DH8zs9gbESljXLtJb1g2xBtRpLgIOEwwvN6BeyDADq4w/viewform?entry.471770043=https://twitter.com/ArifAyd89909179&entry.1108662262=26355&usp=pp_url
",No,Yes,No,Male
ayhandemir34,"https://docs.google.com/forms/d/e/1FAIpQLSeFf-DH8zs9gbESljXLtJb1g2xBtRpLgIOEwwvN6BeyDADq4w/viewform?entry.471770043=https://twitter.com/ayhandemir34&entry.1108662262=26355&usp=pp_url
",No,No,No,Male
nabiyonyevrum,"https://docs.google.com/forms/d/e/1FAIpQLSeFf-DH8zs9gbESljXLtJb1g2xBtRpLgIOEwwvN6BeyDADq4w/viewform?entry.471770043=https://twitter.com/nabiyonyevrum&entry.1108662262=26355&usp=pp_url
",No,No,No,Female
denizlihabercom,"https://docs.google.com/forms/d/e/1FAIpQLSeFf-DH8zs9gbESljXLtJb1g2xBtRpLgIOEwwvN6BeyDADq4w/viewform?entry.471770043=https://twitter.com/denizlihabercom&entry.1108662262=26355&usp=pp_url
",Yes,No,No,Not sure
d_carpe_diem_,"https://docs.google.com/forms/d/e/1FAIpQLSeFf-DH8zs9gbESljXLtJb1g2xBtRpLgIOEwwvN6BeyDADq4w/viewform?entry.471770043=https://twitter.com/D_Carpe_Diem_&entry.1108662262=26355&usp=pp_url
",No,No,Yes,Female
susdinleee,"https://docs.google.com/forms/d/e/1FAIpQLSeFf-DH8zs9gbESljXLtJb1g2xBtRpLgIOEwwvN6BeyDADq4w/viewform?entry.471770043=https://twitter.com/susdinleee&entry.1108662262=26355&usp=pp_url
",No,Yes,Yes,Male
moryakamoz,"https://docs.google.com/forms/d/e/1FAIpQLSeFf-DH8zs9gbESljXLtJb1g2xBtRpLgIOEwwvN6BeyDADq4w/viewform?entry.471770043=https://twitter.com/moryakamoz&entry.1108662262=26355&usp=pp_url
",No,No,No,Female
semataninn,"https://docs.google.com/forms/d/e/1FAIpQLSeFf-DH8zs9gbESljXLtJb1g2xBtRpLgIOEwwvN6BeyDADq4w/viewform?entry.471770043=https://twitter.com/Semataninn&entry.1108662262=26355&usp=pp_url
",No,Yes,No,Female
ayseozylmz,"https://docs.google.com/forms/d/e/1FAIpQLSeFf-DH8zs9gbESljXLtJb1g2xBtRpLgIOEwwvN6BeyDADq4w/viewform?entry.471770043=https://twitter.com/ayseozylmz&entry.1108662262=26355&usp=pp_url
",No,No,No,Female
delidemir33,"https://docs.google.com/forms/d/e/1FAIpQLSeFf-DH8zs9gbESljXLtJb1g2xBtRpLgIOEwwvN6BeyDADq4w/viewform?entry.471770043=https://twitter.com/delidemir33&entry.1108662262=26355&usp=pp_url
",No,No,No,Male
muallime765,"https://docs.google.com/forms/d/e/1FAIpQLSeFf-DH8zs9gbESljXLtJb1g2xBtRpLgIOEwwvN6BeyDADq4w/viewform?entry.471770043=https://twitter.com/muallime765&entry.1108662262=26355&usp=pp_url
",No,No,No,Female
enverdagci6,"https://docs.google.com/forms/d/e/1FAIpQLSeFf-DH8zs9gbESljXLtJb1g2xBtRpLgIOEwwvN6BeyDADq4w/viewform?entry.471770043=https://twitter.com/EnverDagci6&entry.1108662262=26355&usp=pp_url
",No,No,No,Male
keremdikmenn,"https://docs.google.com/forms/d/e/1FAIpQLSeFf-DH8zs9gbESljXLtJb1g2xBtRpLgIOEwwvN6BeyDADq4w/viewform?entry.471770043=https://twitter.com/keremdikmenn&entry.1108662262=26355&usp=pp_url
",No,No,No,Male
heritagepaix,"https://docs.google.com/forms/d/e/1FAIpQLSeFf-DH8zs9gbESljXLtJb1g2xBtRpLgIOEwwvN6BeyDADq4w/viewform?entry.471770043=https://twitter.com/heritagepaix&entry.1108662262=26355&usp=pp_url
",No,No,No,Female
yorukoglu799,"https://docs.google.com/forms/d/e/1FAIpQLSeFf-DH8zs9gbESljXLtJb1g2xBtRpLgIOEwwvN6BeyDADq4w/viewform?entry.471770043=https://twitter.com/yorukoglu799&entry.1108662262=26355&usp=pp_url
",No,Yes,Yes,Male
kpss_j,"https://docs.google.com/forms/d/e/1FAIpQLSeFf-DH8zs9gbESljXLtJb1g2xBtRpLgIOEwwvN6BeyDADq4w/viewform?entry.471770043=https://twitter.com/kpss_j&entry.1108662262=26355&usp=pp_url
",No,Yes,No,Not sure
yoshisukxm,"https://docs.google.com/forms/d/e/1FAIpQLSeFf-DH8zs9gbESljXLtJb1g2xBtRpLgIOEwwvN6BeyDADq4w/viewform?entry.471770043=https://twitter.com/Yoshisukxm&entry.1108662262=26355&usp=pp_url
",No,No,No,Female
kadirozgen38,"https://docs.google.com/forms/d/e/1FAIpQLSeFf-DH8zs9gbESljXLtJb1g2xBtRpLgIOEwwvN6BeyDADq4w/viewform?entry.471770043=https://twitter.com/kadirozgen38&entry.1108662262=26355&usp=pp_url
",No,Yes,No,Male
izzetceren,"https://docs.google.com/forms/d/e/1FAIpQLSeFf-DH8zs9gbESljXLtJb1g2xBtRpLgIOEwwvN6BeyDADq4w/viewform?entry.471770043=https://twitter.com/izzetceren&entry.1108662262=26355&usp=pp_url
",No,Yes,No,Male
halil_i_aslan,"https://docs.google.com/forms/d/e/1FAIpQLSeFf-DH8zs9gbESljXLtJb1g2xBtRpLgIOEwwvN6BeyDADq4w/viewform?entry.471770043=https://twitter.com/Halil_i_Aslan&entry.1108662262=26355&usp=pp_url
",No,No,No,Male
asgariguvenlik,"https://docs.google.com/forms/d/e/1FAIpQLSeFf-DH8zs9gbESljXLtJb1g2xBtRpLgIOEwwvN6BeyDADq4w/viewform?entry.471770043=https://twitter.com/AsgariGuvenlik&entry.1108662262=26355&usp=pp_url
",Yes,No,No,Not sure
34feyzu,"https://docs.google.com/forms/d/e/1FAIpQLSeFf-DH8zs9gbESljXLtJb1g2xBtRpLgIOEwwvN6BeyDADq4w/viewform?entry.471770043=https://twitter.com/34Feyzu&entry.1108662262=26355&usp=pp_url
",No,No,No,Male
rekor83004172,"https://docs.google.com/forms/d/e/1FAIpQLSeFf-DH8zs9gbESljXLtJb1g2xBtRpLgIOEwwvN6BeyDADq4w/viewform?entry.471770043=https://twitter.com/Rekor83004172&entry.1108662262=26355&usp=pp_url
",No,Yes,No,Not sure
krtl_88,"https://docs.google.com/forms/d/e/1FAIpQLSeFf-DH8zs9gbESljXLtJb1g2xBtRpLgIOEwwvN6BeyDADq4w/viewform?entry.471770043=https://twitter.com/krtl_88&entry.1108662262=26355&usp=pp_url
",No,Yes,No,Not sure
mehmetdokur79,"https://docs.google.com/forms/d/e/1FAIpQLSeFf-DH8zs9gbESljXLtJb1g2xBtRpLgIOEwwvN6BeyDADq4w/viewform?entry.471770043=https://twitter.com/MehmetDokur79&entry.1108662262=26355&usp=pp_url
",No,No,No,Male
ottomanslap2023,"https://docs.google.com/forms/d/e/1FAIpQLSeFf-DH8zs9gbESljXLtJb1g2xBtRpLgIOEwwvN6BeyDADq4w/viewform?entry.471770043=https://twitter.com/OTTOMANslap2023&entry.1108662262=26355&usp=pp_url
",No,Yes,Yes,Not sure
goenuel24,"https://docs.google.com/forms/d/e/1FAIpQLSeFf-DH8zs9gbESljXLtJb1g2xBtRpLgIOEwwvN6BeyDADq4w/viewform?entry.471770043=https://twitter.com/goenuel24&entry.1108662262=26355&usp=pp_url
",No,No,No,Not sure
omerfeksx8,"https://docs.google.com/forms/d/e/1FAIpQLSeFf-DH8zs9gbESljXLtJb1g2xBtRpLgIOEwwvN6BeyDADq4w/viewform?entry.471770043=https://twitter.com/omerfeksx8&entry.1108662262=26355&usp=pp_url
",No,No,No,Male
is_aktif,"https://docs.google.com/forms/d/e/1FAIpQLSeFf-DH8zs9gbESljXLtJb1g2xBtRpLgIOEwwvN6BeyDADq4w/viewform?entry.471770043=https://twitter.com/is_aktif&entry.1108662262=26355&usp=pp_url
",No,No,No,Male
musti_4435,"https://docs.google.com/forms/d/e/1FAIpQLSeFf-DH8zs9gbESljXLtJb1g2xBtRpLgIOEwwvN6BeyDADq4w/viewform?entry.471770043=https://twitter.com/musti_4435&entry.1108662262=26355&usp=pp_url
",No,Yes,No,Male
ayeglkart3,"https://docs.google.com/forms/d/e/1FAIpQLSeFf-DH8zs9gbESljXLtJb1g2xBtRpLgIOEwwvN6BeyDADq4w/viewform?entry.471770043=https://twitter.com/AyeglKart3&entry.1108662262=26355&usp=pp_url
",No,Yes,No,Female
alaraaynncnm,"https://docs.google.com/forms/d/e/1FAIpQLSeFf-DH8zs9gbESljXLtJb1g2xBtRpLgIOEwwvN6BeyDADq4w/viewform?entry.471770043=https://twitter.com/alaraaynncnm&entry.1108662262=26355&usp=pp_url
",No,No,No,Female
glson09420724,"https://docs.google.com/forms/d/e/1FAIpQLSeFf-DH8zs9gbESljXLtJb1g2xBtRpLgIOEwwvN6BeyDADq4w/viewform?entry.471770043=https://twitter.com/Glson09420724&entry.1108662262=26355&usp=pp_url
",No,No,No,Not sure
akpartieyyubiye,"https://docs.google.com/forms/d/e/1FAIpQLSeFf-DH8zs9gbESljXLtJb1g2xBtRpLgIOEwwvN6BeyDADq4w/viewform?entry.471770043=https://twitter.com/akpartieyyubiye&entry.1108662262=26355&usp=pp_url
",Yes,No,No,Not sure
yiyotekin,"https://docs.google.com/forms/d/e/1FAIpQLSeFf-DH8zs9gbESljXLtJb1g2xBtRpLgIOEwwvN6BeyDADq4w/viewform?entry.471770043=https://twitter.com/yiyotekin&entry.1108662262=26355&usp=pp_url
",No,No,No,Female
ecemmcetinn0,"https://docs.google.com/forms/d/e/1FAIpQLSeFf-DH8zs9gbESljXLtJb1g2xBtRpLgIOEwwvN6BeyDADq4w/viewform?entry.471770043=https://twitter.com/Ecemmcetinn0&entry.1108662262=26355&usp=pp_url
",No,No,No,Female
karanevren,"https://docs.google.com/forms/d/e/1FAIpQLSeFf-DH8zs9gbESljXLtJb1g2xBtRpLgIOEwwvN6BeyDADq4w/viewform?entry.471770043=https://twitter.com/karanevren&entry.1108662262=26355&usp=pp_url
",No,No,Yes,Female
bilgin21604923,"https://docs.google.com/forms/d/e/1FAIpQLSeFf-DH8zs9gbESljXLtJb1g2xBtRpLgIOEwwvN6BeyDADq4w/viewform?entry.471770043=https://twitter.com/Bilgin21604923&entry.1108662262=26355&usp=pp_url
",No,No,No,Male
gurkan090909,"https://docs.google.com/forms/d/e/1FAIpQLSeFf-DH8zs9gbESljXLtJb1g2xBtRpLgIOEwwvN6BeyDADq4w/viewform?entry.471770043=https://twitter.com/Gurkan090909&entry.1108662262=26355&usp=pp_url
",No,Yes,No,Male
pinaraslan4558,"https://docs.google.com/forms/d/e/1FAIpQLSeFf-DH8zs9gbESljXLtJb1g2xBtRpLgIOEwwvN6BeyDADq4w/viewform?entry.471770043=https://twitter.com/Pinaraslan4558&entry.1108662262=26355&usp=pp_url
",No,No,Yes,Female
gundemiantep27,"https://docs.google.com/forms/d/e/1FAIpQLSeFf-DH8zs9gbESljXLtJb1g2xBtRpLgIOEwwvN6BeyDADq4w/viewform?entry.471770043=https://twitter.com/GundemiAntep27&entry.1108662262=26355&usp=pp_url
",Yes,No,No,Not sure
werty54065941,"https://docs.google.com/forms/d/e/1FAIpQLSeFf-DH8zs9gbESljXLtJb1g2xBtRpLgIOEwwvN6BeyDADq4w/viewform?entry.471770043=https://twitter.com/werty54065941&entry.1108662262=26355&usp=pp_url
",No,Yes,No,Not sure
baybolot,"https://docs.google.com/forms/d/e/1FAIpQLSeFf-DH8zs9gbESljXLtJb1g2xBtRpLgIOEwwvN6BeyDADq4w/viewform?entry.471770043=https://twitter.com/BayBolot&entry.1108662262=26355&usp=pp_url
",No,No,Yes,Male
lydmilapril2,"https://docs.google.com/forms/d/e/1FAIpQLSeFf-DH8zs9gbESljXLtJb1g2xBtRpLgIOEwwvN6BeyDADq4w/viewform?entry.471770043=https://twitter.com/lydmilapril2&entry.1108662262=26355&usp=pp_url
",No,No,No,Not sure
dgeyikcioglu,"https://docs.google.com/forms/d/e/1FAIpQLSeFf-DH8zs9gbESljXLtJb1g2xBtRpLgIOEwwvN6BeyDADq4w/viewform?entry.471770043=https://twitter.com/dgeyikcioglu&entry.1108662262=26355&usp=pp_url
",No,Yes,No,Male
ararkel79513131,"https://docs.google.com/forms/d/e/1FAIpQLSeFf-DH8zs9gbESljXLtJb1g2xBtRpLgIOEwwvN6BeyDADq4w/viewform?entry.471770043=https://twitter.com/ArArkel79513131&entry.1108662262=26355&usp=pp_url
",No,Yes,No,Male
wendesday21_s,"https://docs.google.com/forms/d/e/1FAIpQLSeFf-DH8zs9gbESljXLtJb1g2xBtRpLgIOEwwvN6BeyDADq4w/viewform?entry.471770043=https://twitter.com/wendesday21_s&entry.1108662262=26355&usp=pp_url
",No,Yes,No,Female
brahimg77016159,"https://docs.google.com/forms/d/e/1FAIpQLSeFf-DH8zs9gbESljXLtJb1g2xBtRpLgIOEwwvN6BeyDADq4w/viewform?entry.471770043=https://twitter.com/brahimg77016159&entry.1108662262=26355&usp=pp_url
",No,No,Yes,Male
bengus_k17,"https://docs.google.com/forms/d/e/1FAIpQLSeFf-DH8zs9gbESljXLtJb1g2xBtRpLgIOEwwvN6BeyDADq4w/viewform?entry.471770043=https://twitter.com/bengus_k17&entry.1108662262=26355&usp=pp_url
",No,No,No,Female
aykocmelayy,"https://docs.google.com/forms/d/e/1FAIpQLSeFf-DH8zs9gbESljXLtJb1g2xBtRpLgIOEwwvN6BeyDADq4w/viewform?entry.471770043=https://twitter.com/aykocmelayy&entry.1108662262=26355&usp=pp_url
",No,No,No,Female
burcu22867204,"https://docs.google.com/forms/d/e/1FAIpQLSeFf-DH8zs9gbESljXLtJb1g2xBtRpLgIOEwwvN6BeyDADq4w/viewform?entry.471770043=https://twitter.com/Burcu22867204&entry.1108662262=26355&usp=pp_url
",No,Yes,No,Female
selahattingrkn,"https://docs.google.com/forms/d/e/1FAIpQLSeFf-DH8zs9gbESljXLtJb1g2xBtRpLgIOEwwvN6BeyDADq4w/viewform?entry.471770043=https://twitter.com/selahattingrkn&entry.1108662262=26355&usp=pp_url
",No,No,No,Male
888iiiiiiii,"https://docs.google.com/forms/d/e/1FAIpQLSeFf-DH8zs9gbESljXLtJb1g2xBtRpLgIOEwwvN6BeyDADq4w/viewform?entry.471770043=https://twitter.com/888iiiiiiii&entry.1108662262=26355&usp=pp_url
",No,Yes,Yes,Not sure
matbil13,"https://docs.google.com/forms/d/e/1FAIpQLSeFf-DH8zs9gbESljXLtJb1g2xBtRpLgIOEwwvN6BeyDADq4w/viewform?entry.471770043=https://twitter.com/MatBil13&entry.1108662262=26355&usp=pp_url
",No,Yes,No,Not sure
jatiacypastor,"https://docs.google.com/forms/d/e/1FAIpQLSeFf-DH8zs9gbESljXLtJb1g2xBtRpLgIOEwwvN6BeyDADq4w/viewform?entry.471770043=https://twitter.com/JatiacyPastor&entry.1108662262=26355&usp=pp_url
",No,Yes,Yes,Not sure
vighnar1655,"https://docs.google.com/forms/d/e/1FAIpQLSeFf-DH8zs9gbESljXLtJb1g2xBtRpLgIOEwwvN6BeyDADq4w/viewform?entry.471770043=https://twitter.com/Vighnar1655&entry.1108662262=26355&usp=pp_url
",No,No,No,Not sure
akprml,"https://docs.google.com/forms/d/e/1FAIpQLSeFf-DH8zs9gbESljXLtJb1g2xBtRpLgIOEwwvN6BeyDADq4w/viewform?entry.471770043=https://twitter.com/akprml&entry.1108662262=26355&usp=pp_url
",No,No,No,Female
diribiratiba,"https://docs.google.com/forms/d/e/1FAIpQLSeFf-DH8zs9gbESljXLtJb1g2xBtRpLgIOEwwvN6BeyDADq4w/viewform?entry.471770043=https://twitter.com/DiriBirAtiba&entry.1108662262=26355&usp=pp_url
",No,No,No,Not sure
hemire63679512,"https://docs.google.com/forms/d/e/1FAIpQLSeFf-DH8zs9gbESljXLtJb1g2xBtRpLgIOEwwvN6BeyDADq4w/viewform?entry.471770043=https://twitter.com/Hemire63679512&entry.1108662262=26355&usp=pp_url
",No,Yes,No,Female
osmfbist,"https://docs.google.com/forms/d/e/1FAIpQLSeFf-DH8zs9gbESljXLtJb1g2xBtRpLgIOEwwvN6BeyDADq4w/viewform?entry.471770043=https://twitter.com/osmfbist&entry.1108662262=26355&usp=pp_url
",No,No,No,Male
mrmbasar,"https://docs.google.com/forms/d/e/1FAIpQLSeFf-DH8zs9gbESljXLtJb1g2xBtRpLgIOEwwvN6BeyDADq4w/viewform?entry.471770043=https://twitter.com/MrmBasar&entry.1108662262=26355&usp=pp_url
",No,Yes,Yes,Male
houseofneotan,"https://docs.google.com/forms/d/e/1FAIpQLSeFf-DH8zs9gbESljXLtJb1g2xBtRpLgIOEwwvN6BeyDADq4w/viewform?entry.471770043=https://twitter.com/houseofneotan&entry.1108662262=26355&usp=pp_url
",No,Not sure,Not sure,Not sure
ferhatc21814704,"https://docs.google.com/forms/d/e/1FAIpQLSeFf-DH8zs9gbESljXLtJb1g2xBtRpLgIOEwwvN6BeyDADq4w/viewform?entry.471770043=https://twitter.com/ferhatc21814704&entry.1108662262=26355&usp=pp_url
",No,Yes,No,Male
bgurkanyilmaz,"https://docs.google.com/forms/d/e/1FAIpQLSeFf-DH8zs9gbESljXLtJb1g2xBtRpLgIOEwwvN6BeyDADq4w/viewform?entry.471770043=https://twitter.com/BGurkanYilmaz&entry.1108662262=26355&usp=pp_url
",No,No,Yes,Male
1numaraliadamm2,"https://docs.google.com/forms/d/e/1FAIpQLSeFf-DH8zs9gbESljXLtJb1g2xBtRpLgIOEwwvN6BeyDADq4w/viewform?entry.471770043=https://twitter.com/1numaraliadamm2&entry.1108662262=26355&usp=pp_url
",No,No,Yes,Male
siberajanda,"https://docs.google.com/forms/d/e/1FAIpQLSeFf-DH8zs9gbESljXLtJb1g2xBtRpLgIOEwwvN6BeyDADq4w/viewform?entry.471770043=https://twitter.com/siberajanda&entry.1108662262=26355&usp=pp_url
",Yes,No,No,Not sure
ludwigplanckk,"https://docs.google.com/forms/d/e/1FAIpQLSeFf-DH8zs9gbESljXLtJb1g2xBtRpLgIOEwwvN6BeyDADq4w/viewform?entry.471770043=https://twitter.com/Ludwigplanckk&entry.1108662262=26355&usp=pp_url
",No,No,No,Female
oktemayhan,"https://docs.google.com/forms/d/e/1FAIpQLSeFf-DH8zs9gbESljXLtJb1g2xBtRpLgIOEwwvN6BeyDADq4w/viewform?entry.471770043=https://twitter.com/oktemayhan&entry.1108662262=26355&usp=pp_url
",No,Yes,Yes,Male
mehmet31529440,"https://docs.google.com/forms/d/e/1FAIpQLSeFf-DH8zs9gbESljXLtJb1g2xBtRpLgIOEwwvN6BeyDADq4w/viewform?entry.471770043=https://twitter.com/Mehmet31529440&entry.1108662262=26355&usp=pp_url
",No,Yes,No,Male
budujk,"https://docs.google.com/forms/d/e/1FAIpQLSeFf-DH8zs9gbESljXLtJb1g2xBtRpLgIOEwwvN6BeyDADq4w/viewform?entry.471770043=https://twitter.com/BuduJk&entry.1108662262=26355&usp=pp_url
",No,No,Yes,Male
star_spor,"https://docs.google.com/forms/d/e/1FAIpQLSeFf-DH8zs9gbESljXLtJb1g2xBtRpLgIOEwwvN6BeyDADq4w/viewform?entry.471770043=https://twitter.com/Star_Spor&entry.1108662262=26355&usp=pp_url
",Yes,Yes,No,Not sure
sleyman25240212,"https://docs.google.com/forms/d/e/1FAIpQLSeFf-DH8zs9gbESljXLtJb1g2xBtRpLgIOEwwvN6BeyDADq4w/viewform?entry.471770043=https://twitter.com/Sleyman25240212&entry.1108662262=26355&usp=pp_url
",No,No,No,Male
mustafaarst,"https://docs.google.com/forms/d/e/1FAIpQLSeFf-DH8zs9gbESljXLtJb1g2xBtRpLgIOEwwvN6BeyDADq4w/viewform?entry.471770043=https://twitter.com/MustafaArst&entry.1108662262=26355&usp=pp_url
",No,Yes,No,Male
yeterakincii,"https://docs.google.com/forms/d/e/1FAIpQLSeFf-DH8zs9gbESljXLtJb1g2xBtRpLgIOEwwvN6BeyDADq4w/viewform?entry.471770043=https://twitter.com/yeterakincii&entry.1108662262=26355&usp=pp_url
",No,No,Yes,Not sure
levent32501370,"https://docs.google.com/forms/d/e/1FAIpQLSeFf-DH8zs9gbESljXLtJb1g2xBtRpLgIOEwwvN6BeyDADq4w/viewform?entry.471770043=https://twitter.com/Levent32501370&entry.1108662262=26355&usp=pp_url
",No,Yes,No,Male
deniz_sekmenci,"https://docs.google.com/forms/d/e/1FAIpQLSeFf-DH8zs9gbESljXLtJb1g2xBtRpLgIOEwwvN6BeyDADq4w/viewform?entry.471770043=https://twitter.com/Deniz_Sekmenci&entry.1108662262=26355&usp=pp_url
",No,No,Yes,Not sure
salvato30884797,"https://docs.google.com/forms/d/e/1FAIpQLSeFf-DH8zs9gbESljXLtJb1g2xBtRpLgIOEwwvN6BeyDADq4w/viewform?entry.471770043=https://twitter.com/Salvato30884797&entry.1108662262=26355&usp=pp_url
",No,Not sure,Not sure,Not sure
alparsl27435232,"https://docs.google.com/forms/d/e/1FAIpQLSeFf-DH8zs9gbESljXLtJb1g2xBtRpLgIOEwwvN6BeyDADq4w/viewform?entry.471770043=https://twitter.com/Alparsl27435232&entry.1108662262=26355&usp=pp_url
",No,Not sure,No,Male
burakerbaychp,"https://docs.google.com/forms/d/e/1FAIpQLSeFf-DH8zs9gbESljXLtJb1g2xBtRpLgIOEwwvN6BeyDADq4w/viewform?entry.471770043=https://twitter.com/burakerbaychp&entry.1108662262=26355&usp=pp_url
",No,No,No,Male
hibrahimsalva,"https://docs.google.com/forms/d/e/1FAIpQLSeFf-DH8zs9gbESljXLtJb1g2xBtRpLgIOEwwvN6BeyDADq4w/viewform?entry.471770043=https://twitter.com/hibrahimsalva&entry.1108662262=26355&usp=pp_url
",No,Yes,No,Male
211turan,"https://docs.google.com/forms/d/e/1FAIpQLSeFf-DH8zs9gbESljXLtJb1g2xBtRpLgIOEwwvN6BeyDADq4w/viewform?entry.471770043=https://twitter.com/211Turan&entry.1108662262=26355&usp=pp_url
",No,No,Yes,Male
vedatcoksert,"https://docs.google.com/forms/d/e/1FAIpQLSeFf-DH8zs9gbESljXLtJb1g2xBtRpLgIOEwwvN6BeyDADq4w/viewform?entry.471770043=https://twitter.com/VedatCoksert&entry.1108662262=26355&usp=pp_url
",No,Not sure,Yes,Male
yildirayc_1907,"https://docs.google.com/forms/d/e/1FAIpQLSeFf-DH8zs9gbESljXLtJb1g2xBtRpLgIOEwwvN6BeyDADq4w/viewform?entry.471770043=https://twitter.com/yildirayc_1907&entry.1108662262=26355&usp=pp_url
",No,Yes,No,Male
barisinsesitv,"https://docs.google.com/forms/d/e/1FAIpQLSeFf-DH8zs9gbESljXLtJb1g2xBtRpLgIOEwwvN6BeyDADq4w/viewform?entry.471770043=https://twitter.com/barisinsesitv&entry.1108662262=26355&usp=pp_url
",Yes,No,No,Not sure
ebruli_1907,"https://docs.google.com/forms/d/e/1FAIpQLSeFf-DH8zs9gbESljXLtJb1g2xBtRpLgIOEwwvN6BeyDADq4w/viewform?entry.471770043=https://twitter.com/ebruli_1907&entry.1108662262=26355&usp=pp_url
",No,No,No,Female
gokyar_nihat,"https://docs.google.com/forms/d/e/1FAIpQLSeFf-DH8zs9gbESljXLtJb1g2xBtRpLgIOEwwvN6BeyDADq4w/viewform?entry.471770043=https://twitter.com/gokyar_nihat&entry.1108662262=26355&usp=pp_url
",No,Yes,No,Male
gl21509653,"https://docs.google.com/forms/d/e/1FAIpQLSeFf-DH8zs9gbESljXLtJb1g2xBtRpLgIOEwwvN6BeyDADq4w/viewform?entry.471770043=https://twitter.com/Gl21509653&entry.1108662262=26355&usp=pp_url
",No,Yes,No,Female
sunayildizoglu,"https://docs.google.com/forms/d/e/1FAIpQLSeFf-DH8zs9gbESljXLtJb1g2xBtRpLgIOEwwvN6BeyDADq4w/viewform?entry.471770043=https://twitter.com/SunaYildizoglu&entry.1108662262=26355&usp=pp_url
",No,Yes,No,Female
ozgekaygusuz,"https://docs.google.com/forms/d/e/1FAIpQLSeFf-DH8zs9gbESljXLtJb1g2xBtRpLgIOEwwvN6BeyDADq4w/viewform?entry.471770043=https://twitter.com/OzgeKaygusuz&entry.1108662262=26355&usp=pp_url
",No,Yes,No,Female
hseynugur,"https://docs.google.com/forms/d/e/1FAIpQLSeFf-DH8zs9gbESljXLtJb1g2xBtRpLgIOEwwvN6BeyDADq4w/viewform?entry.471770043=https://twitter.com/hseynugur&entry.1108662262=26355&usp=pp_url
",No,Yes,Yes,Male
yetkingdom,"https://docs.google.com/forms/d/e/1FAIpQLSeFf-DH8zs9gbESljXLtJb1g2xBtRpLgIOEwwvN6BeyDADq4w/viewform?entry.471770043=https://twitter.com/yetkingdom&entry.1108662262=26355&usp=pp_url
",No,No,No,Male
bseugezginler,"https://docs.google.com/forms/d/e/1FAIpQLSeFf-DH8zs9gbESljXLtJb1g2xBtRpLgIOEwwvN6BeyDADq4w/viewform?entry.471770043=https://twitter.com/bseugezginler&entry.1108662262=26355&usp=pp_url
",Yes,No,No,Not sure
mogollar32,"https://docs.google.com/forms/d/e/1FAIpQLSeFf-DH8zs9gbESljXLtJb1g2xBtRpLgIOEwwvN6BeyDADq4w/viewform?entry.471770043=https://twitter.com/mogollar32&entry.1108662262=26355&usp=pp_url
",No,Yes,Yes,Male
cancoronada,"https://docs.google.com/forms/d/e/1FAIpQLSeFf-DH8zs9gbESljXLtJb1g2xBtRpLgIOEwwvN6BeyDADq4w/viewform?entry.471770043=https://twitter.com/Cancoronada&entry.1108662262=26355&usp=pp_url
",No,No,No,Male
dvdkaktuna,"https://docs.google.com/forms/d/e/1FAIpQLSeFf-DH8zs9gbESljXLtJb1g2xBtRpLgIOEwwvN6BeyDADq4w/viewform?entry.471770043=https://twitter.com/dvdkaktuna&entry.1108662262=26355&usp=pp_url
",No,No,No,Not sure
farukhalit2,"https://docs.google.com/forms/d/e/1FAIpQLSeFf-DH8zs9gbESljXLtJb1g2xBtRpLgIOEwwvN6BeyDADq4w/viewform?entry.471770043=https://twitter.com/FarukHalit2&entry.1108662262=26355&usp=pp_url
",No,No,Yes,Male
rayelka1071,"https://docs.google.com/forms/d/e/1FAIpQLSeFf-DH8zs9gbESljXLtJb1g2xBtRpLgIOEwwvN6BeyDADq4w/viewform?entry.471770043=https://twitter.com/rayelka1071&entry.1108662262=26355&usp=pp_url
",No,Yes,No,Male
engelliogrtmn00,"https://docs.google.com/forms/d/e/1FAIpQLSeFf-DH8zs9gbESljXLtJb1g2xBtRpLgIOEwwvN6BeyDADq4w/viewform?entry.471770043=https://twitter.com/engelliogrtmn00&entry.1108662262=26355&usp=pp_url
",No,Yes,No,Not sure
mikailhayta1,"https://docs.google.com/forms/d/e/1FAIpQLSeFf-DH8zs9gbESljXLtJb1g2xBtRpLgIOEwwvN6BeyDADq4w/viewform?entry.471770043=https://twitter.com/mikailhayta1&entry.1108662262=26355&usp=pp_url
",No,No,No,Male
lloseok,"https://docs.google.com/forms/d/e/1FAIpQLSeFf-DH8zs9gbESljXLtJb1g2xBtRpLgIOEwwvN6BeyDADq4w/viewform?entry.471770043=https://twitter.com/lloseok&entry.1108662262=26355&usp=pp_url
",No,Yes,No,Not sure
biologselim,"https://docs.google.com/forms/d/e/1FAIpQLSeFf-DH8zs9gbESljXLtJb1g2xBtRpLgIOEwwvN6BeyDADq4w/viewform?entry.471770043=https://twitter.com/BIOLOGSELIM&entry.1108662262=26355&usp=pp_url
",No,Yes,No,Male
sehriban061,"https://docs.google.com/forms/d/e/1FAIpQLSeFf-DH8zs9gbESljXLtJb1g2xBtRpLgIOEwwvN6BeyDADq4w/viewform?entry.471770043=https://twitter.com/Sehriban061&entry.1108662262=26355&usp=pp_url
",No,No,No,Not sure
hsynsolmaz1,"https://docs.google.com/forms/d/e/1FAIpQLSeFf-DH8zs9gbESljXLtJb1g2xBtRpLgIOEwwvN6BeyDADq4w/viewform?entry.471770043=https://twitter.com/HsynSolmaz1&entry.1108662262=26355&usp=pp_url
",No,Yes,No,Male
aefakibaba,"https://docs.google.com/forms/d/e/1FAIpQLSeFf-DH8zs9gbESljXLtJb1g2xBtRpLgIOEwwvN6BeyDADq4w/viewform?entry.471770043=https://twitter.com/aefakibaba&entry.1108662262=26355&usp=pp_url
",No,No,No,Male
nasreenakhan006,"https://docs.google.com/forms/d/e/1FAIpQLSeFf-DH8zs9gbESljXLtJb1g2xBtRpLgIOEwwvN6BeyDADq4w/viewform?entry.471770043=https://twitter.com/NasreenaKhan006&entry.1108662262=26355&usp=pp_url
",No,Not sure,No,Not sure
mevvzualevilere,"https://docs.google.com/forms/d/e/1FAIpQLSeFf-DH8zs9gbESljXLtJb1g2xBtRpLgIOEwwvN6BeyDADq4w/viewform?entry.471770043=https://twitter.com/mevvzualevilere&entry.1108662262=26355&usp=pp_url
",No,No,Yes,Not sure
agericisavar,"https://docs.google.com/forms/d/e/1FAIpQLSeFf-DH8zs9gbESljXLtJb1g2xBtRpLgIOEwwvN6BeyDADq4w/viewform?entry.471770043=https://twitter.com/AGericisavar&entry.1108662262=26355&usp=pp_url
",No,No,Yes,Not sure
unalkoru,"https://docs.google.com/forms/d/e/1FAIpQLSeFf-DH8zs9gbESljXLtJb1g2xBtRpLgIOEwwvN6BeyDADq4w/viewform?entry.471770043=https://twitter.com/UNALKORU&entry.1108662262=26355&usp=pp_url
",No,Yes,No,Male
risingsurbhi,"https://docs.google.com/forms/d/e/1FAIpQLSeFf-DH8zs9gbESljXLtJb1g2xBtRpLgIOEwwvN6BeyDADq4w/viewform?entry.471770043=https://twitter.com/risingsurbhi&entry.1108662262=26355&usp=pp_url
",No,Yes,No,Female
mavi_yesil21,"https://docs.google.com/forms/d/e/1FAIpQLSeFf-DH8zs9gbESljXLtJb1g2xBtRpLgIOEwwvN6BeyDADq4w/viewform?entry.471770043=https://twitter.com/Mavi_Yesil21&entry.1108662262=26355&usp=pp_url
",No,Yes,No,Male
uozbil,"https://docs.google.com/forms/d/e/1FAIpQLSeFf-DH8zs9gbESljXLtJb1g2xBtRpLgIOEwwvN6BeyDADq4w/viewform?entry.471770043=https://twitter.com/UOzbil&entry.1108662262=26355&usp=pp_url
",No,No,No,Male
bomboshspp,"https://docs.google.com/forms/d/e/1FAIpQLSeFf-DH8zs9gbESljXLtJb1g2xBtRpLgIOEwwvN6BeyDADq4w/viewform?entry.471770043=https://twitter.com/bomboshspp&entry.1108662262=26355&usp=pp_url
",No,No,No,Female
muslumansesi,"https://docs.google.com/forms/d/e/1FAIpQLSeFf-DH8zs9gbESljXLtJb1g2xBtRpLgIOEwwvN6BeyDADq4w/viewform?entry.471770043=https://twitter.com/MuslumanSesi&entry.1108662262=26355&usp=pp_url
",Yes,Not sure,No,Not sure
raperinagei,"https://docs.google.com/forms/d/e/1FAIpQLSeFf-DH8zs9gbESljXLtJb1g2xBtRpLgIOEwwvN6BeyDADq4w/viewform?entry.471770043=https://twitter.com/RaperinaGeI&entry.1108662262=26355&usp=pp_url
",Yes,No,No,Not sure
kaader___,"https://docs.google.com/forms/d/e/1FAIpQLSeFf-DH8zs9gbESljXLtJb1g2xBtRpLgIOEwwvN6BeyDADq4w/viewform?entry.471770043=https://twitter.com/kaader___&entry.1108662262=26355&usp=pp_url
",No,Not sure,Not sure,Female
cihanelii,"https://docs.google.com/forms/d/e/1FAIpQLSeFf-DH8zs9gbESljXLtJb1g2xBtRpLgIOEwwvN6BeyDADq4w/viewform?entry.471770043=https://twitter.com/CihanElii&entry.1108662262=26355&usp=pp_url
",No,No,No,Male
aliefeuygun,"https://docs.google.com/forms/d/e/1FAIpQLSeFf-DH8zs9gbESljXLtJb1g2xBtRpLgIOEwwvN6BeyDADq4w/viewform?entry.471770043=https://twitter.com/aliefeuygun&entry.1108662262=26355&usp=pp_url
",No,No,No,Male
memati20729906,"https://docs.google.com/forms/d/e/1FAIpQLSeFf-DH8zs9gbESljXLtJb1g2xBtRpLgIOEwwvN6BeyDADq4w/viewform?entry.471770043=https://twitter.com/Memati20729906&entry.1108662262=26355&usp=pp_url
",No,Yes,No,Male
0532_2338807,"https://docs.google.com/forms/d/e/1FAIpQLSeFf-DH8zs9gbESljXLtJb1g2xBtRpLgIOEwwvN6BeyDADq4w/viewform?entry.471770043=https://twitter.com/0532_2338807&entry.1108662262=26355&usp=pp_url
",No,No,No,Not sure
ragippirin,"https://docs.google.com/forms/d/e/1FAIpQLSeFf-DH8zs9gbESljXLtJb1g2xBtRpLgIOEwwvN6BeyDADq4w/viewform?entry.471770043=https://twitter.com/ragippirin&entry.1108662262=26355&usp=pp_url
",No,Not sure,No,Male
