,url,sentiment,isExperiential,isPolitical,isInsult,topics
1452348722810138646,"https://docs.google.com/forms/d/e/1FAIpQLSffZugycOX3tUHW3uGhn5Cw0pj0fJDeIQf5oJ3EzZ-2vuj6Gg/viewform?entry.1274744182=https://twitter.com/RecepGn35880222/status/1452348722810138646&entry.653903203=26838&usp=pp_url
",Negative,No,Yes,Yes,"['Economy', 'Inflation&poverty']"
1596604813504294918,"https://docs.google.com/forms/d/e/1FAIpQLSffZugycOX3tUHW3uGhn5Cw0pj0fJDeIQf5oJ3EzZ-2vuj6Gg/viewform?entry.1274744182=https://twitter.com/TURKAMUT/status/1596604813504294918&entry.653903203=26838&usp=pp_url
",Neutral,No,Yes,No,"['Inflation&poverty', 'Unemployment']"
1388511864297070592,"https://docs.google.com/forms/d/e/1FAIpQLSffZugycOX3tUHW3uGhn5Cw0pj0fJDeIQf5oJ3EzZ-2vuj6Gg/viewform?entry.1274744182=https://twitter.com/polimerazzz/status/1388511864297070592&entry.653903203=26838&usp=pp_url
",Negative,Yes,No,No,"['Unemployment', 'Education']"
1588915997859545089,"https://docs.google.com/forms/d/e/1FAIpQLSffZugycOX3tUHW3uGhn5Cw0pj0fJDeIQf5oJ3EzZ-2vuj6Gg/viewform?entry.1274744182=https://twitter.com/MalcokFatih/status/1588915997859545089&entry.653903203=26838&usp=pp_url
",Negative,Yes,No,No,['Nationalsecurity']
1549842399479926786,"https://docs.google.com/forms/d/e/1FAIpQLSffZugycOX3tUHW3uGhn5Cw0pj0fJDeIQf5oJ3EzZ-2vuj6Gg/viewform?entry.1274744182=https://twitter.com/brk559/status/1549842399479926786&entry.653903203=26838&usp=pp_url
",Neutral,No,Yes,No,"['Education', 'Health', 'Crime&justice']"
1569589330544398336,"https://docs.google.com/forms/d/e/1FAIpQLSffZugycOX3tUHW3uGhn5Cw0pj0fJDeIQf5oJ3EzZ-2vuj6Gg/viewform?entry.1274744182=https://twitter.com/AhSuCilginUzman/status/1569589330544398336&entry.653903203=26838&usp=pp_url
",Positive,No,No,No,"['Terrorism', 'Nationalsecurity']"
1588936302086737925,"https://docs.google.com/forms/d/e/1FAIpQLSffZugycOX3tUHW3uGhn5Cw0pj0fJDeIQf5oJ3EzZ-2vuj6Gg/viewform?entry.1274744182=https://twitter.com/FatmaTo51920177/status/1588936302086737925&entry.653903203=26838&usp=pp_url
",Neutral,No,Yes,No,['Economy']
1589684988899119104,"https://docs.google.com/forms/d/e/1FAIpQLSffZugycOX3tUHW3uGhn5Cw0pj0fJDeIQf5oJ3EzZ-2vuj6Gg/viewform?entry.1274744182=https://twitter.com/ZeynepTop80/status/1589684988899119104&entry.653903203=26838&usp=pp_url
",Neutral,No,Yes,No,['Unemployment']
1378112241006952450,"https://docs.google.com/forms/d/e/1FAIpQLSffZugycOX3tUHW3uGhn5Cw0pj0fJDeIQf5oJ3EzZ-2vuj6Gg/viewform?entry.1274744182=https://twitter.com/BKZeyve/status/1378112241006952450&entry.653903203=26838&usp=pp_url
",Negative,No,No,Yes,['Advertisement']
1596233602886701057,"https://docs.google.com/forms/d/e/1FAIpQLSffZugycOX3tUHW3uGhn5Cw0pj0fJDeIQf5oJ3EzZ-2vuj6Gg/viewform?entry.1274744182=https://twitter.com/HanAlp14/status/1596233602886701057&entry.653903203=26838&usp=pp_url
",Neutral,No,Yes,No,"['Democracy', 'Election']"
1391681495622995971,"https://docs.google.com/forms/d/e/1FAIpQLSffZugycOX3tUHW3uGhn5Cw0pj0fJDeIQf5oJ3EzZ-2vuj6Gg/viewform?entry.1274744182=https://twitter.com/lindslenation/status/1391681495622995971&entry.653903203=26838&usp=pp_url
",Neutral,No,No,No,['nan']
1564926450096013313,"https://docs.google.com/forms/d/e/1FAIpQLSffZugycOX3tUHW3uGhn5Cw0pj0fJDeIQf5oJ3EzZ-2vuj6Gg/viewform?entry.1274744182=https://twitter.com/sbolusonsoz/status/1564926450096013313&entry.653903203=26838&usp=pp_url
",Neutral,Yes,No,No,"['Advertisement', 'News']"
1380062876325531653,"https://docs.google.com/forms/d/e/1FAIpQLSffZugycOX3tUHW3uGhn5Cw0pj0fJDeIQf5oJ3EzZ-2vuj6Gg/viewform?entry.1274744182=https://twitter.com/leventergl2/status/1380062876325531653&entry.653903203=26838&usp=pp_url
",Neutral,No,No,No,['Religion']
1593217001530740737,"https://docs.google.com/forms/d/e/1FAIpQLSffZugycOX3tUHW3uGhn5Cw0pj0fJDeIQf5oJ3EzZ-2vuj6Gg/viewform?entry.1274744182=https://twitter.com/sskilicarslan/status/1593217001530740737&entry.653903203=26838&usp=pp_url
",Negative,No,No,Yes,['nan']
1596222297324806145,"https://docs.google.com/forms/d/e/1FAIpQLSffZugycOX3tUHW3uGhn5Cw0pj0fJDeIQf5oJ3EzZ-2vuj6Gg/viewform?entry.1274744182=https://twitter.com/Elifcnozupek/status/1596222297324806145&entry.653903203=26838&usp=pp_url
",Positive,No,No,No,['Economy']
1590919807956037632,"https://docs.google.com/forms/d/e/1FAIpQLSffZugycOX3tUHW3uGhn5Cw0pj0fJDeIQf5oJ3EzZ-2vuj6Gg/viewform?entry.1274744182=https://twitter.com/KYLBRHM/status/1590919807956037632&entry.653903203=26838&usp=pp_url
",Neutral,Yes,No,No,"['Unemployment', 'Crime&justice']"
1574877632516202507,"https://docs.google.com/forms/d/e/1FAIpQLSffZugycOX3tUHW3uGhn5Cw0pj0fJDeIQf5oJ3EzZ-2vuj6Gg/viewform?entry.1274744182=https://twitter.com/deri_pervin/status/1574877632516202507&entry.653903203=26838&usp=pp_url
",Neutral,Yes,Yes,No,"['Inflation&poverty', 'Education', 'Democracy', 'Election', 'Crime&justice', 'Terrorism']"
1597256187325878273,"https://docs.google.com/forms/d/e/1FAIpQLSffZugycOX3tUHW3uGhn5Cw0pj0fJDeIQf5oJ3EzZ-2vuj6Gg/viewform?entry.1274744182=https://twitter.com/S_K_A_R_T_A_L_/status/1597256187325878273&entry.653903203=26838&usp=pp_url
",Negative,No,No,Yes,['Music&TV']
1595530008902209536,"https://docs.google.com/forms/d/e/1FAIpQLSffZugycOX3tUHW3uGhn5Cw0pj0fJDeIQf5oJ3EzZ-2vuj6Gg/viewform?entry.1274744182=https://twitter.com/keles_fatih_/status/1595530008902209536&entry.653903203=26838&usp=pp_url
",Negative,Yes,No,No,['Crime&justice']
1384499047390658560,"https://docs.google.com/forms/d/e/1FAIpQLSffZugycOX3tUHW3uGhn5Cw0pj0fJDeIQf5oJ3EzZ-2vuj6Gg/viewform?entry.1274744182=https://twitter.com/HANJSUNGBOT/status/1384499047390658560&entry.653903203=26838&usp=pp_url
",Neutral,No,No,No,['nan']
1352748766307225600,"https://docs.google.com/forms/d/e/1FAIpQLSffZugycOX3tUHW3uGhn5Cw0pj0fJDeIQf5oJ3EzZ-2vuj6Gg/viewform?entry.1274744182=https://twitter.com/areinaart/status/1352748766307225600&entry.653903203=26838&usp=pp_url
",Neutral,No,No,No,['nan']
1590061989321023488,"https://docs.google.com/forms/d/e/1FAIpQLSffZugycOX3tUHW3uGhn5Cw0pj0fJDeIQf5oJ3EzZ-2vuj6Gg/viewform?entry.1274744182=https://twitter.com/PMoscorti/status/1590061989321023488&entry.653903203=26838&usp=pp_url
",Positive,Yes,No,No,['Unemployment']
1594436261703557122,"https://docs.google.com/forms/d/e/1FAIpQLSffZugycOX3tUHW3uGhn5Cw0pj0fJDeIQf5oJ3EzZ-2vuj6Gg/viewform?entry.1274744182=https://twitter.com/iLaYniCaL/status/1594436261703557122&entry.653903203=26838&usp=pp_url
",Negative,No,No,Yes,"['Terrorism', 'Minorities&discrimination']"
1548636597628899328,"https://docs.google.com/forms/d/e/1FAIpQLSffZugycOX3tUHW3uGhn5Cw0pj0fJDeIQf5oJ3EzZ-2vuj6Gg/viewform?entry.1274744182=https://twitter.com/canbulut3460/status/1548636597628899328&entry.653903203=26838&usp=pp_url
",Neutral,No,Yes,No,['Education']
1596501798839549953,"https://docs.google.com/forms/d/e/1FAIpQLSffZugycOX3tUHW3uGhn5Cw0pj0fJDeIQf5oJ3EzZ-2vuj6Gg/viewform?entry.1274744182=https://twitter.com/betl2_mina/status/1596501798839549953&entry.653903203=26838&usp=pp_url
",Neutral,No,Yes,No,"['Democracy', 'Election']"
1574442087646388224,"https://docs.google.com/forms/d/e/1FAIpQLSffZugycOX3tUHW3uGhn5Cw0pj0fJDeIQf5oJ3EzZ-2vuj6Gg/viewform?entry.1274744182=https://twitter.com/63Leventsava63/status/1574442087646388224&entry.653903203=26838&usp=pp_url
",Positive,No,Yes,No,['News']
1592120408073203712,"https://docs.google.com/forms/d/e/1FAIpQLSffZugycOX3tUHW3uGhn5Cw0pj0fJDeIQf5oJ3EzZ-2vuj6Gg/viewform?entry.1274744182=https://twitter.com/shingensbanner/status/1592120408073203712&entry.653903203=26838&usp=pp_url
",Negative,No,Yes,Yes,"['Crime&justice', 'Nationalsecurity']"
1558257914216960001,"https://docs.google.com/forms/d/e/1FAIpQLSffZugycOX3tUHW3uGhn5Cw0pj0fJDeIQf5oJ3EzZ-2vuj6Gg/viewform?entry.1274744182=https://twitter.com/imcatwoman0/status/1558257914216960001&entry.653903203=26838&usp=pp_url
",Neutral,No,No,No,['nan']
1551163840368414722,"https://docs.google.com/forms/d/e/1FAIpQLSffZugycOX3tUHW3uGhn5Cw0pj0fJDeIQf5oJ3EzZ-2vuj6Gg/viewform?entry.1274744182=https://twitter.com/SED58417690/status/1551163840368414722&entry.653903203=26838&usp=pp_url
",Neutral,Yes,No,No,"['Education', 'Crime&justice']"
1567523183158337541,"https://docs.google.com/forms/d/e/1FAIpQLSffZugycOX3tUHW3uGhn5Cw0pj0fJDeIQf5oJ3EzZ-2vuj6Gg/viewform?entry.1274744182=https://twitter.com/karakizde/status/1567523183158337541&entry.653903203=26838&usp=pp_url
",Neutral,Yes,No,No,['Unemployment']
1347156713443651592,"https://docs.google.com/forms/d/e/1FAIpQLSffZugycOX3tUHW3uGhn5Cw0pj0fJDeIQf5oJ3EzZ-2vuj6Gg/viewform?entry.1274744182=https://twitter.com/fidelekin/status/1347156713443651592&entry.653903203=26838&usp=pp_url
",Negative,No,Yes,Yes,['Terrorism']
1582240035168215040,"https://docs.google.com/forms/d/e/1FAIpQLSffZugycOX3tUHW3uGhn5Cw0pj0fJDeIQf5oJ3EzZ-2vuj6Gg/viewform?entry.1274744182=https://twitter.com/Hadimulislam34/status/1582240035168215040&entry.653903203=26838&usp=pp_url
",Neutral,No,No,No,['Unemployment']
1586279180983042050,"https://docs.google.com/forms/d/e/1FAIpQLSffZugycOX3tUHW3uGhn5Cw0pj0fJDeIQf5oJ3EzZ-2vuj6Gg/viewform?entry.1274744182=https://twitter.com/editeketu/status/1586279180983042050&entry.653903203=26838&usp=pp_url
",Negative,No,Yes,Yes,"['Terrorism', 'Nationalsecurity', 'Foreignpolicy']"
1357842103850663940,"https://docs.google.com/forms/d/e/1FAIpQLSffZugycOX3tUHW3uGhn5Cw0pj0fJDeIQf5oJ3EzZ-2vuj6Gg/viewform?entry.1274744182=https://twitter.com/IIsmmaiil_/status/1357842103850663940&entry.653903203=26838&usp=pp_url
",Negative,No,Yes,No,['Election']
1594384777360154624,"https://docs.google.com/forms/d/e/1FAIpQLSffZugycOX3tUHW3uGhn5Cw0pj0fJDeIQf5oJ3EzZ-2vuj6Gg/viewform?entry.1274744182=https://twitter.com/HuErdemMm/status/1594384777360154624&entry.653903203=26838&usp=pp_url
",Positive,Yes,No,No,['Unemployment']
1545002009522311168,"https://docs.google.com/forms/d/e/1FAIpQLSffZugycOX3tUHW3uGhn5Cw0pj0fJDeIQf5oJ3EzZ-2vuj6Gg/viewform?entry.1274744182=https://twitter.com/kcemeren/status/1545002009522311168&entry.653903203=26838&usp=pp_url
",Negative,No,Yes,No,['Crime&justice']
1567137357110861827,"https://docs.google.com/forms/d/e/1FAIpQLSffZugycOX3tUHW3uGhn5Cw0pj0fJDeIQf5oJ3EzZ-2vuj6Gg/viewform?entry.1274744182=https://twitter.com/DevrimKRDLN/status/1567137357110861827&entry.653903203=26838&usp=pp_url
",Neutral,No,No,No,"['Unemployment', 'Education']"
1567256445179117570,"https://docs.google.com/forms/d/e/1FAIpQLSffZugycOX3tUHW3uGhn5Cw0pj0fJDeIQf5oJ3EzZ-2vuj6Gg/viewform?entry.1274744182=https://twitter.com/mynet/status/1567256445179117570&entry.653903203=26838&usp=pp_url
",Neutral,Yes,No,No,['Foreignpolicy']
1583220989592096770,"https://docs.google.com/forms/d/e/1FAIpQLSffZugycOX3tUHW3uGhn5Cw0pj0fJDeIQf5oJ3EzZ-2vuj6Gg/viewform?entry.1274744182=https://twitter.com/AhmetAk20090670/status/1583220989592096770&entry.653903203=26838&usp=pp_url
",Positive,No,Yes,No,['Corruption']
1586021183958704128,"https://docs.google.com/forms/d/e/1FAIpQLSffZugycOX3tUHW3uGhn5Cw0pj0fJDeIQf5oJ3EzZ-2vuj6Gg/viewform?entry.1274744182=https://twitter.com/spytron/status/1586021183958704128&entry.653903203=26838&usp=pp_url
",Neutral,No,Yes,No,['Election']
1570475235870232576,"https://docs.google.com/forms/d/e/1FAIpQLSffZugycOX3tUHW3uGhn5Cw0pj0fJDeIQf5oJ3EzZ-2vuj6Gg/viewform?entry.1274744182=https://twitter.com/busquennto/status/1570475235870232576&entry.653903203=26838&usp=pp_url
",Negative,No,No,No,['Unemployment']
1583477966373543936,"https://docs.google.com/forms/d/e/1FAIpQLSffZugycOX3tUHW3uGhn5Cw0pj0fJDeIQf5oJ3EzZ-2vuj6Gg/viewform?entry.1274744182=https://twitter.com/tr3424910214991/status/1583477966373543936&entry.653903203=26838&usp=pp_url
",Positive,No,Yes,No,"['Election', 'Terrorism', 'Foreignpolicy']"
1352635736537882629,"https://docs.google.com/forms/d/e/1FAIpQLSffZugycOX3tUHW3uGhn5Cw0pj0fJDeIQf5oJ3EzZ-2vuj6Gg/viewform?entry.1274744182=https://twitter.com/Limit_less_Life/status/1352635736537882629&entry.653903203=26838&usp=pp_url
",Neutral,Yes,No,No,['Health']
1595158392511016960,"https://docs.google.com/forms/d/e/1FAIpQLSffZugycOX3tUHW3uGhn5Cw0pj0fJDeIQf5oJ3EzZ-2vuj6Gg/viewform?entry.1274744182=https://twitter.com/SeherKus7/status/1595158392511016960&entry.653903203=26838&usp=pp_url
",Positive,No,Yes,No,['Unemployment']
1584789088036876288,"https://docs.google.com/forms/d/e/1FAIpQLSffZugycOX3tUHW3uGhn5Cw0pj0fJDeIQf5oJ3EzZ-2vuj6Gg/viewform?entry.1274744182=https://twitter.com/AYHANER08068836/status/1584789088036876288&entry.653903203=26838&usp=pp_url
",Positive,Yes,No,No,"['Terrorism', 'Nationalsecurity']"
1585247376943779840,"https://docs.google.com/forms/d/e/1FAIpQLSffZugycOX3tUHW3uGhn5Cw0pj0fJDeIQf5oJ3EzZ-2vuj6Gg/viewform?entry.1274744182=https://twitter.com/07Osman19/status/1585247376943779840&entry.653903203=26838&usp=pp_url
",Negative,No,Yes,No,"['Democracy', 'Election']"
1588568792984346624,"https://docs.google.com/forms/d/e/1FAIpQLSffZugycOX3tUHW3uGhn5Cw0pj0fJDeIQf5oJ3EzZ-2vuj6Gg/viewform?entry.1274744182=https://twitter.com/Maviruh_/status/1588568792984346624&entry.653903203=26838&usp=pp_url
",Neutral,Yes,No,No,['Unemployment']
1427314969863987201,"https://docs.google.com/forms/d/e/1FAIpQLSffZugycOX3tUHW3uGhn5Cw0pj0fJDeIQf5oJ3EzZ-2vuj6Gg/viewform?entry.1274744182=https://twitter.com/UGulerses/status/1427314969863987201&entry.653903203=26838&usp=pp_url
",Negative,No,No,No,"['Terrorism', 'Nationalsecurity']"
1588271862127235072,"https://docs.google.com/forms/d/e/1FAIpQLSffZugycOX3tUHW3uGhn5Cw0pj0fJDeIQf5oJ3EzZ-2vuj6Gg/viewform?entry.1274744182=https://twitter.com/osmansonmez19/status/1588271862127235072&entry.653903203=26838&usp=pp_url
",Neutral,No,No,No,['Unemployment']
1587363638981132289,"https://docs.google.com/forms/d/e/1FAIpQLSffZugycOX3tUHW3uGhn5Cw0pj0fJDeIQf5oJ3EzZ-2vuj6Gg/viewform?entry.1274744182=https://twitter.com/bilisimuz/status/1587363638981132289&entry.653903203=26838&usp=pp_url
",Neutral,No,Yes,No,['Crime&justice']
1358821281349718024,"https://docs.google.com/forms/d/e/1FAIpQLSffZugycOX3tUHW3uGhn5Cw0pj0fJDeIQf5oJ3EzZ-2vuj6Gg/viewform?entry.1274744182=https://twitter.com/OgrenciSen_/status/1358821281349718024&entry.653903203=26838&usp=pp_url
",Neutral,Yes,Yes,No,"['Education', 'Crime&justice']"
1588452263047069697,"https://docs.google.com/forms/d/e/1FAIpQLSffZugycOX3tUHW3uGhn5Cw0pj0fJDeIQf5oJ3EzZ-2vuj6Gg/viewform?entry.1274744182=https://twitter.com/mtfdan/status/1588452263047069697&entry.653903203=26838&usp=pp_url
",Negative,No,Yes,No,['Election']
1570758749606019073,"https://docs.google.com/forms/d/e/1FAIpQLSffZugycOX3tUHW3uGhn5Cw0pj0fJDeIQf5oJ3EzZ-2vuj6Gg/viewform?entry.1274744182=https://twitter.com/AtasogluRecep/status/1570758749606019073&entry.653903203=26838&usp=pp_url
",Positive,Yes,Yes,No,['News']
1586194175195639808,"https://docs.google.com/forms/d/e/1FAIpQLSffZugycOX3tUHW3uGhn5Cw0pj0fJDeIQf5oJ3EzZ-2vuj6Gg/viewform?entry.1274744182=https://twitter.com/CumaKaradal/status/1586194175195639808&entry.653903203=26838&usp=pp_url
",Neutral,Yes,No,No,['News']
1589915701946425344,"https://docs.google.com/forms/d/e/1FAIpQLSffZugycOX3tUHW3uGhn5Cw0pj0fJDeIQf5oJ3EzZ-2vuj6Gg/viewform?entry.1274744182=https://twitter.com/BesirBozsobaci/status/1589915701946425344&entry.653903203=26838&usp=pp_url
",Neutral,No,Yes,No,"['Democracy', 'Election']"
1598008196781654016,"https://docs.google.com/forms/d/e/1FAIpQLSffZugycOX3tUHW3uGhn5Cw0pj0fJDeIQf5oJ3EzZ-2vuj6Gg/viewform?entry.1274744182=https://twitter.com/Enes_cskunn/status/1598008196781654016&entry.653903203=26838&usp=pp_url
",Neutral,Yes,Yes,No,"['Unemployment', 'Election']"
1591441781857701889,"https://docs.google.com/forms/d/e/1FAIpQLSffZugycOX3tUHW3uGhn5Cw0pj0fJDeIQf5oJ3EzZ-2vuj6Gg/viewform?entry.1274744182=https://twitter.com/Ramazan32832143/status/1591441781857701889&entry.653903203=26838&usp=pp_url
",Neutral,No,No,No,['nan']
1593649159009099777,"https://docs.google.com/forms/d/e/1FAIpQLSffZugycOX3tUHW3uGhn5Cw0pj0fJDeIQf5oJ3EzZ-2vuj6Gg/viewform?entry.1274744182=https://twitter.com/Ahmetbaran70/status/1593649159009099777&entry.653903203=26838&usp=pp_url
",Negative,No,Yes,No,['Election']
1550230130223636480,"https://docs.google.com/forms/d/e/1FAIpQLSffZugycOX3tUHW3uGhn5Cw0pj0fJDeIQf5oJ3EzZ-2vuj6Gg/viewform?entry.1274744182=https://twitter.com/mny1628/status/1550230130223636480&entry.653903203=26838&usp=pp_url
",Neutral,No,Yes,No,"['Religion', 'Election']"
1422653702674976768,"https://docs.google.com/forms/d/e/1FAIpQLSffZugycOX3tUHW3uGhn5Cw0pj0fJDeIQf5oJ3EzZ-2vuj6Gg/viewform?entry.1274744182=https://twitter.com/Poison_1905/status/1422653702674976768&entry.653903203=26838&usp=pp_url
",Neutral,No,No,No,['nan']
1559963768372740098,"https://docs.google.com/forms/d/e/1FAIpQLSffZugycOX3tUHW3uGhn5Cw0pj0fJDeIQf5oJ3EzZ-2vuj6Gg/viewform?entry.1274744182=https://twitter.com/awfhdsr6/status/1559963768372740098&entry.653903203=26838&usp=pp_url
",Neutral,Yes,No,No,"['Economy', 'Unemployment']"
1584930654953041920,"https://docs.google.com/forms/d/e/1FAIpQLSffZugycOX3tUHW3uGhn5Cw0pj0fJDeIQf5oJ3EzZ-2vuj6Gg/viewform?entry.1274744182=https://twitter.com/14haydar14/status/1584930654953041920&entry.653903203=26838&usp=pp_url
",Neutral,Yes,Yes,No,"['Unemployment', 'Education']"
1590025948065599488,"https://docs.google.com/forms/d/e/1FAIpQLSffZugycOX3tUHW3uGhn5Cw0pj0fJDeIQf5oJ3EzZ-2vuj6Gg/viewform?entry.1274744182=https://twitter.com/Mahkum08435581/status/1590025948065599488&entry.653903203=26838&usp=pp_url
",Positive,Yes,No,No,"['Unemployment', 'Crime&justice']"
1590663767414964224,"https://docs.google.com/forms/d/e/1FAIpQLSffZugycOX3tUHW3uGhn5Cw0pj0fJDeIQf5oJ3EzZ-2vuj6Gg/viewform?entry.1274744182=https://twitter.com/H_Basri_Yorukgl/status/1590663767414964224&entry.653903203=26838&usp=pp_url
",Neutral,No,No,No,['Crime&justice']
1594246341969985544,"https://docs.google.com/forms/d/e/1FAIpQLSffZugycOX3tUHW3uGhn5Cw0pj0fJDeIQf5oJ3EzZ-2vuj6Gg/viewform?entry.1274744182=https://twitter.com/ibrahimavcu10/status/1594246341969985544&entry.653903203=26838&usp=pp_url
",Neutral,No,No,No,"['Economy', 'Inflation&poverty']"
1597512443328167936,"https://docs.google.com/forms/d/e/1FAIpQLSffZugycOX3tUHW3uGhn5Cw0pj0fJDeIQf5oJ3EzZ-2vuj6Gg/viewform?entry.1274744182=https://twitter.com/MehmetA41362904/status/1597512443328167936&entry.653903203=26838&usp=pp_url
",Neutral,Yes,Yes,No,"['Corruption', 'Crime&justice']"
1597138789108895744,"https://docs.google.com/forms/d/e/1FAIpQLSffZugycOX3tUHW3uGhn5Cw0pj0fJDeIQf5oJ3EzZ-2vuj6Gg/viewform?entry.1274744182=https://twitter.com/UYYAZAN/status/1597138789108895744&entry.653903203=26838&usp=pp_url
",Neutral,No,Yes,No,['Unemployment']
1585325054010589184,"https://docs.google.com/forms/d/e/1FAIpQLSffZugycOX3tUHW3uGhn5Cw0pj0fJDeIQf5oJ3EzZ-2vuj6Gg/viewform?entry.1274744182=https://twitter.com/Uzunkaya5/status/1585325054010589184&entry.653903203=26838&usp=pp_url
",Positive,Yes,Yes,No,['Democracy']
1595109877378322433,"https://docs.google.com/forms/d/e/1FAIpQLSffZugycOX3tUHW3uGhn5Cw0pj0fJDeIQf5oJ3EzZ-2vuj6Gg/viewform?entry.1274744182=https://twitter.com/SaydamHavva/status/1595109877378322433&entry.653903203=26838&usp=pp_url
",Positive,No,Yes,No,"['Unemployment', 'Election']"
1598036467871543296,"https://docs.google.com/forms/d/e/1FAIpQLSffZugycOX3tUHW3uGhn5Cw0pj0fJDeIQf5oJ3EzZ-2vuj6Gg/viewform?entry.1274744182=https://twitter.com/Bakurtescilmm1/status/1598036467871543296&entry.653903203=26838&usp=pp_url
",Neutral,Yes,No,No,"['Economy', 'Crime&justice']"
1594841900821139457,"https://docs.google.com/forms/d/e/1FAIpQLSffZugycOX3tUHW3uGhn5Cw0pj0fJDeIQf5oJ3EzZ-2vuj6Gg/viewform?entry.1274744182=https://twitter.com/IronikkL/status/1594841900821139457&entry.653903203=26838&usp=pp_url
",Negative,No,Yes,No,['Terrorism']
1584922292127256577,"https://docs.google.com/forms/d/e/1FAIpQLSffZugycOX3tUHW3uGhn5Cw0pj0fJDeIQf5oJ3EzZ-2vuj6Gg/viewform?entry.1274744182=https://twitter.com/Mustafa07247418/status/1584922292127256577&entry.653903203=26838&usp=pp_url
",Neutral,No,Yes,No,['Election']
1427339600083791885,"https://docs.google.com/forms/d/e/1FAIpQLSffZugycOX3tUHW3uGhn5Cw0pj0fJDeIQf5oJ3EzZ-2vuj6Gg/viewform?entry.1274744182=https://twitter.com/YunusGn52/status/1427339600083791885&entry.653903203=26838&usp=pp_url
",Neutral,No,No,Yes,['Sports']
1365726640416976906,"https://docs.google.com/forms/d/e/1FAIpQLSffZugycOX3tUHW3uGhn5Cw0pj0fJDeIQf5oJ3EzZ-2vuj6Gg/viewform?entry.1274744182=https://twitter.com/minminsoz/status/1365726640416976906&entry.653903203=26838&usp=pp_url
",Neutral,No,No,No,['nan']
1586752035545907206,"https://docs.google.com/forms/d/e/1FAIpQLSffZugycOX3tUHW3uGhn5Cw0pj0fJDeIQf5oJ3EzZ-2vuj6Gg/viewform?entry.1274744182=https://twitter.com/muhammetasln33/status/1586752035545907206&entry.653903203=26838&usp=pp_url
",Positive,Yes,Yes,No,['Nationalsecurity']
1597652111722188801,"https://docs.google.com/forms/d/e/1FAIpQLSffZugycOX3tUHW3uGhn5Cw0pj0fJDeIQf5oJ3EzZ-2vuj6Gg/viewform?entry.1274744182=https://twitter.com/meleksari06___/status/1597652111722188801&entry.653903203=26838&usp=pp_url
",Neutral,Yes,No,No,"['Unemployment', 'Election']"
1389837680427642882,"https://docs.google.com/forms/d/e/1FAIpQLSffZugycOX3tUHW3uGhn5Cw0pj0fJDeIQf5oJ3EzZ-2vuj6Gg/viewform?entry.1274744182=https://twitter.com/mstfunuvar/status/1389837680427642882&entry.653903203=26838&usp=pp_url
",Neutral,No,No,No,['nan']
1597958373173268480,"https://docs.google.com/forms/d/e/1FAIpQLSffZugycOX3tUHW3uGhn5Cw0pj0fJDeIQf5oJ3EzZ-2vuj6Gg/viewform?entry.1274744182=https://twitter.com/mehmetunveren/status/1597958373173268480&entry.653903203=26838&usp=pp_url
",Positive,No,Yes,No,['Election']
1550720332419440641,"https://docs.google.com/forms/d/e/1FAIpQLSffZugycOX3tUHW3uGhn5Cw0pj0fJDeIQf5oJ3EzZ-2vuj6Gg/viewform?entry.1274744182=https://twitter.com/Semanur87355458/status/1550720332419440641&entry.653903203=26838&usp=pp_url
",Positive,Yes,No,No,"['Health', 'Crime&justice']"
1588993204783050752,"https://docs.google.com/forms/d/e/1FAIpQLSffZugycOX3tUHW3uGhn5Cw0pj0fJDeIQf5oJ3EzZ-2vuj6Gg/viewform?entry.1274744182=https://twitter.com/engineerworker/status/1588993204783050752&entry.653903203=26838&usp=pp_url
",Neutral,Yes,No,No,"['Inflation&poverty', 'Unemployment', 'Crime&justice']"
1596277097991114752,"https://docs.google.com/forms/d/e/1FAIpQLSffZugycOX3tUHW3uGhn5Cw0pj0fJDeIQf5oJ3EzZ-2vuj6Gg/viewform?entry.1274744182=https://twitter.com/sendemmii/status/1596277097991114752&entry.653903203=26838&usp=pp_url
",Negative,No,Yes,No,"['Economy', 'Foreignpolicy']"
1586961554284707840,"https://docs.google.com/forms/d/e/1FAIpQLSffZugycOX3tUHW3uGhn5Cw0pj0fJDeIQf5oJ3EzZ-2vuj6Gg/viewform?entry.1274744182=https://twitter.com/NevzatAgan2/status/1586961554284707840&entry.653903203=26838&usp=pp_url
",Positive,No,Yes,No,['Economy']
1407921226656280580,"https://docs.google.com/forms/d/e/1FAIpQLSffZugycOX3tUHW3uGhn5Cw0pj0fJDeIQf5oJ3EzZ-2vuj6Gg/viewform?entry.1274744182=https://twitter.com/adorablesadboy/status/1407921226656280580&entry.653903203=26838&usp=pp_url
",Neutral,No,No,No,['nan']
1591831034689392643,"https://docs.google.com/forms/d/e/1FAIpQLSffZugycOX3tUHW3uGhn5Cw0pj0fJDeIQf5oJ3EzZ-2vuj6Gg/viewform?entry.1274744182=https://twitter.com/kinimiv64033795/status/1591831034689392643&entry.653903203=26838&usp=pp_url
",Neutral,No,No,No,"['Terrorism', 'Foreignpolicy']"
1596950361843314689,"https://docs.google.com/forms/d/e/1FAIpQLSffZugycOX3tUHW3uGhn5Cw0pj0fJDeIQf5oJ3EzZ-2vuj6Gg/viewform?entry.1274744182=https://twitter.com/omerkocak_63/status/1596950361843314689&entry.653903203=26838&usp=pp_url
",Neutral,No,No,No,"['Economy', 'Health', 'Crime&justice']"
1393082378072043520,"https://docs.google.com/forms/d/e/1FAIpQLSffZugycOX3tUHW3uGhn5Cw0pj0fJDeIQf5oJ3EzZ-2vuj6Gg/viewform?entry.1274744182=https://twitter.com/pro_magnum/status/1393082378072043520&entry.653903203=26838&usp=pp_url
",Negative,No,No,Yes,['Religion']
1413546708974329857,"https://docs.google.com/forms/d/e/1FAIpQLSffZugycOX3tUHW3uGhn5Cw0pj0fJDeIQf5oJ3EzZ-2vuj6Gg/viewform?entry.1274744182=https://twitter.com/dogan_alic/status/1413546708974329857&entry.653903203=26838&usp=pp_url
",Neutral,Yes,No,No,['Crime&justice']
1591797089134338048,"https://docs.google.com/forms/d/e/1FAIpQLSffZugycOX3tUHW3uGhn5Cw0pj0fJDeIQf5oJ3EzZ-2vuj6Gg/viewform?entry.1274744182=https://twitter.com/15binparamedik/status/1591797089134338048&entry.653903203=26838&usp=pp_url
",Positive,No,No,No,['Unemployment']
1598005173728993280,"https://docs.google.com/forms/d/e/1FAIpQLSffZugycOX3tUHW3uGhn5Cw0pj0fJDeIQf5oJ3EzZ-2vuj6Gg/viewform?entry.1274744182=https://twitter.com/Eryyasf/status/1598005173728993280&entry.653903203=26838&usp=pp_url
",Neutral,Yes,No,No,['Crime&justice']
1576653232323317760,"https://docs.google.com/forms/d/e/1FAIpQLSffZugycOX3tUHW3uGhn5Cw0pj0fJDeIQf5oJ3EzZ-2vuj6Gg/viewform?entry.1274744182=https://twitter.com/beththemac/status/1576653232323317760&entry.653903203=26838&usp=pp_url
",Neutral,Yes,No,No,"['Unemployment', 'Crime&justice']"
1593653435106205696,"https://docs.google.com/forms/d/e/1FAIpQLSffZugycOX3tUHW3uGhn5Cw0pj0fJDeIQf5oJ3EzZ-2vuj6Gg/viewform?entry.1274744182=https://twitter.com/ragippirin/status/1593653435106205696&entry.653903203=26838&usp=pp_url
",Neutral,Yes,No,No,"['Unemployment', 'Crime&justice']"
1594773120140845056,"https://docs.google.com/forms/d/e/1FAIpQLSffZugycOX3tUHW3uGhn5Cw0pj0fJDeIQf5oJ3EzZ-2vuj6Gg/viewform?entry.1274744182=https://twitter.com/YakupOsmnlioglu/status/1594773120140845056&entry.653903203=26838&usp=pp_url
",Positive,No,Yes,No,['Election']
1571843351699423233,"https://docs.google.com/forms/d/e/1FAIpQLSffZugycOX3tUHW3uGhn5Cw0pj0fJDeIQf5oJ3EzZ-2vuj6Gg/viewform?entry.1274744182=https://twitter.com/MBAYZEID/status/1571843351699423233&entry.653903203=26838&usp=pp_url
",Neutral,No,No,No,['nan']
1360849756231258112,"https://docs.google.com/forms/d/e/1FAIpQLSffZugycOX3tUHW3uGhn5Cw0pj0fJDeIQf5oJ3EzZ-2vuj6Gg/viewform?entry.1274744182=https://twitter.com/canyasiletisim/status/1360849756231258112&entry.653903203=26838&usp=pp_url
",Neutral,No,No,No,"['Advertisement', 'News']"
1416681526331383811,"https://docs.google.com/forms/d/e/1FAIpQLSffZugycOX3tUHW3uGhn5Cw0pj0fJDeIQf5oJ3EzZ-2vuj6Gg/viewform?entry.1274744182=https://twitter.com/BiriAman/status/1416681526331383811&entry.653903203=26838&usp=pp_url
",Positive,No,No,No,['Music&TV']
1577024342268837888,"https://docs.google.com/forms/d/e/1FAIpQLSffZugycOX3tUHW3uGhn5Cw0pj0fJDeIQf5oJ3EzZ-2vuj6Gg/viewform?entry.1274744182=https://twitter.com/HasAngarali/status/1577024342268837888&entry.653903203=26838&usp=pp_url
",Negative,Yes,Yes,No,['Crime&justice']
1553721372370665472,"https://docs.google.com/forms/d/e/1FAIpQLSffZugycOX3tUHW3uGhn5Cw0pj0fJDeIQf5oJ3EzZ-2vuj6Gg/viewform?entry.1274744182=https://twitter.com/Arzuylm95491236/status/1553721372370665472&entry.653903203=26838&usp=pp_url
",Neutral,No,Yes,No,['nan']
1590815547121618944,"https://docs.google.com/forms/d/e/1FAIpQLSffZugycOX3tUHW3uGhn5Cw0pj0fJDeIQf5oJ3EzZ-2vuj6Gg/viewform?entry.1274744182=https://twitter.com/aykutulugbey/status/1590815547121618944&entry.653903203=26838&usp=pp_url
",Negative,No,No,No,['Election']
1398018196431589377,"https://docs.google.com/forms/d/e/1FAIpQLSffZugycOX3tUHW3uGhn5Cw0pj0fJDeIQf5oJ3EzZ-2vuj6Gg/viewform?entry.1274744182=https://twitter.com/yokbeaycaa/status/1398018196431589377&entry.653903203=26838&usp=pp_url
",Neutral,No,No,No,['nan']
1593683345401053184,"https://docs.google.com/forms/d/e/1FAIpQLSffZugycOX3tUHW3uGhn5Cw0pj0fJDeIQf5oJ3EzZ-2vuj6Gg/viewform?entry.1274744182=https://twitter.com/Tubaime79309109/status/1593683345401053184&entry.653903203=26838&usp=pp_url
",Neutral,Yes,No,No,['Unemployment']
1433928040472514564,"https://docs.google.com/forms/d/e/1FAIpQLSffZugycOX3tUHW3uGhn5Cw0pj0fJDeIQf5oJ3EzZ-2vuj6Gg/viewform?entry.1274744182=https://twitter.com/Neru_JPOP/status/1433928040472514564&entry.653903203=26838&usp=pp_url
",Negative,Yes,Yes,No,['Election']
1433006599292047365,"https://docs.google.com/forms/d/e/1FAIpQLSffZugycOX3tUHW3uGhn5Cw0pj0fJDeIQf5oJ3EzZ-2vuj6Gg/viewform?entry.1274744182=https://twitter.com/Kubacikilkokulu/status/1433006599292047365&entry.653903203=26838&usp=pp_url
",Positive,Yes,No,No,['News']
1596394245874647040,"https://docs.google.com/forms/d/e/1FAIpQLSffZugycOX3tUHW3uGhn5Cw0pj0fJDeIQf5oJ3EzZ-2vuj6Gg/viewform?entry.1274744182=https://twitter.com/efendi_inan/status/1596394245874647040&entry.653903203=26838&usp=pp_url
",Negative,Yes,No,No,['News']
1388235183653011462,"https://docs.google.com/forms/d/e/1FAIpQLSffZugycOX3tUHW3uGhn5Cw0pj0fJDeIQf5oJ3EzZ-2vuj6Gg/viewform?entry.1274744182=https://twitter.com/tbzoc/status/1388235183653011462&entry.653903203=26838&usp=pp_url
",Neutral,No,No,No,['Sports']
1594242562537443331,"https://docs.google.com/forms/d/e/1FAIpQLSffZugycOX3tUHW3uGhn5Cw0pj0fJDeIQf5oJ3EzZ-2vuj6Gg/viewform?entry.1274744182=https://twitter.com/300ccc300/status/1594242562537443331&entry.653903203=26838&usp=pp_url
",Negative,No,No,No,['Health']
1413108476348354562,"https://docs.google.com/forms/d/e/1FAIpQLSffZugycOX3tUHW3uGhn5Cw0pj0fJDeIQf5oJ3EzZ-2vuj6Gg/viewform?entry.1274744182=https://twitter.com/arthmf1/status/1413108476348354562&entry.653903203=26838&usp=pp_url
",Neutral,No,No,No,['nan']
1596179374713491456,"https://docs.google.com/forms/d/e/1FAIpQLSffZugycOX3tUHW3uGhn5Cw0pj0fJDeIQf5oJ3EzZ-2vuj6Gg/viewform?entry.1274744182=https://twitter.com/FurkanE47086521/status/1596179374713491456&entry.653903203=26838&usp=pp_url
",Neutral,Yes,No,No,['Unemployment']
1442567934690435082,"https://docs.google.com/forms/d/e/1FAIpQLSffZugycOX3tUHW3uGhn5Cw0pj0fJDeIQf5oJ3EzZ-2vuj6Gg/viewform?entry.1274744182=https://twitter.com/Rosa49973104/status/1442567934690435082&entry.653903203=26838&usp=pp_url
",Positive,Yes,Yes,No,"['News', 'Education']"
1596555826478878720,"https://docs.google.com/forms/d/e/1FAIpQLSffZugycOX3tUHW3uGhn5Cw0pj0fJDeIQf5oJ3EzZ-2vuj6Gg/viewform?entry.1274744182=https://twitter.com/betulbul09/status/1596555826478878720&entry.653903203=26838&usp=pp_url
",Positive,Yes,No,No,['Election']
1588837438793089025,"https://docs.google.com/forms/d/e/1FAIpQLSffZugycOX3tUHW3uGhn5Cw0pj0fJDeIQf5oJ3EzZ-2vuj6Gg/viewform?entry.1274744182=https://twitter.com/recepaydin06/status/1588837438793089025&entry.653903203=26838&usp=pp_url
",Neutral,Yes,No,No,['Education']
1378808244680994817,"https://docs.google.com/forms/d/e/1FAIpQLSffZugycOX3tUHW3uGhn5Cw0pj0fJDeIQf5oJ3EzZ-2vuj6Gg/viewform?entry.1274744182=https://twitter.com/sizsevmeyindiye/status/1378808244680994817&entry.653903203=26838&usp=pp_url
",Neutral,No,No,No,['nan']
1427746815420604417,"https://docs.google.com/forms/d/e/1FAIpQLSffZugycOX3tUHW3uGhn5Cw0pj0fJDeIQf5oJ3EzZ-2vuj6Gg/viewform?entry.1274744182=https://twitter.com/venxzhan/status/1427746815420604417&entry.653903203=26838&usp=pp_url
",Negative,No,No,Yes,['nan']
1443498613829668865,"https://docs.google.com/forms/d/e/1FAIpQLSffZugycOX3tUHW3uGhn5Cw0pj0fJDeIQf5oJ3EzZ-2vuj6Gg/viewform?entry.1274744182=https://twitter.com/ceilonn/status/1443498613829668865&entry.653903203=26838&usp=pp_url
",Neutral,No,No,No,['nan']
1356133029836689408,"https://docs.google.com/forms/d/e/1FAIpQLSffZugycOX3tUHW3uGhn5Cw0pj0fJDeIQf5oJ3EzZ-2vuj6Gg/viewform?entry.1274744182=https://twitter.com/Kaotikpatates/status/1356133029836689408&entry.653903203=26838&usp=pp_url
",Neutral,Yes,No,No,['nan']
1595829502021623812,"https://docs.google.com/forms/d/e/1FAIpQLSffZugycOX3tUHW3uGhn5Cw0pj0fJDeIQf5oJ3EzZ-2vuj6Gg/viewform?entry.1274744182=https://twitter.com/akadirkeskina/status/1595829502021623812&entry.653903203=26838&usp=pp_url
",Positive,Yes,No,No,['nan']
1585501409574789120,"https://docs.google.com/forms/d/e/1FAIpQLSffZugycOX3tUHW3uGhn5Cw0pj0fJDeIQf5oJ3EzZ-2vuj6Gg/viewform?entry.1274744182=https://twitter.com/srod_01/status/1585501409574789120&entry.653903203=26838&usp=pp_url
",Negative,Yes,No,No,"['Economy', 'Unemployment']"
1595871258985615361,"https://docs.google.com/forms/d/e/1FAIpQLSffZugycOX3tUHW3uGhn5Cw0pj0fJDeIQf5oJ3EzZ-2vuj6Gg/viewform?entry.1274744182=https://twitter.com/s_061974/status/1595871258985615361&entry.653903203=26838&usp=pp_url
",Negative,Yes,Yes,No,"['Unemployment', 'Election']"
1562853131251118081,"https://docs.google.com/forms/d/e/1FAIpQLSffZugycOX3tUHW3uGhn5Cw0pj0fJDeIQf5oJ3EzZ-2vuj6Gg/viewform?entry.1274744182=https://twitter.com/akanturker/status/1562853131251118081&entry.653903203=26838&usp=pp_url
",Neutral,No,Yes,No,['Election']
1412805445434101762,"https://docs.google.com/forms/d/e/1FAIpQLSffZugycOX3tUHW3uGhn5Cw0pj0fJDeIQf5oJ3EzZ-2vuj6Gg/viewform?entry.1274744182=https://twitter.com/JYANBOR1/status/1412805445434101762&entry.653903203=26838&usp=pp_url
",Neutral,Yes,No,No,['Unemployment']
1585766233491886081,"https://docs.google.com/forms/d/e/1FAIpQLSffZugycOX3tUHW3uGhn5Cw0pj0fJDeIQf5oJ3EzZ-2vuj6Gg/viewform?entry.1274744182=https://twitter.com/ekalkanli2023/status/1585766233491886081&entry.653903203=26838&usp=pp_url
",Negative,Yes,Yes,No,"['Unemployment', 'Crime&justice']"
1434215021471543299,"https://docs.google.com/forms/d/e/1FAIpQLSffZugycOX3tUHW3uGhn5Cw0pj0fJDeIQf5oJ3EzZ-2vuj6Gg/viewform?entry.1274744182=https://twitter.com/inanmaartik/status/1434215021471543299&entry.653903203=26838&usp=pp_url
",Neutral,Yes,Yes,No,['Election']
1592440587923632128,"https://docs.google.com/forms/d/e/1FAIpQLSffZugycOX3tUHW3uGhn5Cw0pj0fJDeIQf5oJ3EzZ-2vuj6Gg/viewform?entry.1274744182=https://twitter.com/AzizErguven/status/1592440587923632128&entry.653903203=26838&usp=pp_url
",Neutral,No,Yes,No,['Election']
1595712323813007369,"https://docs.google.com/forms/d/e/1FAIpQLSffZugycOX3tUHW3uGhn5Cw0pj0fJDeIQf5oJ3EzZ-2vuj6Gg/viewform?entry.1274744182=https://twitter.com/murat55tryk/status/1595712323813007369&entry.653903203=26838&usp=pp_url
",Negative,Yes,Yes,No,['Election']
1578405915199512576,"https://docs.google.com/forms/d/e/1FAIpQLSffZugycOX3tUHW3uGhn5Cw0pj0fJDeIQf5oJ3EzZ-2vuj6Gg/viewform?entry.1274744182=https://twitter.com/onrcnnn_/status/1578405915199512576&entry.653903203=26838&usp=pp_url
",Neutral,No,No,No,['Music&TV']
1405177857391931393,"https://docs.google.com/forms/d/e/1FAIpQLSffZugycOX3tUHW3uGhn5Cw0pj0fJDeIQf5oJ3EzZ-2vuj6Gg/viewform?entry.1274744182=https://twitter.com/benim47/status/1405177857391931393&entry.653903203=26838&usp=pp_url
",Positive,No,No,No,['Crime&justice']
1366091745772077058,"https://docs.google.com/forms/d/e/1FAIpQLSffZugycOX3tUHW3uGhn5Cw0pj0fJDeIQf5oJ3EzZ-2vuj6Gg/viewform?entry.1274744182=https://twitter.com/kxlsmxapxmalxal/status/1366091745772077058&entry.653903203=26838&usp=pp_url
",Neutral,No,No,No,['nan']
1566838939197079560,"https://docs.google.com/forms/d/e/1FAIpQLSffZugycOX3tUHW3uGhn5Cw0pj0fJDeIQf5oJ3EzZ-2vuj6Gg/viewform?entry.1274744182=https://twitter.com/Hatice11920427/status/1566838939197079560&entry.653903203=26838&usp=pp_url
",Neutral,Yes,No,No,['Crime&justice']
1590673118397624323,"https://docs.google.com/forms/d/e/1FAIpQLSffZugycOX3tUHW3uGhn5Cw0pj0fJDeIQf5oJ3EzZ-2vuj6Gg/viewform?entry.1274744182=https://twitter.com/AhmetKk87022322/status/1590673118397624323&entry.653903203=26838&usp=pp_url
",Negative,No,Yes,No,['Election']
1587414279938052098,"https://docs.google.com/forms/d/e/1FAIpQLSffZugycOX3tUHW3uGhn5Cw0pj0fJDeIQf5oJ3EzZ-2vuj6Gg/viewform?entry.1274744182=https://twitter.com/Sensin2022/status/1587414279938052098&entry.653903203=26838&usp=pp_url
",Neutral,No,Yes,No,"['Corruption', 'Crime&justice', 'Terrorism']"
1585284196607614978,"https://docs.google.com/forms/d/e/1FAIpQLSffZugycOX3tUHW3uGhn5Cw0pj0fJDeIQf5oJ3EzZ-2vuj6Gg/viewform?entry.1274744182=https://twitter.com/BupBup00/status/1585284196607614978&entry.653903203=26838&usp=pp_url
",Positive,No,Yes,No,['Election']
1387264761403002880,"https://docs.google.com/forms/d/e/1FAIpQLSffZugycOX3tUHW3uGhn5Cw0pj0fJDeIQf5oJ3EzZ-2vuj6Gg/viewform?entry.1274744182=https://twitter.com/SametKERVAN54/status/1387264761403002880&entry.653903203=26838&usp=pp_url
",Negative,No,No,Yes,['Religion']
1570348054133481473,"https://docs.google.com/forms/d/e/1FAIpQLSffZugycOX3tUHW3uGhn5Cw0pj0fJDeIQf5oJ3EzZ-2vuj6Gg/viewform?entry.1274744182=https://twitter.com/UnvanDiploma4A/status/1570348054133481473&entry.653903203=26838&usp=pp_url
",Neutral,No,Yes,No,['Unemployment']
1590076784766521344,"https://docs.google.com/forms/d/e/1FAIpQLSffZugycOX3tUHW3uGhn5Cw0pj0fJDeIQf5oJ3EzZ-2vuj6Gg/viewform?entry.1274744182=https://twitter.com/krMslmolu1/status/1590076784766521344&entry.653903203=26838&usp=pp_url
",Neutral,Yes,Yes,No,"['Unemployment', 'Crime&justice']"
1428363319375585280,"https://docs.google.com/forms/d/e/1FAIpQLSffZugycOX3tUHW3uGhn5Cw0pj0fJDeIQf5oJ3EzZ-2vuj6Gg/viewform?entry.1274744182=https://twitter.com/mkharits/status/1428363319375585280&entry.653903203=26838&usp=pp_url
",Neutral,No,No,No,['nan']
1590616074243911680,"https://docs.google.com/forms/d/e/1FAIpQLSffZugycOX3tUHW3uGhn5Cw0pj0fJDeIQf5oJ3EzZ-2vuj6Gg/viewform?entry.1274744182=https://twitter.com/BYksty0027/status/1590616074243911680&entry.653903203=26838&usp=pp_url
",Positive,Yes,No,No,['nan']
1389610978690674688,"https://docs.google.com/forms/d/e/1FAIpQLSffZugycOX3tUHW3uGhn5Cw0pj0fJDeIQf5oJ3EzZ-2vuj6Gg/viewform?entry.1274744182=https://twitter.com/thefallenone111/status/1389610978690674688&entry.653903203=26838&usp=pp_url
",Negative,No,No,Yes,['nan']
1588464678443024385,"https://docs.google.com/forms/d/e/1FAIpQLSffZugycOX3tUHW3uGhn5Cw0pj0fJDeIQf5oJ3EzZ-2vuj6Gg/viewform?entry.1274744182=https://twitter.com/MAHKUMYAKN14/status/1588464678443024385&entry.653903203=26838&usp=pp_url
",Negative,No,Yes,No,['Election']
1571966189764579332,"https://docs.google.com/forms/d/e/1FAIpQLSffZugycOX3tUHW3uGhn5Cw0pj0fJDeIQf5oJ3EzZ-2vuj6Gg/viewform?entry.1274744182=https://twitter.com/ghostsolgiers/status/1571966189764579332&entry.653903203=26838&usp=pp_url
",Neutral,Yes,No,No,"['Education', 'Crime&justice']"
1558406182221520899,"https://docs.google.com/forms/d/e/1FAIpQLSffZugycOX3tUHW3uGhn5Cw0pj0fJDeIQf5oJ3EzZ-2vuj6Gg/viewform?entry.1274744182=https://twitter.com/571Haf/status/1558406182221520899&entry.653903203=26838&usp=pp_url
",Positive,Yes,No,No,"['Religion', 'Unemployment', 'Education']"
1595768828646096897,"https://docs.google.com/forms/d/e/1FAIpQLSffZugycOX3tUHW3uGhn5Cw0pj0fJDeIQf5oJ3EzZ-2vuj6Gg/viewform?entry.1274744182=https://twitter.com/nurtenkavrar/status/1595768828646096897&entry.653903203=26838&usp=pp_url
",Neutral,Yes,No,No,"['Crime&justice', 'Terrorism']"
1587853901520314370,"https://docs.google.com/forms/d/e/1FAIpQLSffZugycOX3tUHW3uGhn5Cw0pj0fJDeIQf5oJ3EzZ-2vuj6Gg/viewform?entry.1274744182=https://twitter.com/ComekF/status/1587853901520314370&entry.653903203=26838&usp=pp_url
",Positive,No,Yes,No,['Election']
1555460672103845888,"https://docs.google.com/forms/d/e/1FAIpQLSffZugycOX3tUHW3uGhn5Cw0pj0fJDeIQf5oJ3EzZ-2vuj6Gg/viewform?entry.1274744182=https://twitter.com/TuglaTalha/status/1555460672103845888&entry.653903203=26838&usp=pp_url
",Negative,Yes,No,Yes,"['Crime&justice', 'Minorities&discrimination']"
1597160134907953152,"https://docs.google.com/forms/d/e/1FAIpQLSffZugycOX3tUHW3uGhn5Cw0pj0fJDeIQf5oJ3EzZ-2vuj6Gg/viewform?entry.1274744182=https://twitter.com/zlemati47428531/status/1597160134907953152&entry.653903203=26838&usp=pp_url
",Negative,No,Yes,Yes,"['Crime&justice', 'Minorities&discrimination']"
1584601155492978688,"https://docs.google.com/forms/d/e/1FAIpQLSffZugycOX3tUHW3uGhn5Cw0pj0fJDeIQf5oJ3EzZ-2vuj6Gg/viewform?entry.1274744182=https://twitter.com/TolgaEceN1/status/1584601155492978688&entry.653903203=26838&usp=pp_url
",Positive,No,Yes,No,['Unemployment']
1595357036925026306,"https://docs.google.com/forms/d/e/1FAIpQLSffZugycOX3tUHW3uGhn5Cw0pj0fJDeIQf5oJ3EzZ-2vuj6Gg/viewform?entry.1274744182=https://twitter.com/Zeynepvcl/status/1595357036925026306&entry.653903203=26838&usp=pp_url
",Positive,Yes,No,No,['Unemployment']
1597699041105793024,"https://docs.google.com/forms/d/e/1FAIpQLSffZugycOX3tUHW3uGhn5Cw0pj0fJDeIQf5oJ3EzZ-2vuj6Gg/viewform?entry.1274744182=https://twitter.com/YildirimKarago7/status/1597699041105793024&entry.653903203=26838&usp=pp_url
",Negative,No,No,Yes,['News']
1583481914920341504,"https://docs.google.com/forms/d/e/1FAIpQLSffZugycOX3tUHW3uGhn5Cw0pj0fJDeIQf5oJ3EzZ-2vuj6Gg/viewform?entry.1274744182=https://twitter.com/GllkMhmmt/status/1583481914920341504&entry.653903203=26838&usp=pp_url
",Negative,No,Yes,Yes,['Election']
1585212958527090688,"https://docs.google.com/forms/d/e/1FAIpQLSffZugycOX3tUHW3uGhn5Cw0pj0fJDeIQf5oJ3EzZ-2vuj6Gg/viewform?entry.1274744182=https://twitter.com/DogmusSaban/status/1585212958527090688&entry.653903203=26838&usp=pp_url
",Negative,No,No,No,['Election']
1420407025847132171,"https://docs.google.com/forms/d/e/1FAIpQLSffZugycOX3tUHW3uGhn5Cw0pj0fJDeIQf5oJ3EzZ-2vuj6Gg/viewform?entry.1274744182=https://twitter.com/btsmembo/status/1420407025847132171&entry.653903203=26838&usp=pp_url
",Neutral,No,No,No,['nan']
1584856846900551680,"https://docs.google.com/forms/d/e/1FAIpQLSffZugycOX3tUHW3uGhn5Cw0pj0fJDeIQf5oJ3EzZ-2vuj6Gg/viewform?entry.1274744182=https://twitter.com/srod_01/status/1584856846900551680&entry.653903203=26838&usp=pp_url
",Neutral,No,Yes,No,"['Election', 'Crime&justice']"
1570428119609139201,"https://docs.google.com/forms/d/e/1FAIpQLSffZugycOX3tUHW3uGhn5Cw0pj0fJDeIQf5oJ3EzZ-2vuj6Gg/viewform?entry.1274744182=https://twitter.com/HamitElKelle/status/1570428119609139201&entry.653903203=26838&usp=pp_url
",Neutral,No,Yes,No,['Foreignpolicy']
1591134795379396608,"https://docs.google.com/forms/d/e/1FAIpQLSffZugycOX3tUHW3uGhn5Cw0pj0fJDeIQf5oJ3EzZ-2vuj6Gg/viewform?entry.1274744182=https://twitter.com/nurayytugbaa/status/1591134795379396608&entry.653903203=26838&usp=pp_url
",Neutral,Yes,No,No,['Unemployment']
1545352417948172288,"https://docs.google.com/forms/d/e/1FAIpQLSffZugycOX3tUHW3uGhn5Cw0pj0fJDeIQf5oJ3EzZ-2vuj6Gg/viewform?entry.1274744182=https://twitter.com/YutaYoshiYoshi/status/1545352417948172288&entry.653903203=26838&usp=pp_url
",Neutral,No,No,No,['Crime&justice']
1585634359612420101,"https://docs.google.com/forms/d/e/1FAIpQLSffZugycOX3tUHW3uGhn5Cw0pj0fJDeIQf5oJ3EzZ-2vuj6Gg/viewform?entry.1274744182=https://twitter.com/mustafasenol45/status/1585634359612420101&entry.653903203=26838&usp=pp_url
",Neutral,Yes,Yes,No,['Election']
1589993032975544320,"https://docs.google.com/forms/d/e/1FAIpQLSffZugycOX3tUHW3uGhn5Cw0pj0fJDeIQf5oJ3EzZ-2vuj6Gg/viewform?entry.1274744182=https://twitter.com/hasannegr/status/1589993032975544320&entry.653903203=26838&usp=pp_url
",Neutral,No,No,Yes,['Election']
1422949330651058180,"https://docs.google.com/forms/d/e/1FAIpQLSffZugycOX3tUHW3uGhn5Cw0pj0fJDeIQf5oJ3EzZ-2vuj6Gg/viewform?entry.1274744182=https://twitter.com/Huguito6161/status/1422949330651058180&entry.653903203=26838&usp=pp_url
",Neutral,No,No,No,['Sports']
1583814983334637568,"https://docs.google.com/forms/d/e/1FAIpQLSffZugycOX3tUHW3uGhn5Cw0pj0fJDeIQf5oJ3EzZ-2vuj6Gg/viewform?entry.1274744182=https://twitter.com/ftma3253689/status/1583814983334637568&entry.653903203=26838&usp=pp_url
",Neutral,No,No,No,['Unemployment']
1438451956368957446,"https://docs.google.com/forms/d/e/1FAIpQLSffZugycOX3tUHW3uGhn5Cw0pj0fJDeIQf5oJ3EzZ-2vuj6Gg/viewform?entry.1274744182=https://twitter.com/enesovskii/status/1438451956368957446&entry.653903203=26838&usp=pp_url
",Neutral,Yes,No,No,['Crime&justice']
1597527608895459329,"https://docs.google.com/forms/d/e/1FAIpQLSffZugycOX3tUHW3uGhn5Cw0pj0fJDeIQf5oJ3EzZ-2vuj6Gg/viewform?entry.1274744182=https://twitter.com/TurkishIndy/status/1597527608895459329&entry.653903203=26838&usp=pp_url
",Neutral,No,No,No,['News']
1439547067337256967,"https://docs.google.com/forms/d/e/1FAIpQLSffZugycOX3tUHW3uGhn5Cw0pj0fJDeIQf5oJ3EzZ-2vuj6Gg/viewform?entry.1274744182=https://twitter.com/_melek_3451/status/1439547067337256967&entry.653903203=26838&usp=pp_url
",Neutral,No,No,No,['nan']
1596516143551897600,"https://docs.google.com/forms/d/e/1FAIpQLSffZugycOX3tUHW3uGhn5Cw0pj0fJDeIQf5oJ3EzZ-2vuj6Gg/viewform?entry.1274744182=https://twitter.com/krMslmolu1/status/1596516143551897600&entry.653903203=26838&usp=pp_url
",Neutral,No,Yes,No,"['Corruption', 'Crime&justice']"
1597274845381029888,"https://docs.google.com/forms/d/e/1FAIpQLSffZugycOX3tUHW3uGhn5Cw0pj0fJDeIQf5oJ3EzZ-2vuj6Gg/viewform?entry.1274744182=https://twitter.com/ygzunsl/status/1597274845381029888&entry.653903203=26838&usp=pp_url
",Neutral,Yes,Yes,No,['Crime&justice']
1565312596135354373,"https://docs.google.com/forms/d/e/1FAIpQLSffZugycOX3tUHW3uGhn5Cw0pj0fJDeIQf5oJ3EzZ-2vuj6Gg/viewform?entry.1274744182=https://twitter.com/Nursela60044416/status/1565312596135354373&entry.653903203=26838&usp=pp_url
",Positive,No,Yes,No,['Election']
1594352902197354499,"https://docs.google.com/forms/d/e/1FAIpQLSffZugycOX3tUHW3uGhn5Cw0pj0fJDeIQf5oJ3EzZ-2vuj6Gg/viewform?entry.1274744182=https://twitter.com/mehay97/status/1594352902197354499&entry.653903203=26838&usp=pp_url
",Neutral,Yes,No,No,['Unemployment']
1415605106020687873,"https://docs.google.com/forms/d/e/1FAIpQLSffZugycOX3tUHW3uGhn5Cw0pj0fJDeIQf5oJ3EzZ-2vuj6Gg/viewform?entry.1274744182=https://twitter.com/Selanik_Muftusu/status/1415605106020687873&entry.653903203=26838&usp=pp_url
",Neutral,No,No,No,['Religion']
1377490076016459777,"https://docs.google.com/forms/d/e/1FAIpQLSffZugycOX3tUHW3uGhn5Cw0pj0fJDeIQf5oJ3EzZ-2vuj6Gg/viewform?entry.1274744182=https://twitter.com/elifergu/status/1377490076016459777&entry.653903203=26838&usp=pp_url
",Neutral,No,No,No,"['Religion', 'Minorities&discrimination']"
1435408752262348806,"https://docs.google.com/forms/d/e/1FAIpQLSffZugycOX3tUHW3uGhn5Cw0pj0fJDeIQf5oJ3EzZ-2vuj6Gg/viewform?entry.1274744182=https://twitter.com/paalkovaa/status/1435408752262348806&entry.653903203=26838&usp=pp_url
",Neutral,No,No,No,['nan']
1578541723868766209,"https://docs.google.com/forms/d/e/1FAIpQLSffZugycOX3tUHW3uGhn5Cw0pj0fJDeIQf5oJ3EzZ-2vuj6Gg/viewform?entry.1274744182=https://twitter.com/Semanur87355458/status/1578541723868766209&entry.653903203=26838&usp=pp_url
",Neutral,Yes,No,No,"['Health', 'Crime&justice']"
1595027060040564738,"https://docs.google.com/forms/d/e/1FAIpQLSffZugycOX3tUHW3uGhn5Cw0pj0fJDeIQf5oJ3EzZ-2vuj6Gg/viewform?entry.1274744182=https://twitter.com/Turkceci32/status/1595027060040564738&entry.653903203=26838&usp=pp_url
",Positive,No,Yes,No,"['Unemployment', 'Election']"
1589320331336245249,"https://docs.google.com/forms/d/e/1FAIpQLSffZugycOX3tUHW3uGhn5Cw0pj0fJDeIQf5oJ3EzZ-2vuj6Gg/viewform?entry.1274744182=https://twitter.com/BabamaHasret/status/1589320331336245249&entry.653903203=26838&usp=pp_url
",Neutral,No,Yes,No,['Crime&justice']
1591987769802645505,"https://docs.google.com/forms/d/e/1FAIpQLSffZugycOX3tUHW3uGhn5Cw0pj0fJDeIQf5oJ3EzZ-2vuj6Gg/viewform?entry.1274744182=https://twitter.com/nkulunk/status/1591987769802645505&entry.653903203=26838&usp=pp_url
",Neutral,No,Yes,No,['nan']
1366060559867797508,"https://docs.google.com/forms/d/e/1FAIpQLSffZugycOX3tUHW3uGhn5Cw0pj0fJDeIQf5oJ3EzZ-2vuj6Gg/viewform?entry.1274744182=https://twitter.com/tugbacilkas/status/1366060559867797508&entry.653903203=26838&usp=pp_url
",Negative,No,No,No,['nan']
1591796571447885827,"https://docs.google.com/forms/d/e/1FAIpQLSffZugycOX3tUHW3uGhn5Cw0pj0fJDeIQf5oJ3EzZ-2vuj6Gg/viewform?entry.1274744182=https://twitter.com/hasanad54445974/status/1591796571447885827&entry.653903203=26838&usp=pp_url
",Neutral,No,Yes,No,['Election']
1579558096833511424,"https://docs.google.com/forms/d/e/1FAIpQLSffZugycOX3tUHW3uGhn5Cw0pj0fJDeIQf5oJ3EzZ-2vuj6Gg/viewform?entry.1274744182=https://twitter.com/hiranur55508054/status/1579558096833511424&entry.653903203=26838&usp=pp_url
",Neutral,Yes,Yes,No,"['Education', 'Election']"
1389951943343316995,"https://docs.google.com/forms/d/e/1FAIpQLSffZugycOX3tUHW3uGhn5Cw0pj0fJDeIQf5oJ3EzZ-2vuj6Gg/viewform?entry.1274744182=https://twitter.com/zedaoretmen/status/1389951943343316995&entry.653903203=26838&usp=pp_url
",Neutral,No,No,No,['nan']
1404891736686698497,"https://docs.google.com/forms/d/e/1FAIpQLSffZugycOX3tUHW3uGhn5Cw0pj0fJDeIQf5oJ3EzZ-2vuj6Gg/viewform?entry.1274744182=https://twitter.com/porselennkalp/status/1404891736686698497&entry.653903203=26838&usp=pp_url
",Negative,No,No,No,['nan']
1358179210125312003,"https://docs.google.com/forms/d/e/1FAIpQLSffZugycOX3tUHW3uGhn5Cw0pj0fJDeIQf5oJ3EzZ-2vuj6Gg/viewform?entry.1274744182=https://twitter.com/Eylemm1903/status/1358179210125312003&entry.653903203=26838&usp=pp_url
",Neutral,No,No,No,['nan']
1585651759204208642,"https://docs.google.com/forms/d/e/1FAIpQLSffZugycOX3tUHW3uGhn5Cw0pj0fJDeIQf5oJ3EzZ-2vuj6Gg/viewform?entry.1274744182=https://twitter.com/Seyhannky/status/1585651759204208642&entry.653903203=26838&usp=pp_url
",Neutral,No,No,No,"['Unemployment', 'Corruption', 'Health']"
1595153345240772612,"https://docs.google.com/forms/d/e/1FAIpQLSffZugycOX3tUHW3uGhn5Cw0pj0fJDeIQf5oJ3EzZ-2vuj6Gg/viewform?entry.1274744182=https://twitter.com/saybrre/status/1595153345240772612&entry.653903203=26838&usp=pp_url
",Neutral,Yes,Yes,No,"['Unemployment', 'Crime&justice']"
1595151016655147008,"https://docs.google.com/forms/d/e/1FAIpQLSffZugycOX3tUHW3uGhn5Cw0pj0fJDeIQf5oJ3EzZ-2vuj6Gg/viewform?entry.1274744182=https://twitter.com/SerkanC82981768/status/1595151016655147008&entry.653903203=26838&usp=pp_url
",Neutral,No,No,No,['Unemployment']
1594069599393398784,"https://docs.google.com/forms/d/e/1FAIpQLSffZugycOX3tUHW3uGhn5Cw0pj0fJDeIQf5oJ3EzZ-2vuj6Gg/viewform?entry.1274744182=https://twitter.com/Nimet56248686/status/1594069599393398784&entry.653903203=26838&usp=pp_url
",Neutral,Yes,No,No,"['Health', 'Crime&justice']"
1579408398894137344,"https://docs.google.com/forms/d/e/1FAIpQLSffZugycOX3tUHW3uGhn5Cw0pj0fJDeIQf5oJ3EzZ-2vuj6Gg/viewform?entry.1274744182=https://twitter.com/thekenannn/status/1579408398894137344&entry.653903203=26838&usp=pp_url
",Negative,No,No,No,['Election']
1367571642604544000,"https://docs.google.com/forms/d/e/1FAIpQLSffZugycOX3tUHW3uGhn5Cw0pj0fJDeIQf5oJ3EzZ-2vuj6Gg/viewform?entry.1274744182=https://twitter.com/BakiDiren/status/1367571642604544000&entry.653903203=26838&usp=pp_url
",Neutral,No,No,No,"['Economy', 'Inflation&poverty']"
1420017151453417473,"https://docs.google.com/forms/d/e/1FAIpQLSffZugycOX3tUHW3uGhn5Cw0pj0fJDeIQf5oJ3EzZ-2vuj6Gg/viewform?entry.1274744182=https://twitter.com/aleyna_kutlu1/status/1420017151453417473&entry.653903203=26838&usp=pp_url
",Negative,No,No,No,['Health']
1590418797282103298,"https://docs.google.com/forms/d/e/1FAIpQLSffZugycOX3tUHW3uGhn5Cw0pj0fJDeIQf5oJ3EzZ-2vuj6Gg/viewform?entry.1274744182=https://twitter.com/Serpil69937590/status/1590418797282103298&entry.653903203=26838&usp=pp_url
",Neutral,Yes,No,No,['Crime&justice']
1590003989227401218,"https://docs.google.com/forms/d/e/1FAIpQLSffZugycOX3tUHW3uGhn5Cw0pj0fJDeIQf5oJ3EzZ-2vuj6Gg/viewform?entry.1274744182=https://twitter.com/esrasyrk53/status/1590003989227401218&entry.653903203=26838&usp=pp_url
",Neutral,Yes,No,No,['Unemployment']
1573916687694532608,"https://docs.google.com/forms/d/e/1FAIpQLSffZugycOX3tUHW3uGhn5Cw0pj0fJDeIQf5oJ3EzZ-2vuj6Gg/viewform?entry.1274744182=https://twitter.com/xResulEkinx/status/1573916687694532608&entry.653903203=26838&usp=pp_url
",Negative,No,No,Yes,['Foreignpolicy']
1356926480605982728,"https://docs.google.com/forms/d/e/1FAIpQLSffZugycOX3tUHW3uGhn5Cw0pj0fJDeIQf5oJ3EzZ-2vuj6Gg/viewform?entry.1274744182=https://twitter.com/Mucahityilmz61/status/1356926480605982728&entry.653903203=26838&usp=pp_url
",Positive,No,No,No,['nan']
1593672655005179905,"https://docs.google.com/forms/d/e/1FAIpQLSffZugycOX3tUHW3uGhn5Cw0pj0fJDeIQf5oJ3EzZ-2vuj6Gg/viewform?entry.1274744182=https://twitter.com/1guluzun/status/1593672655005179905&entry.653903203=26838&usp=pp_url
",Neutral,No,No,No,['Unemployment']
1568987607585157120,"https://docs.google.com/forms/d/e/1FAIpQLSffZugycOX3tUHW3uGhn5Cw0pj0fJDeIQf5oJ3EzZ-2vuj6Gg/viewform?entry.1274744182=https://twitter.com/Zeynep_Altindas/status/1568987607585157120&entry.653903203=26838&usp=pp_url
",Neutral,No,No,No,['Crime&justice']
1596583748669419521,"https://docs.google.com/forms/d/e/1FAIpQLSffZugycOX3tUHW3uGhn5Cw0pj0fJDeIQf5oJ3EzZ-2vuj6Gg/viewform?entry.1274744182=https://twitter.com/GrbzGunduz2/status/1596583748669419521&entry.653903203=26838&usp=pp_url
",Neutral,No,No,No,['nan']
1597631432578383872,"https://docs.google.com/forms/d/e/1FAIpQLSffZugycOX3tUHW3uGhn5Cw0pj0fJDeIQf5oJ3EzZ-2vuj6Gg/viewform?entry.1274744182=https://twitter.com/Ky25Nams/status/1597631432578383872&entry.653903203=26838&usp=pp_url
",Positive,Yes,Yes,No,"['Unemployment', 'Democracy', 'Election']"
1557102438800363521,"https://docs.google.com/forms/d/e/1FAIpQLSffZugycOX3tUHW3uGhn5Cw0pj0fJDeIQf5oJ3EzZ-2vuj6Gg/viewform?entry.1274744182=https://twitter.com/cemtahsin/status/1557102438800363521&entry.653903203=26838&usp=pp_url
",Negative,Yes,Yes,No,"['Religion', 'Democracy', 'Election']"
1434787703783051264,"https://docs.google.com/forms/d/e/1FAIpQLSffZugycOX3tUHW3uGhn5Cw0pj0fJDeIQf5oJ3EzZ-2vuj6Gg/viewform?entry.1274744182=https://twitter.com/jerviajeon/status/1434787703783051264&entry.653903203=26838&usp=pp_url
",Neutral,No,No,No,['nan']
1566074663435997184,"https://docs.google.com/forms/d/e/1FAIpQLSffZugycOX3tUHW3uGhn5Cw0pj0fJDeIQf5oJ3EzZ-2vuj6Gg/viewform?entry.1274744182=https://twitter.com/Mahir18794164/status/1566074663435997184&entry.653903203=26838&usp=pp_url
",Neutral,No,Yes,No,"['Unemployment', 'Crime&justice']"
1421761005458235396,"https://docs.google.com/forms/d/e/1FAIpQLSffZugycOX3tUHW3uGhn5Cw0pj0fJDeIQf5oJ3EzZ-2vuj6Gg/viewform?entry.1274744182=https://twitter.com/Abid18149115/status/1421761005458235396&entry.653903203=26838&usp=pp_url
",Neutral,No,No,No,['nan']
1365710259549966339,"https://docs.google.com/forms/d/e/1FAIpQLSffZugycOX3tUHW3uGhn5Cw0pj0fJDeIQf5oJ3EzZ-2vuj6Gg/viewform?entry.1274744182=https://twitter.com/astrosapphire/status/1365710259549966339&entry.653903203=26838&usp=pp_url
",Neutral,No,No,No,['nan']
1578448632533028865,"https://docs.google.com/forms/d/e/1FAIpQLSffZugycOX3tUHW3uGhn5Cw0pj0fJDeIQf5oJ3EzZ-2vuj6Gg/viewform?entry.1274744182=https://twitter.com/osman43026850/status/1578448632533028865&entry.653903203=26838&usp=pp_url
",Neutral,No,Yes,No,['Democracy']
1415032260571680768,"https://docs.google.com/forms/d/e/1FAIpQLSffZugycOX3tUHW3uGhn5Cw0pj0fJDeIQf5oJ3EzZ-2vuj6Gg/viewform?entry.1274744182=https://twitter.com/savasxozkan/status/1415032260571680768&entry.653903203=26838&usp=pp_url
",Neutral,No,No,No,['Sports']
1595497173398986752,"https://docs.google.com/forms/d/e/1FAIpQLSffZugycOX3tUHW3uGhn5Cw0pj0fJDeIQf5oJ3EzZ-2vuj6Gg/viewform?entry.1274744182=https://twitter.com/HALMEYAZIC1/status/1595497173398986752&entry.653903203=26838&usp=pp_url
",Neutral,Yes,No,No,"['Unemployment', 'Crime&justice']"
