,url,isOrganizational,isBot,isTroll,gender
ftpz9,"https://docs.google.com/forms/d/e/1FAIpQLSeFf-DH8zs9gbESljXLtJb1g2xBtRpLgIOEwwvN6BeyDADq4w/viewform?entry.471770043=https://twitter.com/ftpz9&entry.1108662262=26772&usp=pp_url
",No,Yes,Not sure,Female
erhanet54961034,"https://docs.google.com/forms/d/e/1FAIpQLSeFf-DH8zs9gbESljXLtJb1g2xBtRpLgIOEwwvN6BeyDADq4w/viewform?entry.471770043=https://twitter.com/Erhanet54961034&entry.1108662262=26772&usp=pp_url
",No,No,No,Male
tubazka28241750,"https://docs.google.com/forms/d/e/1FAIpQLSeFf-DH8zs9gbESljXLtJb1g2xBtRpLgIOEwwvN6BeyDADq4w/viewform?entry.471770043=https://twitter.com/tubazka28241750&entry.1108662262=26772&usp=pp_url
",No,No,No,Female
levunly,"https://docs.google.com/forms/d/e/1FAIpQLSeFf-DH8zs9gbESljXLtJb1g2xBtRpLgIOEwwvN6BeyDADq4w/viewform?entry.471770043=https://twitter.com/levunly&entry.1108662262=26772&usp=pp_url
",No,No,No,Male
39nicalper,"https://docs.google.com/forms/d/e/1FAIpQLSeFf-DH8zs9gbESljXLtJb1g2xBtRpLgIOEwwvN6BeyDADq4w/viewform?entry.471770043=https://twitter.com/39nicalper&entry.1108662262=26772&usp=pp_url
",No,No,No,Male
taibosman,"https://docs.google.com/forms/d/e/1FAIpQLSeFf-DH8zs9gbESljXLtJb1g2xBtRpLgIOEwwvN6BeyDADq4w/viewform?entry.471770043=https://twitter.com/TaibOsman&entry.1108662262=26772&usp=pp_url
",No,No,Yes,Male
vighnar1655,"https://docs.google.com/forms/d/e/1FAIpQLSeFf-DH8zs9gbESljXLtJb1g2xBtRpLgIOEwwvN6BeyDADq4w/viewform?entry.471770043=https://twitter.com/Vighnar1655&entry.1108662262=26772&usp=pp_url
",No,No,No,Not sure
oykucrkc_,"https://docs.google.com/forms/d/e/1FAIpQLSeFf-DH8zs9gbESljXLtJb1g2xBtRpLgIOEwwvN6BeyDADq4w/viewform?entry.471770043=https://twitter.com/oykucrkc_&entry.1108662262=26772&usp=pp_url
",No,No,No,Female
hasankocatepe26,"https://docs.google.com/forms/d/e/1FAIpQLSeFf-DH8zs9gbESljXLtJb1g2xBtRpLgIOEwwvN6BeyDADq4w/viewform?entry.471770043=https://twitter.com/HasanKocatepe26&entry.1108662262=26772&usp=pp_url
",No,No,No,Male
disiaslan64,"https://docs.google.com/forms/d/e/1FAIpQLSeFf-DH8zs9gbESljXLtJb1g2xBtRpLgIOEwwvN6BeyDADq4w/viewform?entry.471770043=https://twitter.com/disiaslan64&entry.1108662262=26772&usp=pp_url
",No,No,No,Female
keyifsizzz4,"https://docs.google.com/forms/d/e/1FAIpQLSeFf-DH8zs9gbESljXLtJb1g2xBtRpLgIOEwwvN6BeyDADq4w/viewform?entry.471770043=https://twitter.com/keyifsizzz4&entry.1108662262=26772&usp=pp_url
",No,No,No,Male
jakartabekasic,"https://docs.google.com/forms/d/e/1FAIpQLSeFf-DH8zs9gbESljXLtJb1g2xBtRpLgIOEwwvN6BeyDADq4w/viewform?entry.471770043=https://twitter.com/JakartabekasiC&entry.1108662262=26772&usp=pp_url
",No,Not sure,Not sure,Male
lovvv_me,"https://docs.google.com/forms/d/e/1FAIpQLSeFf-DH8zs9gbESljXLtJb1g2xBtRpLgIOEwwvN6BeyDADq4w/viewform?entry.471770043=https://twitter.com/lovvv_me&entry.1108662262=26772&usp=pp_url
",Yes,No,No,Not sure
nefer_gelberi,"https://docs.google.com/forms/d/e/1FAIpQLSeFf-DH8zs9gbESljXLtJb1g2xBtRpLgIOEwwvN6BeyDADq4w/viewform?entry.471770043=https://twitter.com/Nefer_gelberi&entry.1108662262=26772&usp=pp_url
",No,No,No,Not sure
sevgisozler1,"https://docs.google.com/forms/d/e/1FAIpQLSeFf-DH8zs9gbESljXLtJb1g2xBtRpLgIOEwwvN6BeyDADq4w/viewform?entry.471770043=https://twitter.com/sevgisozler1&entry.1108662262=26772&usp=pp_url
",,,,
frat22880933,"https://docs.google.com/forms/d/e/1FAIpQLSeFf-DH8zs9gbESljXLtJb1g2xBtRpLgIOEwwvN6BeyDADq4w/viewform?entry.471770043=https://twitter.com/Frat22880933&entry.1108662262=26772&usp=pp_url
",No,No,No,Male
emrullah__58,"https://docs.google.com/forms/d/e/1FAIpQLSeFf-DH8zs9gbESljXLtJb1g2xBtRpLgIOEwwvN6BeyDADq4w/viewform?entry.471770043=https://twitter.com/Emrullah__58&entry.1108662262=26772&usp=pp_url
",Yes,No,No,Not sure
ahincen55195821,"https://docs.google.com/forms/d/e/1FAIpQLSeFf-DH8zs9gbESljXLtJb1g2xBtRpLgIOEwwvN6BeyDADq4w/viewform?entry.471770043=https://twitter.com/ahinCen55195821&entry.1108662262=26772&usp=pp_url
",No,Yes,No,Not sure
bisakinol_1881,"https://docs.google.com/forms/d/e/1FAIpQLSeFf-DH8zs9gbESljXLtJb1g2xBtRpLgIOEwwvN6BeyDADq4w/viewform?entry.471770043=https://twitter.com/BiSakinOl_1881&entry.1108662262=26772&usp=pp_url
",No,No,No,Female
nailciftci7,"https://docs.google.com/forms/d/e/1FAIpQLSeFf-DH8zs9gbESljXLtJb1g2xBtRpLgIOEwwvN6BeyDADq4w/viewform?entry.471770043=https://twitter.com/NailCiftci7&entry.1108662262=26772&usp=pp_url
",No,Yes,No,Male
bravatr1907,"https://docs.google.com/forms/d/e/1FAIpQLSeFf-DH8zs9gbESljXLtJb1g2xBtRpLgIOEwwvN6BeyDADq4w/viewform?entry.471770043=https://twitter.com/bravatr1907&entry.1108662262=26772&usp=pp_url
",No,No,No,Male
grandetiguila,"https://docs.google.com/forms/d/e/1FAIpQLSeFf-DH8zs9gbESljXLtJb1g2xBtRpLgIOEwwvN6BeyDADq4w/viewform?entry.471770043=https://twitter.com/GrandeTiguila&entry.1108662262=26772&usp=pp_url
",No,No,No,Not sure
vesimbaran2,"https://docs.google.com/forms/d/e/1FAIpQLSeFf-DH8zs9gbESljXLtJb1g2xBtRpLgIOEwwvN6BeyDADq4w/viewform?entry.471770043=https://twitter.com/VESiMBARAN2&entry.1108662262=26772&usp=pp_url
",No,Not sure,No,Not sure
fatih73867436,"https://docs.google.com/forms/d/e/1FAIpQLSeFf-DH8zs9gbESljXLtJb1g2xBtRpLgIOEwwvN6BeyDADq4w/viewform?entry.471770043=https://twitter.com/Fatih73867436&entry.1108662262=26772&usp=pp_url
",No,Yes,No,Not sure
krgz_turgay,"https://docs.google.com/forms/d/e/1FAIpQLSeFf-DH8zs9gbESljXLtJb1g2xBtRpLgIOEwwvN6BeyDADq4w/viewform?entry.471770043=https://twitter.com/krgz_turgay&entry.1108662262=26772&usp=pp_url
",No,No,No,Not sure
mustankarakoc,"https://docs.google.com/forms/d/e/1FAIpQLSeFf-DH8zs9gbESljXLtJb1g2xBtRpLgIOEwwvN6BeyDADq4w/viewform?entry.471770043=https://twitter.com/MustanKarakoc&entry.1108662262=26772&usp=pp_url
",No,Yes,No,Not sure
nkomakhos,"https://docs.google.com/forms/d/e/1FAIpQLSeFf-DH8zs9gbESljXLtJb1g2xBtRpLgIOEwwvN6BeyDADq4w/viewform?entry.471770043=https://twitter.com/Nkomakhos&entry.1108662262=26772&usp=pp_url
",No,No,No,Not sure
aydsunal,"https://docs.google.com/forms/d/e/1FAIpQLSeFf-DH8zs9gbESljXLtJb1g2xBtRpLgIOEwwvN6BeyDADq4w/viewform?entry.471770043=https://twitter.com/aydsunal&entry.1108662262=26772&usp=pp_url
",No,No,Not sure,Not sure
etkim21,"https://docs.google.com/forms/d/e/1FAIpQLSeFf-DH8zs9gbESljXLtJb1g2xBtRpLgIOEwwvN6BeyDADq4w/viewform?entry.471770043=https://twitter.com/etkim21&entry.1108662262=26772&usp=pp_url
",No,Yes,No,Male
itsmesterxy,"https://docs.google.com/forms/d/e/1FAIpQLSeFf-DH8zs9gbESljXLtJb1g2xBtRpLgIOEwwvN6BeyDADq4w/viewform?entry.471770043=https://twitter.com/itsmesterxy&entry.1108662262=26772&usp=pp_url
",No,No,No,Female
delidemir33,"https://docs.google.com/forms/d/e/1FAIpQLSeFf-DH8zs9gbESljXLtJb1g2xBtRpLgIOEwwvN6BeyDADq4w/viewform?entry.471770043=https://twitter.com/delidemir33&entry.1108662262=26772&usp=pp_url
",No,Yes,No,Male
mentordiyorki,"https://docs.google.com/forms/d/e/1FAIpQLSeFf-DH8zs9gbESljXLtJb1g2xBtRpLgIOEwwvN6BeyDADq4w/viewform?entry.471770043=https://twitter.com/mentordiyorki&entry.1108662262=26772&usp=pp_url
",No,No,No,Male
hsngltkn1960,"https://docs.google.com/forms/d/e/1FAIpQLSeFf-DH8zs9gbESljXLtJb1g2xBtRpLgIOEwwvN6BeyDADq4w/viewform?entry.471770043=https://twitter.com/HsnGltkn1960&entry.1108662262=26772&usp=pp_url
",No,No,No,Male
buseeglr0,"https://docs.google.com/forms/d/e/1FAIpQLSeFf-DH8zs9gbESljXLtJb1g2xBtRpLgIOEwwvN6BeyDADq4w/viewform?entry.471770043=https://twitter.com/buseeglr0&entry.1108662262=26772&usp=pp_url
",No,Yes,No,Female
dron41270292,"https://docs.google.com/forms/d/e/1FAIpQLSeFf-DH8zs9gbESljXLtJb1g2xBtRpLgIOEwwvN6BeyDADq4w/viewform?entry.471770043=https://twitter.com/Dron41270292&entry.1108662262=26772&usp=pp_url
",No,No,No,Male
fatma_eyt,"https://docs.google.com/forms/d/e/1FAIpQLSeFf-DH8zs9gbESljXLtJb1g2xBtRpLgIOEwwvN6BeyDADq4w/viewform?entry.471770043=https://twitter.com/fatma_eyt&entry.1108662262=26772&usp=pp_url
",No,Yes,No,Female
bulentsanverchp,"https://docs.google.com/forms/d/e/1FAIpQLSeFf-DH8zs9gbESljXLtJb1g2xBtRpLgIOEwwvN6BeyDADq4w/viewform?entry.471770043=https://twitter.com/bulentsanverchp&entry.1108662262=26772&usp=pp_url
",No,No,No,Male
sevalkayan01,"https://docs.google.com/forms/d/e/1FAIpQLSeFf-DH8zs9gbESljXLtJb1g2xBtRpLgIOEwwvN6BeyDADq4w/viewform?entry.471770043=https://twitter.com/Sevalkayan01&entry.1108662262=26772&usp=pp_url
",No,No,No,Female
eyzira,"https://docs.google.com/forms/d/e/1FAIpQLSeFf-DH8zs9gbESljXLtJb1g2xBtRpLgIOEwwvN6BeyDADq4w/viewform?entry.471770043=https://twitter.com/eyzira&entry.1108662262=26772&usp=pp_url
",No,No,No,Male
yarenyeo,"https://docs.google.com/forms/d/e/1FAIpQLSeFf-DH8zs9gbESljXLtJb1g2xBtRpLgIOEwwvN6BeyDADq4w/viewform?entry.471770043=https://twitter.com/yarenyeo&entry.1108662262=26772&usp=pp_url
",No,No,No,Female
hasanalgiin,"https://docs.google.com/forms/d/e/1FAIpQLSeFf-DH8zs9gbESljXLtJb1g2xBtRpLgIOEwwvN6BeyDADq4w/viewform?entry.471770043=https://twitter.com/hasanalgiin&entry.1108662262=26772&usp=pp_url
",No,No,No,Male
alaraaynncnm,"https://docs.google.com/forms/d/e/1FAIpQLSeFf-DH8zs9gbESljXLtJb1g2xBtRpLgIOEwwvN6BeyDADq4w/viewform?entry.471770043=https://twitter.com/alaraaynncnm&entry.1108662262=26772&usp=pp_url
",No,Not sure,No,Female
isadal24978794,"https://docs.google.com/forms/d/e/1FAIpQLSeFf-DH8zs9gbESljXLtJb1g2xBtRpLgIOEwwvN6BeyDADq4w/viewform?entry.471770043=https://twitter.com/ISADAL24978794&entry.1108662262=26772&usp=pp_url
",No,Yes,Yes,Not sure
yigidolu058,"https://docs.google.com/forms/d/e/1FAIpQLSeFf-DH8zs9gbESljXLtJb1g2xBtRpLgIOEwwvN6BeyDADq4w/viewform?entry.471770043=https://twitter.com/yigidolu058&entry.1108662262=26772&usp=pp_url
",No,Not sure,Yes,Not sure
bingollu_ali,"https://docs.google.com/forms/d/e/1FAIpQLSeFf-DH8zs9gbESljXLtJb1g2xBtRpLgIOEwwvN6BeyDADq4w/viewform?entry.471770043=https://twitter.com/bingollu_ali&entry.1108662262=26772&usp=pp_url
",No,No,Not sure,Male
sopevraiamour,"https://docs.google.com/forms/d/e/1FAIpQLSeFf-DH8zs9gbESljXLtJb1g2xBtRpLgIOEwwvN6BeyDADq4w/viewform?entry.471770043=https://twitter.com/sopevraiamour&entry.1108662262=26772&usp=pp_url
",No,No,No,Not sure
burakerbaychp,"https://docs.google.com/forms/d/e/1FAIpQLSeFf-DH8zs9gbESljXLtJb1g2xBtRpLgIOEwwvN6BeyDADq4w/viewform?entry.471770043=https://twitter.com/burakerbaychp&entry.1108662262=26772&usp=pp_url
",No,No,No,Male
nagaijosei,"https://docs.google.com/forms/d/e/1FAIpQLSeFf-DH8zs9gbESljXLtJb1g2xBtRpLgIOEwwvN6BeyDADq4w/viewform?entry.471770043=https://twitter.com/nagaijosei&entry.1108662262=26772&usp=pp_url
",No,No,No,Not sure
gokyar_nihat,"https://docs.google.com/forms/d/e/1FAIpQLSeFf-DH8zs9gbESljXLtJb1g2xBtRpLgIOEwwvN6BeyDADq4w/viewform?entry.471770043=https://twitter.com/gokyar_nihat&entry.1108662262=26772&usp=pp_url
",No,Yes,No,Male
diyabetliannesi,"https://docs.google.com/forms/d/e/1FAIpQLSeFf-DH8zs9gbESljXLtJb1g2xBtRpLgIOEwwvN6BeyDADq4w/viewform?entry.471770043=https://twitter.com/diyabetliannesi&entry.1108662262=26772&usp=pp_url
",No,Not sure,No,Female
globalkripto1,"https://docs.google.com/forms/d/e/1FAIpQLSeFf-DH8zs9gbESljXLtJb1g2xBtRpLgIOEwwvN6BeyDADq4w/viewform?entry.471770043=https://twitter.com/globalkripto1&entry.1108662262=26772&usp=pp_url
",No,No,No,Not sure
omerakdag34,"https://docs.google.com/forms/d/e/1FAIpQLSeFf-DH8zs9gbESljXLtJb1g2xBtRpLgIOEwwvN6BeyDADq4w/viewform?entry.471770043=https://twitter.com/omerakdag34&entry.1108662262=26772&usp=pp_url
",No,No,No,Male
bilgin21604923,"https://docs.google.com/forms/d/e/1FAIpQLSeFf-DH8zs9gbESljXLtJb1g2xBtRpLgIOEwwvN6BeyDADq4w/viewform?entry.471770043=https://twitter.com/Bilgin21604923&entry.1108662262=26772&usp=pp_url
",No,No,No,Male
tebajansi,"https://docs.google.com/forms/d/e/1FAIpQLSeFf-DH8zs9gbESljXLtJb1g2xBtRpLgIOEwwvN6BeyDADq4w/viewform?entry.471770043=https://twitter.com/tebajansi&entry.1108662262=26772&usp=pp_url
",Yes,No,No,Not sure
kazimsarican,"https://docs.google.com/forms/d/e/1FAIpQLSeFf-DH8zs9gbESljXLtJb1g2xBtRpLgIOEwwvN6BeyDADq4w/viewform?entry.471770043=https://twitter.com/KazimSarican&entry.1108662262=26772&usp=pp_url
",No,No,No,Male
mustafasentop,"https://docs.google.com/forms/d/e/1FAIpQLSeFf-DH8zs9gbESljXLtJb1g2xBtRpLgIOEwwvN6BeyDADq4w/viewform?entry.471770043=https://twitter.com/MustafaSentop&entry.1108662262=26772&usp=pp_url
",No,No,No,Male
bekiray23,"https://docs.google.com/forms/d/e/1FAIpQLSeFf-DH8zs9gbESljXLtJb1g2xBtRpLgIOEwwvN6BeyDADq4w/viewform?entry.471770043=https://twitter.com/bekiray23&entry.1108662262=26772&usp=pp_url
",No,No,No,Male
kamubiz_com,"https://docs.google.com/forms/d/e/1FAIpQLSeFf-DH8zs9gbESljXLtJb1g2xBtRpLgIOEwwvN6BeyDADq4w/viewform?entry.471770043=https://twitter.com/Kamubiz_com&entry.1108662262=26772&usp=pp_url
",Yes,No,No,Not sure
nimetssevimtr,"https://docs.google.com/forms/d/e/1FAIpQLSeFf-DH8zs9gbESljXLtJb1g2xBtRpLgIOEwwvN6BeyDADq4w/viewform?entry.471770043=https://twitter.com/nimetssevimtr&entry.1108662262=26772&usp=pp_url
",No,Yes,No,Not sure
eminegkrr,"https://docs.google.com/forms/d/e/1FAIpQLSeFf-DH8zs9gbESljXLtJb1g2xBtRpLgIOEwwvN6BeyDADq4w/viewform?entry.471770043=https://twitter.com/Eminegkrr&entry.1108662262=26772&usp=pp_url
",No,No,No,Female
brahimg77016159,"https://docs.google.com/forms/d/e/1FAIpQLSeFf-DH8zs9gbESljXLtJb1g2xBtRpLgIOEwwvN6BeyDADq4w/viewform?entry.471770043=https://twitter.com/brahimg77016159&entry.1108662262=26772&usp=pp_url
",No,Not sure,Yes,Not sure
yusufak63712920,"https://docs.google.com/forms/d/e/1FAIpQLSeFf-DH8zs9gbESljXLtJb1g2xBtRpLgIOEwwvN6BeyDADq4w/viewform?entry.471770043=https://twitter.com/YusufAk63712920&entry.1108662262=26772&usp=pp_url
",No,Yes,No,Not sure
ekonomistdergi,"https://docs.google.com/forms/d/e/1FAIpQLSeFf-DH8zs9gbESljXLtJb1g2xBtRpLgIOEwwvN6BeyDADq4w/viewform?entry.471770043=https://twitter.com/EkonomistDergi&entry.1108662262=26772&usp=pp_url
",Yes,No,No,Not sure
bunyamindalll,"https://docs.google.com/forms/d/e/1FAIpQLSeFf-DH8zs9gbESljXLtJb1g2xBtRpLgIOEwwvN6BeyDADq4w/viewform?entry.471770043=https://twitter.com/bunyamindalll&entry.1108662262=26772&usp=pp_url
",No,No,No,Male
lisblimy,"https://docs.google.com/forms/d/e/1FAIpQLSeFf-DH8zs9gbESljXLtJb1g2xBtRpLgIOEwwvN6BeyDADq4w/viewform?entry.471770043=https://twitter.com/lisblimy&entry.1108662262=26772&usp=pp_url
",No,Not sure,Not sure,Not sure
mahmutgurcan,"https://docs.google.com/forms/d/e/1FAIpQLSeFf-DH8zs9gbESljXLtJb1g2xBtRpLgIOEwwvN6BeyDADq4w/viewform?entry.471770043=https://twitter.com/mahmutgurcan&entry.1108662262=26772&usp=pp_url
",No,No,No,Male
fselimturk,"https://docs.google.com/forms/d/e/1FAIpQLSeFf-DH8zs9gbESljXLtJb1g2xBtRpLgIOEwwvN6BeyDADq4w/viewform?entry.471770043=https://twitter.com/FSelimturk&entry.1108662262=26772&usp=pp_url
",No,No,Not sure,Male
alpar_kaan,"https://docs.google.com/forms/d/e/1FAIpQLSeFf-DH8zs9gbESljXLtJb1g2xBtRpLgIOEwwvN6BeyDADq4w/viewform?entry.471770043=https://twitter.com/alpar_kaan&entry.1108662262=26772&usp=pp_url
",No,No,No,Male
lysinnnn,"https://docs.google.com/forms/d/e/1FAIpQLSeFf-DH8zs9gbESljXLtJb1g2xBtRpLgIOEwwvN6BeyDADq4w/viewform?entry.471770043=https://twitter.com/lysinnnn&entry.1108662262=26772&usp=pp_url
",No,No,No,Male
ayla62252909,"https://docs.google.com/forms/d/e/1FAIpQLSeFf-DH8zs9gbESljXLtJb1g2xBtRpLgIOEwwvN6BeyDADq4w/viewform?entry.471770043=https://twitter.com/ayla62252909&entry.1108662262=26772&usp=pp_url
",No,Yes,No,Female
gelincik019,"https://docs.google.com/forms/d/e/1FAIpQLSeFf-DH8zs9gbESljXLtJb1g2xBtRpLgIOEwwvN6BeyDADq4w/viewform?entry.471770043=https://twitter.com/gelincik019&entry.1108662262=26772&usp=pp_url
",No,Not sure,Not sure,Female
rumeyysfx,"https://docs.google.com/forms/d/e/1FAIpQLSeFf-DH8zs9gbESljXLtJb1g2xBtRpLgIOEwwvN6BeyDADq4w/viewform?entry.471770043=https://twitter.com/rumeyysfx&entry.1108662262=26772&usp=pp_url
",No,No,No,Female
oktemayhan,"https://docs.google.com/forms/d/e/1FAIpQLSeFf-DH8zs9gbESljXLtJb1g2xBtRpLgIOEwwvN6BeyDADq4w/viewform?entry.471770043=https://twitter.com/oktemayhan&entry.1108662262=26772&usp=pp_url
",No,No,No,Male
mahmutogluerkan,"https://docs.google.com/forms/d/e/1FAIpQLSeFf-DH8zs9gbESljXLtJb1g2xBtRpLgIOEwwvN6BeyDADq4w/viewform?entry.471770043=https://twitter.com/MahmutogluErkan&entry.1108662262=26772&usp=pp_url
",No,No,No,Male
hamzaozk35,"https://docs.google.com/forms/d/e/1FAIpQLSeFf-DH8zs9gbESljXLtJb1g2xBtRpLgIOEwwvN6BeyDADq4w/viewform?entry.471770043=https://twitter.com/hamzaozk35&entry.1108662262=26772&usp=pp_url
",No,Yes,No,Not sure
krnc_krrnc,"https://docs.google.com/forms/d/e/1FAIpQLSeFf-DH8zs9gbESljXLtJb1g2xBtRpLgIOEwwvN6BeyDADq4w/viewform?entry.471770043=https://twitter.com/krnc_krrnc&entry.1108662262=26772&usp=pp_url
",No,Yes,No,Not sure
f_dont,"https://docs.google.com/forms/d/e/1FAIpQLSeFf-DH8zs9gbESljXLtJb1g2xBtRpLgIOEwwvN6BeyDADq4w/viewform?entry.471770043=https://twitter.com/f_dont&entry.1108662262=26772&usp=pp_url
",No,No,No,Female
rukenerkil,"https://docs.google.com/forms/d/e/1FAIpQLSeFf-DH8zs9gbESljXLtJb1g2xBtRpLgIOEwwvN6BeyDADq4w/viewform?entry.471770043=https://twitter.com/rukenerkil&entry.1108662262=26772&usp=pp_url
",No,No,No,Female
emirssenol,"https://docs.google.com/forms/d/e/1FAIpQLSeFf-DH8zs9gbESljXLtJb1g2xBtRpLgIOEwwvN6BeyDADq4w/viewform?entry.471770043=https://twitter.com/emirssenol&entry.1108662262=26772&usp=pp_url
",No,No,No,Male
celenlicanan,"https://docs.google.com/forms/d/e/1FAIpQLSeFf-DH8zs9gbESljXLtJb1g2xBtRpLgIOEwwvN6BeyDADq4w/viewform?entry.471770043=https://twitter.com/CelenliCanan&entry.1108662262=26772&usp=pp_url
",No,Yes,No,Not sure
matlda_,"https://docs.google.com/forms/d/e/1FAIpQLSeFf-DH8zs9gbESljXLtJb1g2xBtRpLgIOEwwvN6BeyDADq4w/viewform?entry.471770043=https://twitter.com/matlda_&entry.1108662262=26772&usp=pp_url
",No,No,Yes,Not sure
erdemmkrc,"https://docs.google.com/forms/d/e/1FAIpQLSeFf-DH8zs9gbESljXLtJb1g2xBtRpLgIOEwwvN6BeyDADq4w/viewform?entry.471770043=https://twitter.com/ErdeMmkrc&entry.1108662262=26772&usp=pp_url
",No,No,No,Male
nonamebadem34,"https://docs.google.com/forms/d/e/1FAIpQLSeFf-DH8zs9gbESljXLtJb1g2xBtRpLgIOEwwvN6BeyDADq4w/viewform?entry.471770043=https://twitter.com/NonameBadem34&entry.1108662262=26772&usp=pp_url
",No,Yes,No,Not sure
selcuktonyali84,"https://docs.google.com/forms/d/e/1FAIpQLSeFf-DH8zs9gbESljXLtJb1g2xBtRpLgIOEwwvN6BeyDADq4w/viewform?entry.471770043=https://twitter.com/SelcukTonyali84&entry.1108662262=26772&usp=pp_url
",No,No,No,Male
esrakrlnks61,"https://docs.google.com/forms/d/e/1FAIpQLSeFf-DH8zs9gbESljXLtJb1g2xBtRpLgIOEwwvN6BeyDADq4w/viewform?entry.471770043=https://twitter.com/esrakrlnks61&entry.1108662262=26772&usp=pp_url
",No,Not sure,No,Female
mehmettas02,"https://docs.google.com/forms/d/e/1FAIpQLSeFf-DH8zs9gbESljXLtJb1g2xBtRpLgIOEwwvN6BeyDADq4w/viewform?entry.471770043=https://twitter.com/MehmetTas02&entry.1108662262=26772&usp=pp_url
",No,No,No,Male
madambrkn,"https://docs.google.com/forms/d/e/1FAIpQLSeFf-DH8zs9gbESljXLtJb1g2xBtRpLgIOEwwvN6BeyDADq4w/viewform?entry.471770043=https://twitter.com/madambrkn&entry.1108662262=26772&usp=pp_url
",No,No,No,Female
zabita2525,"https://docs.google.com/forms/d/e/1FAIpQLSeFf-DH8zs9gbESljXLtJb1g2xBtRpLgIOEwwvN6BeyDADq4w/viewform?entry.471770043=https://twitter.com/Zabita2525&entry.1108662262=26772&usp=pp_url
",No,Yes,No,Not sure
noluyoruya,"https://docs.google.com/forms/d/e/1FAIpQLSeFf-DH8zs9gbESljXLtJb1g2xBtRpLgIOEwwvN6BeyDADq4w/viewform?entry.471770043=https://twitter.com/noluyoruya&entry.1108662262=26772&usp=pp_url
",No,No,No,Female
esinderela3,"https://docs.google.com/forms/d/e/1FAIpQLSeFf-DH8zs9gbESljXLtJb1g2xBtRpLgIOEwwvN6BeyDADq4w/viewform?entry.471770043=https://twitter.com/esinderela3&entry.1108662262=26772&usp=pp_url
",No,No,No,Female
ahmad447444745,"https://docs.google.com/forms/d/e/1FAIpQLSeFf-DH8zs9gbESljXLtJb1g2xBtRpLgIOEwwvN6BeyDADq4w/viewform?entry.471770043=https://twitter.com/AHMAD447444745&entry.1108662262=26772&usp=pp_url
",No,Yes,No,Male
bomieboms,"https://docs.google.com/forms/d/e/1FAIpQLSeFf-DH8zs9gbESljXLtJb1g2xBtRpLgIOEwwvN6BeyDADq4w/viewform?entry.471770043=https://twitter.com/bomieboms&entry.1108662262=26772&usp=pp_url
",No,No,No,Female
brknaln1,"https://docs.google.com/forms/d/e/1FAIpQLSeFf-DH8zs9gbESljXLtJb1g2xBtRpLgIOEwwvN6BeyDADq4w/viewform?entry.471770043=https://twitter.com/Brknaln1&entry.1108662262=26772&usp=pp_url
",No,Yes,No,Male
dadas25baba,"https://docs.google.com/forms/d/e/1FAIpQLSeFf-DH8zs9gbESljXLtJb1g2xBtRpLgIOEwwvN6BeyDADq4w/viewform?entry.471770043=https://twitter.com/dadas25baba&entry.1108662262=26772&usp=pp_url
",No,Yes,No,Not sure
muratyalcink,"https://docs.google.com/forms/d/e/1FAIpQLSeFf-DH8zs9gbESljXLtJb1g2xBtRpLgIOEwwvN6BeyDADq4w/viewform?entry.471770043=https://twitter.com/muratyalcink&entry.1108662262=26772&usp=pp_url
",No,No,No,Male
lalscrimosa,"https://docs.google.com/forms/d/e/1FAIpQLSeFf-DH8zs9gbESljXLtJb1g2xBtRpLgIOEwwvN6BeyDADq4w/viewform?entry.471770043=https://twitter.com/lalscrimosa&entry.1108662262=26772&usp=pp_url
",No,No,No,Female
ibrahim29780617,"https://docs.google.com/forms/d/e/1FAIpQLSeFf-DH8zs9gbESljXLtJb1g2xBtRpLgIOEwwvN6BeyDADq4w/viewform?entry.471770043=https://twitter.com/ibrahim29780617&entry.1108662262=26772&usp=pp_url
",No,Yes,No,Not sure
nurmin27978067,"https://docs.google.com/forms/d/e/1FAIpQLSeFf-DH8zs9gbESljXLtJb1g2xBtRpLgIOEwwvN6BeyDADq4w/viewform?entry.471770043=https://twitter.com/Nurmin27978067&entry.1108662262=26772&usp=pp_url
",No,Not sure,Yes,Not sure
radarkorupsi,"https://docs.google.com/forms/d/e/1FAIpQLSeFf-DH8zs9gbESljXLtJb1g2xBtRpLgIOEwwvN6BeyDADq4w/viewform?entry.471770043=https://twitter.com/RadarKorupsi&entry.1108662262=26772&usp=pp_url
",No,Not sure,Not sure,Male
nihalokur43,"https://docs.google.com/forms/d/e/1FAIpQLSeFf-DH8zs9gbESljXLtJb1g2xBtRpLgIOEwwvN6BeyDADq4w/viewform?entry.471770043=https://twitter.com/nihalokur43&entry.1108662262=26772&usp=pp_url
",No,Not sure,No,Female
serylmz76,"https://docs.google.com/forms/d/e/1FAIpQLSeFf-DH8zs9gbESljXLtJb1g2xBtRpLgIOEwwvN6BeyDADq4w/viewform?entry.471770043=https://twitter.com/SErylmz76&entry.1108662262=26772&usp=pp_url
",No,Not sure,Yes,Male
naz9488,"https://docs.google.com/forms/d/e/1FAIpQLSeFf-DH8zs9gbESljXLtJb1g2xBtRpLgIOEwwvN6BeyDADq4w/viewform?entry.471770043=https://twitter.com/Naz9488&entry.1108662262=26772&usp=pp_url
",No,No,No,Female
emelylmz54,"https://docs.google.com/forms/d/e/1FAIpQLSeFf-DH8zs9gbESljXLtJb1g2xBtRpLgIOEwwvN6BeyDADq4w/viewform?entry.471770043=https://twitter.com/EmelYlmz54&entry.1108662262=26772&usp=pp_url
",No,Yes,No,Female
esat_oktay58,"https://docs.google.com/forms/d/e/1FAIpQLSeFf-DH8zs9gbESljXLtJb1g2xBtRpLgIOEwwvN6BeyDADq4w/viewform?entry.471770043=https://twitter.com/esat_oktay58&entry.1108662262=26772&usp=pp_url
",No,No,Not sure,Male
akgenclikizmir,"https://docs.google.com/forms/d/e/1FAIpQLSeFf-DH8zs9gbESljXLtJb1g2xBtRpLgIOEwwvN6BeyDADq4w/viewform?entry.471770043=https://twitter.com/akgenclikizmir&entry.1108662262=26772&usp=pp_url
",Yes,No,No,Not sure
aytaasl07787580,"https://docs.google.com/forms/d/e/1FAIpQLSeFf-DH8zs9gbESljXLtJb1g2xBtRpLgIOEwwvN6BeyDADq4w/viewform?entry.471770043=https://twitter.com/AytaAsl07787580&entry.1108662262=26772&usp=pp_url
",No,No,No,Male
dengesizclk,"https://docs.google.com/forms/d/e/1FAIpQLSeFf-DH8zs9gbESljXLtJb1g2xBtRpLgIOEwwvN6BeyDADq4w/viewform?entry.471770043=https://twitter.com/DengesizClk&entry.1108662262=26772&usp=pp_url
",No,No,Not sure,Not sure
mustafaarst,"https://docs.google.com/forms/d/e/1FAIpQLSeFf-DH8zs9gbESljXLtJb1g2xBtRpLgIOEwwvN6BeyDADq4w/viewform?entry.471770043=https://twitter.com/MustafaArst&entry.1108662262=26772&usp=pp_url
",No,No,No,Male
atamaaaa4,"https://docs.google.com/forms/d/e/1FAIpQLSeFf-DH8zs9gbESljXLtJb1g2xBtRpLgIOEwwvN6BeyDADq4w/viewform?entry.471770043=https://twitter.com/Atamaaaa4&entry.1108662262=26772&usp=pp_url
",No,Not sure,No,Not sure
sunayildizoglu,"https://docs.google.com/forms/d/e/1FAIpQLSeFf-DH8zs9gbESljXLtJb1g2xBtRpLgIOEwwvN6BeyDADq4w/viewform?entry.471770043=https://twitter.com/SunaYildizoglu&entry.1108662262=26772&usp=pp_url
",No,No,No,Female
pyrzca,"https://docs.google.com/forms/d/e/1FAIpQLSeFf-DH8zs9gbESljXLtJb1g2xBtRpLgIOEwwvN6BeyDADq4w/viewform?entry.471770043=https://twitter.com/pyrzca&entry.1108662262=26772&usp=pp_url
",No,No,No,Male
alipeker1903,"https://docs.google.com/forms/d/e/1FAIpQLSeFf-DH8zs9gbESljXLtJb1g2xBtRpLgIOEwwvN6BeyDADq4w/viewform?entry.471770043=https://twitter.com/alipeker1903&entry.1108662262=26772&usp=pp_url
",No,No,No,Male
cemcemmyildiz,"https://docs.google.com/forms/d/e/1FAIpQLSeFf-DH8zs9gbESljXLtJb1g2xBtRpLgIOEwwvN6BeyDADq4w/viewform?entry.471770043=https://twitter.com/cemcemmyildiz&entry.1108662262=26772&usp=pp_url
",No,No,No,Male
dindargenc2,"https://docs.google.com/forms/d/e/1FAIpQLSeFf-DH8zs9gbESljXLtJb1g2xBtRpLgIOEwwvN6BeyDADq4w/viewform?entry.471770043=https://twitter.com/DindarGenc2&entry.1108662262=26772&usp=pp_url
",,,,
scan_monitor,"https://docs.google.com/forms/d/e/1FAIpQLSeFf-DH8zs9gbESljXLtJb1g2xBtRpLgIOEwwvN6BeyDADq4w/viewform?entry.471770043=https://twitter.com/SCAN_Monitor&entry.1108662262=26772&usp=pp_url
",Yes,No,No,Not sure
nabiyonyevrum,"https://docs.google.com/forms/d/e/1FAIpQLSeFf-DH8zs9gbESljXLtJb1g2xBtRpLgIOEwwvN6BeyDADq4w/viewform?entry.471770043=https://twitter.com/nabiyonyevrum&entry.1108662262=26772&usp=pp_url
",No,No,No,Female
besti_memmedova,"https://docs.google.com/forms/d/e/1FAIpQLSeFf-DH8zs9gbESljXLtJb1g2xBtRpLgIOEwwvN6BeyDADq4w/viewform?entry.471770043=https://twitter.com/besti_memmedova&entry.1108662262=26772&usp=pp_url
",No,No,No,Female
uka_akn,"https://docs.google.com/forms/d/e/1FAIpQLSeFf-DH8zs9gbESljXLtJb1g2xBtRpLgIOEwwvN6BeyDADq4w/viewform?entry.471770043=https://twitter.com/UKa_akn&entry.1108662262=26772&usp=pp_url
",No,No,No,Male
gl21509653,"https://docs.google.com/forms/d/e/1FAIpQLSeFf-DH8zs9gbESljXLtJb1g2xBtRpLgIOEwwvN6BeyDADq4w/viewform?entry.471770043=https://twitter.com/Gl21509653&entry.1108662262=26772&usp=pp_url
",No,Yes,No,Not sure
ilkertre8,"https://docs.google.com/forms/d/e/1FAIpQLSeFf-DH8zs9gbESljXLtJb1g2xBtRpLgIOEwwvN6BeyDADq4w/viewform?entry.471770043=https://twitter.com/ilkertre8&entry.1108662262=26772&usp=pp_url
",No,Yes,No,Male
qara118,"https://docs.google.com/forms/d/e/1FAIpQLSeFf-DH8zs9gbESljXLtJb1g2xBtRpLgIOEwwvN6BeyDADq4w/viewform?entry.471770043=https://twitter.com/qara118&entry.1108662262=26772&usp=pp_url
",No,No,Yes,Not sure
tahinnhelvasi,"https://docs.google.com/forms/d/e/1FAIpQLSeFf-DH8zs9gbESljXLtJb1g2xBtRpLgIOEwwvN6BeyDADq4w/viewform?entry.471770043=https://twitter.com/tahinnhelvasi&entry.1108662262=26772&usp=pp_url
",No,Yes,No,Female
haber_ortami,"https://docs.google.com/forms/d/e/1FAIpQLSeFf-DH8zs9gbESljXLtJb1g2xBtRpLgIOEwwvN6BeyDADq4w/viewform?entry.471770043=https://twitter.com/haber_ortami&entry.1108662262=26772&usp=pp_url
",Yes,No,No,Not sure
umutnimetatas,"https://docs.google.com/forms/d/e/1FAIpQLSeFf-DH8zs9gbESljXLtJb1g2xBtRpLgIOEwwvN6BeyDADq4w/viewform?entry.471770043=https://twitter.com/umutnimetatas&entry.1108662262=26772&usp=pp_url
",No,No,No,Male
electra1011,"https://docs.google.com/forms/d/e/1FAIpQLSeFf-DH8zs9gbESljXLtJb1g2xBtRpLgIOEwwvN6BeyDADq4w/viewform?entry.471770043=https://twitter.com/Electra1011&entry.1108662262=26772&usp=pp_url
",No,No,No,Female
sleyman25240212,"https://docs.google.com/forms/d/e/1FAIpQLSeFf-DH8zs9gbESljXLtJb1g2xBtRpLgIOEwwvN6BeyDADq4w/viewform?entry.471770043=https://twitter.com/Sleyman25240212&entry.1108662262=26772&usp=pp_url
",No,Yes,No,Male
tugbasarioz,"https://docs.google.com/forms/d/e/1FAIpQLSeFf-DH8zs9gbESljXLtJb1g2xBtRpLgIOEwwvN6BeyDADq4w/viewform?entry.471770043=https://twitter.com/tugbasarioz&entry.1108662262=26772&usp=pp_url
",No,No,No,Female
uretimyerli,"https://docs.google.com/forms/d/e/1FAIpQLSeFf-DH8zs9gbESljXLtJb1g2xBtRpLgIOEwwvN6BeyDADq4w/viewform?entry.471770043=https://twitter.com/UretimYerli&entry.1108662262=26772&usp=pp_url
",Yes,No,No,Not sure
osmanga70219647,"https://docs.google.com/forms/d/e/1FAIpQLSeFf-DH8zs9gbESljXLtJb1g2xBtRpLgIOEwwvN6BeyDADq4w/viewform?entry.471770043=https://twitter.com/Osmanga70219647&entry.1108662262=26772&usp=pp_url
",No,Yes,No,Male
yusufozogul69,"https://docs.google.com/forms/d/e/1FAIpQLSeFf-DH8zs9gbESljXLtJb1g2xBtRpLgIOEwwvN6BeyDADq4w/viewform?entry.471770043=https://twitter.com/yusufozogul69&entry.1108662262=26772&usp=pp_url
",No,No,Not sure,Male
___zxqqaa,"https://docs.google.com/forms/d/e/1FAIpQLSeFf-DH8zs9gbESljXLtJb1g2xBtRpLgIOEwwvN6BeyDADq4w/viewform?entry.471770043=https://twitter.com/___Zxqqaa&entry.1108662262=26772&usp=pp_url
",No,No,Not sure,Not sure
nuribenzer63,"https://docs.google.com/forms/d/e/1FAIpQLSeFf-DH8zs9gbESljXLtJb1g2xBtRpLgIOEwwvN6BeyDADq4w/viewform?entry.471770043=https://twitter.com/NURiBenzer63&entry.1108662262=26772&usp=pp_url
",No,Not sure,No,Male
denizlihabercom,"https://docs.google.com/forms/d/e/1FAIpQLSeFf-DH8zs9gbESljXLtJb1g2xBtRpLgIOEwwvN6BeyDADq4w/viewform?entry.471770043=https://twitter.com/denizlihabercom&entry.1108662262=26772&usp=pp_url
",Yes,No,No,Not sure
hseynugur,"https://docs.google.com/forms/d/e/1FAIpQLSeFf-DH8zs9gbESljXLtJb1g2xBtRpLgIOEwwvN6BeyDADq4w/viewform?entry.471770043=https://twitter.com/hseynugur&entry.1108662262=26772&usp=pp_url
",No,Not sure,Not sure,Male
erka_dal,"https://docs.google.com/forms/d/e/1FAIpQLSeFf-DH8zs9gbESljXLtJb1g2xBtRpLgIOEwwvN6BeyDADq4w/viewform?entry.471770043=https://twitter.com/erka_dal&entry.1108662262=26772&usp=pp_url
",No,No,No,Male
bensuveyda_,"https://docs.google.com/forms/d/e/1FAIpQLSeFf-DH8zs9gbESljXLtJb1g2xBtRpLgIOEwwvN6BeyDADq4w/viewform?entry.471770043=https://twitter.com/bensuveyda_&entry.1108662262=26772&usp=pp_url
",No,No,No,Female
mpasa77,"https://docs.google.com/forms/d/e/1FAIpQLSeFf-DH8zs9gbESljXLtJb1g2xBtRpLgIOEwwvN6BeyDADq4w/viewform?entry.471770043=https://twitter.com/MPasa77&entry.1108662262=26772&usp=pp_url
",No,No,Not sure,Male
lavryalgnzz,"https://docs.google.com/forms/d/e/1FAIpQLSeFf-DH8zs9gbESljXLtJb1g2xBtRpLgIOEwwvN6BeyDADq4w/viewform?entry.471770043=https://twitter.com/lavryalgnzz&entry.1108662262=26772&usp=pp_url
",No,No,No,Female
arifayd89909179,"https://docs.google.com/forms/d/e/1FAIpQLSeFf-DH8zs9gbESljXLtJb1g2xBtRpLgIOEwwvN6BeyDADq4w/viewform?entry.471770043=https://twitter.com/ArifAyd89909179&entry.1108662262=26772&usp=pp_url
",Yes,Not sure,No,Male
kelekbek,"https://docs.google.com/forms/d/e/1FAIpQLSeFf-DH8zs9gbESljXLtJb1g2xBtRpLgIOEwwvN6BeyDADq4w/viewform?entry.471770043=https://twitter.com/kelekbek&entry.1108662262=26772&usp=pp_url
",No,No,No,Male
akgnemre1,"https://docs.google.com/forms/d/e/1FAIpQLSeFf-DH8zs9gbESljXLtJb1g2xBtRpLgIOEwwvN6BeyDADq4w/viewform?entry.471770043=https://twitter.com/AkgnEmre1&entry.1108662262=26772&usp=pp_url
",No,No,No,Male
dred___,"https://docs.google.com/forms/d/e/1FAIpQLSeFf-DH8zs9gbESljXLtJb1g2xBtRpLgIOEwwvN6BeyDADq4w/viewform?entry.471770043=https://twitter.com/DRed___&entry.1108662262=26772&usp=pp_url
",No,No,No,Male
birdostunuzumm,"https://docs.google.com/forms/d/e/1FAIpQLSeFf-DH8zs9gbESljXLtJb1g2xBtRpLgIOEwwvN6BeyDADq4w/viewform?entry.471770043=https://twitter.com/Birdostunuzumm&entry.1108662262=26772&usp=pp_url
",No,No,No,Female
wendesday21_s,"https://docs.google.com/forms/d/e/1FAIpQLSeFf-DH8zs9gbESljXLtJb1g2xBtRpLgIOEwwvN6BeyDADq4w/viewform?entry.471770043=https://twitter.com/wendesday21_s&entry.1108662262=26772&usp=pp_url
",No,Not sure,No,Female
teslatesla4009,"https://docs.google.com/forms/d/e/1FAIpQLSeFf-DH8zs9gbESljXLtJb1g2xBtRpLgIOEwwvN6BeyDADq4w/viewform?entry.471770043=https://twitter.com/TeslaTesla4009&entry.1108662262=26772&usp=pp_url
",No,Yes,No,Male
bernaaekrk,"https://docs.google.com/forms/d/e/1FAIpQLSeFf-DH8zs9gbESljXLtJb1g2xBtRpLgIOEwwvN6BeyDADq4w/viewform?entry.471770043=https://twitter.com/bernaaekrk&entry.1108662262=26772&usp=pp_url
",No,No,No,Female
canergunes24,"https://docs.google.com/forms/d/e/1FAIpQLSeFf-DH8zs9gbESljXLtJb1g2xBtRpLgIOEwwvN6BeyDADq4w/viewform?entry.471770043=https://twitter.com/canergunes24&entry.1108662262=26772&usp=pp_url
",No,No,No,Male
harlunoshi,"https://docs.google.com/forms/d/e/1FAIpQLSeFf-DH8zs9gbESljXLtJb1g2xBtRpLgIOEwwvN6BeyDADq4w/viewform?entry.471770043=https://twitter.com/Harlunoshi&entry.1108662262=26772&usp=pp_url
",No,No,No,Not sure
1emre_1923,"https://docs.google.com/forms/d/e/1FAIpQLSeFf-DH8zs9gbESljXLtJb1g2xBtRpLgIOEwwvN6BeyDADq4w/viewform?entry.471770043=https://twitter.com/1emre_1923&entry.1108662262=26772&usp=pp_url
",No,Yes,No,Male
ademozgen_1903,"https://docs.google.com/forms/d/e/1FAIpQLSeFf-DH8zs9gbESljXLtJb1g2xBtRpLgIOEwwvN6BeyDADq4w/viewform?entry.471770043=https://twitter.com/ademozgen_1903&entry.1108662262=26772&usp=pp_url
",No,No,No,Male
scorpiehoez,"https://docs.google.com/forms/d/e/1FAIpQLSeFf-DH8zs9gbESljXLtJb1g2xBtRpLgIOEwwvN6BeyDADq4w/viewform?entry.471770043=https://twitter.com/SCORPIEHOEZ&entry.1108662262=26772&usp=pp_url
",No,No,Not sure,Female
srpsad,"https://docs.google.com/forms/d/e/1FAIpQLSeFf-DH8zs9gbESljXLtJb1g2xBtRpLgIOEwwvN6BeyDADq4w/viewform?entry.471770043=https://twitter.com/srpsad&entry.1108662262=26772&usp=pp_url
",No,Not sure,Not sure,Female
mvnez,"https://docs.google.com/forms/d/e/1FAIpQLSeFf-DH8zs9gbESljXLtJb1g2xBtRpLgIOEwwvN6BeyDADq4w/viewform?entry.471770043=https://twitter.com/mvnez&entry.1108662262=26772&usp=pp_url
",No,No,No,Female
kheijin_l9,"https://docs.google.com/forms/d/e/1FAIpQLSeFf-DH8zs9gbESljXLtJb1g2xBtRpLgIOEwwvN6BeyDADq4w/viewform?entry.471770043=https://twitter.com/Kheijin_L9&entry.1108662262=26772&usp=pp_url
",No,No,Yes,Not sure
__asist,"https://docs.google.com/forms/d/e/1FAIpQLSeFf-DH8zs9gbESljXLtJb1g2xBtRpLgIOEwwvN6BeyDADq4w/viewform?entry.471770043=https://twitter.com/__Asist&entry.1108662262=26772&usp=pp_url
",No,No,Not sure,Male
aysedax,"https://docs.google.com/forms/d/e/1FAIpQLSeFf-DH8zs9gbESljXLtJb1g2xBtRpLgIOEwwvN6BeyDADq4w/viewform?entry.471770043=https://twitter.com/aysedax&entry.1108662262=26772&usp=pp_url
",No,No,No,Female
fanibirfakih,"https://docs.google.com/forms/d/e/1FAIpQLSeFf-DH8zs9gbESljXLtJb1g2xBtRpLgIOEwwvN6BeyDADq4w/viewform?entry.471770043=https://twitter.com/fanibirfakih&entry.1108662262=26772&usp=pp_url
",No,No,Not sure,Not sure
damlavlonyaa,"https://docs.google.com/forms/d/e/1FAIpQLSeFf-DH8zs9gbESljXLtJb1g2xBtRpLgIOEwwvN6BeyDADq4w/viewform?entry.471770043=https://twitter.com/damlavlonyaa&entry.1108662262=26772&usp=pp_url
",No,No,No,Female
mogollar32,"https://docs.google.com/forms/d/e/1FAIpQLSeFf-DH8zs9gbESljXLtJb1g2xBtRpLgIOEwwvN6BeyDADq4w/viewform?entry.471770043=https://twitter.com/mogollar32&entry.1108662262=26772&usp=pp_url
",No,No,Not sure,Male
glson09420724,"https://docs.google.com/forms/d/e/1FAIpQLSeFf-DH8zs9gbESljXLtJb1g2xBtRpLgIOEwwvN6BeyDADq4w/viewform?entry.471770043=https://twitter.com/Glson09420724&entry.1108662262=26772&usp=pp_url
",No,Yes,Not sure,Not sure
vatanyazacagiz,"https://docs.google.com/forms/d/e/1FAIpQLSeFf-DH8zs9gbESljXLtJb1g2xBtRpLgIOEwwvN6BeyDADq4w/viewform?entry.471770043=https://twitter.com/Vatanyazacagiz&entry.1108662262=26772&usp=pp_url
",No,No,Yes,Not sure
allahsevenli,"https://docs.google.com/forms/d/e/1FAIpQLSeFf-DH8zs9gbESljXLtJb1g2xBtRpLgIOEwwvN6BeyDADq4w/viewform?entry.471770043=https://twitter.com/allahsevenli&entry.1108662262=26772&usp=pp_url
",No,No,No,Male
ultrabzon061,"https://docs.google.com/forms/d/e/1FAIpQLSeFf-DH8zs9gbESljXLtJb1g2xBtRpLgIOEwwvN6BeyDADq4w/viewform?entry.471770043=https://twitter.com/ultrabzon061&entry.1108662262=26772&usp=pp_url
",Yes,Not sure,No,Not sure
aurarslan6,"https://docs.google.com/forms/d/e/1FAIpQLSeFf-DH8zs9gbESljXLtJb1g2xBtRpLgIOEwwvN6BeyDADq4w/viewform?entry.471770043=https://twitter.com/aurarslan6&entry.1108662262=26772&usp=pp_url
",No,No,Not sure,Male
serpilz16953951,"https://docs.google.com/forms/d/e/1FAIpQLSeFf-DH8zs9gbESljXLtJb1g2xBtRpLgIOEwwvN6BeyDADq4w/viewform?entry.471770043=https://twitter.com/Serpilz16953951&entry.1108662262=26772&usp=pp_url
",No,Not sure,No,Female
haf_zhan,"https://docs.google.com/forms/d/e/1FAIpQLSeFf-DH8zs9gbESljXLtJb1g2xBtRpLgIOEwwvN6BeyDADq4w/viewform?entry.471770043=https://twitter.com/haf_zhan&entry.1108662262=26772&usp=pp_url
",No,No,No,Female
burcu22867204,"https://docs.google.com/forms/d/e/1FAIpQLSeFf-DH8zs9gbESljXLtJb1g2xBtRpLgIOEwwvN6BeyDADq4w/viewform?entry.471770043=https://twitter.com/Burcu22867204&entry.1108662262=26772&usp=pp_url
",No,Yes,No,Female
nihayetkerkukl3,"https://docs.google.com/forms/d/e/1FAIpQLSeFf-DH8zs9gbESljXLtJb1g2xBtRpLgIOEwwvN6BeyDADq4w/viewform?entry.471770043=https://twitter.com/NihayetKerkukl3&entry.1108662262=26772&usp=pp_url
",No,Not sure,Not sure,Not sure
vidacitigris,"https://docs.google.com/forms/d/e/1FAIpQLSeFf-DH8zs9gbESljXLtJb1g2xBtRpLgIOEwwvN6BeyDADq4w/viewform?entry.471770043=https://twitter.com/VidaciTigris&entry.1108662262=26772&usp=pp_url
",No,No,No,Male
d_carpe_diem_,"https://docs.google.com/forms/d/e/1FAIpQLSeFf-DH8zs9gbESljXLtJb1g2xBtRpLgIOEwwvN6BeyDADq4w/viewform?entry.471770043=https://twitter.com/D_Carpe_Diem_&entry.1108662262=26772&usp=pp_url
",No,No,Not sure,Not sure
alparsl27435232,"https://docs.google.com/forms/d/e/1FAIpQLSeFf-DH8zs9gbESljXLtJb1g2xBtRpLgIOEwwvN6BeyDADq4w/viewform?entry.471770043=https://twitter.com/Alparsl27435232&entry.1108662262=26772&usp=pp_url
",No,Not sure,Not sure,Male
istiyoatama,"https://docs.google.com/forms/d/e/1FAIpQLSeFf-DH8zs9gbESljXLtJb1g2xBtRpLgIOEwwvN6BeyDADq4w/viewform?entry.471770043=https://twitter.com/IstiyoAtama&entry.1108662262=26772&usp=pp_url
",No,Not sure,No,Not sure
bgurkanyilmaz,"https://docs.google.com/forms/d/e/1FAIpQLSeFf-DH8zs9gbESljXLtJb1g2xBtRpLgIOEwwvN6BeyDADq4w/viewform?entry.471770043=https://twitter.com/BGurkanYilmaz&entry.1108662262=26772&usp=pp_url
",No,No,No,Male
abepdernek,"https://docs.google.com/forms/d/e/1FAIpQLSeFf-DH8zs9gbESljXLtJb1g2xBtRpLgIOEwwvN6BeyDADq4w/viewform?entry.471770043=https://twitter.com/ABEPDERNEK&entry.1108662262=26772&usp=pp_url
",Yes,No,No,Not sure
ahmetmudur1,"https://docs.google.com/forms/d/e/1FAIpQLSeFf-DH8zs9gbESljXLtJb1g2xBtRpLgIOEwwvN6BeyDADq4w/viewform?entry.471770043=https://twitter.com/ahmetmudur1&entry.1108662262=26772&usp=pp_url
",No,No,No,Male
kadirozgen38,"https://docs.google.com/forms/d/e/1FAIpQLSeFf-DH8zs9gbESljXLtJb1g2xBtRpLgIOEwwvN6BeyDADq4w/viewform?entry.471770043=https://twitter.com/kadirozgen38&entry.1108662262=26772&usp=pp_url
",No,No,No,Male
omeeerbeey,"https://docs.google.com/forms/d/e/1FAIpQLSeFf-DH8zs9gbESljXLtJb1g2xBtRpLgIOEwwvN6BeyDADq4w/viewform?entry.471770043=https://twitter.com/omeeerbeey&entry.1108662262=26772&usp=pp_url
",No,No,No,Male
karakar07204151,"https://docs.google.com/forms/d/e/1FAIpQLSeFf-DH8zs9gbESljXLtJb1g2xBtRpLgIOEwwvN6BeyDADq4w/viewform?entry.471770043=https://twitter.com/karakar07204151&entry.1108662262=26772&usp=pp_url
",No,No,No,Male
cilekliatte,"https://docs.google.com/forms/d/e/1FAIpQLSeFf-DH8zs9gbESljXLtJb1g2xBtRpLgIOEwwvN6BeyDADq4w/viewform?entry.471770043=https://twitter.com/cilekliatte&entry.1108662262=26772&usp=pp_url
",No,No,No,Female
serkan10598818,"https://docs.google.com/forms/d/e/1FAIpQLSeFf-DH8zs9gbESljXLtJb1g2xBtRpLgIOEwwvN6BeyDADq4w/viewform?entry.471770043=https://twitter.com/serkan10598818&entry.1108662262=26772&usp=pp_url
",No,Not sure,Yes,Male
turkan__ay,"https://docs.google.com/forms/d/e/1FAIpQLSeFf-DH8zs9gbESljXLtJb1g2xBtRpLgIOEwwvN6BeyDADq4w/viewform?entry.471770043=https://twitter.com/turkan__ay&entry.1108662262=26772&usp=pp_url
",No,No,No,Female
_sydneycarton_,"https://docs.google.com/forms/d/e/1FAIpQLSeFf-DH8zs9gbESljXLtJb1g2xBtRpLgIOEwwvN6BeyDADq4w/viewform?entry.471770043=https://twitter.com/_SydneyCarton_&entry.1108662262=26772&usp=pp_url
",No,No,Not sure,Not sure
farukhalit2,"https://docs.google.com/forms/d/e/1FAIpQLSeFf-DH8zs9gbESljXLtJb1g2xBtRpLgIOEwwvN6BeyDADq4w/viewform?entry.471770043=https://twitter.com/FarukHalit2&entry.1108662262=26772&usp=pp_url
",No,No,No,Male
kanalsiyasal,"https://docs.google.com/forms/d/e/1FAIpQLSeFf-DH8zs9gbESljXLtJb1g2xBtRpLgIOEwwvN6BeyDADq4w/viewform?entry.471770043=https://twitter.com/KanalSiyasal&entry.1108662262=26772&usp=pp_url
",Yes,No,No,Not sure
yorukoglu799,"https://docs.google.com/forms/d/e/1FAIpQLSeFf-DH8zs9gbESljXLtJb1g2xBtRpLgIOEwwvN6BeyDADq4w/viewform?entry.471770043=https://twitter.com/yorukoglu799&entry.1108662262=26772&usp=pp_url
",No,No,Not sure,Male
ytezcan33,"https://docs.google.com/forms/d/e/1FAIpQLSeFf-DH8zs9gbESljXLtJb1g2xBtRpLgIOEwwvN6BeyDADq4w/viewform?entry.471770043=https://twitter.com/ytezcan33&entry.1108662262=26772&usp=pp_url
",No,No,No,Male
unnecessarym,"https://docs.google.com/forms/d/e/1FAIpQLSeFf-DH8zs9gbESljXLtJb1g2xBtRpLgIOEwwvN6BeyDADq4w/viewform?entry.471770043=https://twitter.com/UnnecessaryM&entry.1108662262=26772&usp=pp_url
",No,No,No,Not sure
valisu31,"https://docs.google.com/forms/d/e/1FAIpQLSeFf-DH8zs9gbESljXLtJb1g2xBtRpLgIOEwwvN6BeyDADq4w/viewform?entry.471770043=https://twitter.com/valisu31&entry.1108662262=26772&usp=pp_url
",No,No,No,Male
nightowl9969,"https://docs.google.com/forms/d/e/1FAIpQLSeFf-DH8zs9gbESljXLtJb1g2xBtRpLgIOEwwvN6BeyDADq4w/viewform?entry.471770043=https://twitter.com/NightOwl9969&entry.1108662262=26772&usp=pp_url
",No,Yes,No,Not sure
bjkhentbol,"https://docs.google.com/forms/d/e/1FAIpQLSeFf-DH8zs9gbESljXLtJb1g2xBtRpLgIOEwwvN6BeyDADq4w/viewform?entry.471770043=https://twitter.com/BJKHentbol&entry.1108662262=26772&usp=pp_url
",Yes,No,No,Not sure
nasreenakhan006,"https://docs.google.com/forms/d/e/1FAIpQLSeFf-DH8zs9gbESljXLtJb1g2xBtRpLgIOEwwvN6BeyDADq4w/viewform?entry.471770043=https://twitter.com/NasreenaKhan006&entry.1108662262=26772&usp=pp_url
",No,Not sure,Not sure,Not sure
serhat_fb07,"https://docs.google.com/forms/d/e/1FAIpQLSeFf-DH8zs9gbESljXLtJb1g2xBtRpLgIOEwwvN6BeyDADq4w/viewform?entry.471770043=https://twitter.com/Serhat_fb07&entry.1108662262=26772&usp=pp_url
",No,No,Not sure,Male
nedenburdaysam,"https://docs.google.com/forms/d/e/1FAIpQLSeFf-DH8zs9gbESljXLtJb1g2xBtRpLgIOEwwvN6BeyDADq4w/viewform?entry.471770043=https://twitter.com/nedenburdaysam&entry.1108662262=26772&usp=pp_url
",No,No,No,Female
biologselim,"https://docs.google.com/forms/d/e/1FAIpQLSeFf-DH8zs9gbESljXLtJb1g2xBtRpLgIOEwwvN6BeyDADq4w/viewform?entry.471770043=https://twitter.com/BIOLOGSELIM&entry.1108662262=26772&usp=pp_url
",No,Not sure,No,Male
engelliogrtmn00,"https://docs.google.com/forms/d/e/1FAIpQLSeFf-DH8zs9gbESljXLtJb1g2xBtRpLgIOEwwvN6BeyDADq4w/viewform?entry.471770043=https://twitter.com/engelliogrtmn00&entry.1108662262=26772&usp=pp_url
",No,Yes,No,Not sure
heritagepaix,"https://docs.google.com/forms/d/e/1FAIpQLSeFf-DH8zs9gbESljXLtJb1g2xBtRpLgIOEwwvN6BeyDADq4w/viewform?entry.471770043=https://twitter.com/heritagepaix&entry.1108662262=26772&usp=pp_url
",No,No,No,Female
demirel10kasm,"https://docs.google.com/forms/d/e/1FAIpQLSeFf-DH8zs9gbESljXLtJb1g2xBtRpLgIOEwwvN6BeyDADq4w/viewform?entry.471770043=https://twitter.com/Demirel10Kasm&entry.1108662262=26772&usp=pp_url
",No,No,Yes,Male
pinaraslan4558,"https://docs.google.com/forms/d/e/1FAIpQLSeFf-DH8zs9gbESljXLtJb1g2xBtRpLgIOEwwvN6BeyDADq4w/viewform?entry.471770043=https://twitter.com/Pinaraslan4558&entry.1108662262=26772&usp=pp_url
",No,No,No,Female
yeniciumit,"https://docs.google.com/forms/d/e/1FAIpQLSeFf-DH8zs9gbESljXLtJb1g2xBtRpLgIOEwwvN6BeyDADq4w/viewform?entry.471770043=https://twitter.com/YeniciUmit&entry.1108662262=26772&usp=pp_url
",No,No,No,Male
sad_hidayet,"https://docs.google.com/forms/d/e/1FAIpQLSeFf-DH8zs9gbESljXLtJb1g2xBtRpLgIOEwwvN6BeyDADq4w/viewform?entry.471770043=https://twitter.com/sad_hidayet&entry.1108662262=26772&usp=pp_url
",No,No,Not sure,Male
