,url,sentiment,isExperiential,isPolitical,isInsult,topics
1595809476480737284,"https://docs.google.com/forms/d/e/1FAIpQLSffZugycOX3tUHW3uGhn5Cw0pj0fJDeIQf5oJ3EzZ-2vuj6Gg/viewform?entry.1274744182=https://twitter.com/anadoluajansi/status/1595809476480737284&entry.653903203=26850&usp=pp_url
",Neutral,No,No,No,"['News', 'Education']"
1585651759204208642,"https://docs.google.com/forms/d/e/1FAIpQLSffZugycOX3tUHW3uGhn5Cw0pj0fJDeIQf5oJ3EzZ-2vuj6Gg/viewform?entry.1274744182=https://twitter.com/Seyhannky/status/1585651759204208642&entry.653903203=26850&usp=pp_url
",Negative,No,Yes,No,['Health']
1371409713016025088,"https://docs.google.com/forms/d/e/1FAIpQLSffZugycOX3tUHW3uGhn5Cw0pj0fJDeIQf5oJ3EzZ-2vuj6Gg/viewform?entry.1274744182=https://twitter.com/bahtsizbera/status/1371409713016025088&entry.653903203=26850&usp=pp_url
",Neutral,Yes,No,No,['nan']
1557877451379941377,"https://docs.google.com/forms/d/e/1FAIpQLSffZugycOX3tUHW3uGhn5Cw0pj0fJDeIQf5oJ3EzZ-2vuj6Gg/viewform?entry.1274744182=https://twitter.com/fadimesisli/status/1557877451379941377&entry.653903203=26850&usp=pp_url
",Negative,No,Yes,Yes,['Economy']
1596587892746620928,"https://docs.google.com/forms/d/e/1FAIpQLSffZugycOX3tUHW3uGhn5Cw0pj0fJDeIQf5oJ3EzZ-2vuj6Gg/viewform?entry.1274744182=https://twitter.com/fersah41411/status/1596587892746620928&entry.653903203=26850&usp=pp_url
",Neutral,No,Yes,No,['Unemployment']
1588568792984346624,"https://docs.google.com/forms/d/e/1FAIpQLSffZugycOX3tUHW3uGhn5Cw0pj0fJDeIQf5oJ3EzZ-2vuj6Gg/viewform?entry.1274744182=https://twitter.com/Maviruh_/status/1588568792984346624&entry.653903203=26850&usp=pp_url
",Positive,No,Yes,No,['Education']
1568277124913455105,"https://docs.google.com/forms/d/e/1FAIpQLSffZugycOX3tUHW3uGhn5Cw0pj0fJDeIQf5oJ3EzZ-2vuj6Gg/viewform?entry.1274744182=https://twitter.com/halilgunes_20/status/1568277124913455105&entry.653903203=26850&usp=pp_url
",Negative,No,No,Yes,['nan']
1354743199802265603,"https://docs.google.com/forms/d/e/1FAIpQLSffZugycOX3tUHW3uGhn5Cw0pj0fJDeIQf5oJ3EzZ-2vuj6Gg/viewform?entry.1274744182=https://twitter.com/bllaanks/status/1354743199802265603&entry.653903203=26850&usp=pp_url
",Positive,Yes,No,No,['Music&TV']
1589768129395458048,"https://docs.google.com/forms/d/e/1FAIpQLSffZugycOX3tUHW3uGhn5Cw0pj0fJDeIQf5oJ3EzZ-2vuj6Gg/viewform?entry.1274744182=https://twitter.com/Bekirinci34inci/status/1589768129395458048&entry.653903203=26850&usp=pp_url
",Negative,No,Yes,Yes,['Election']
1425447698887495683,"https://docs.google.com/forms/d/e/1FAIpQLSffZugycOX3tUHW3uGhn5Cw0pj0fJDeIQf5oJ3EzZ-2vuj6Gg/viewform?entry.1274744182=https://twitter.com/Kam_Ana52825382/status/1425447698887495683&entry.653903203=26850&usp=pp_url
",Negative,No,Yes,No,['Immigration&refugees']
1594323953241141248,"https://docs.google.com/forms/d/e/1FAIpQLSffZugycOX3tUHW3uGhn5Cw0pj0fJDeIQf5oJ3EzZ-2vuj6Gg/viewform?entry.1274744182=https://twitter.com/mhmthtcs/status/1594323953241141248&entry.653903203=26850&usp=pp_url
",Negative,No,Yes,No,"['Economy', 'Inflation&poverty']"
1437517610569146377,"https://docs.google.com/forms/d/e/1FAIpQLSffZugycOX3tUHW3uGhn5Cw0pj0fJDeIQf5oJ3EzZ-2vuj6Gg/viewform?entry.1274744182=https://twitter.com/elestirmeyedur/status/1437517610569146377&entry.653903203=26850&usp=pp_url
",Positive,Yes,No,No,['nan']
1395775242849726465,"https://docs.google.com/forms/d/e/1FAIpQLSffZugycOX3tUHW3uGhn5Cw0pj0fJDeIQf5oJ3EzZ-2vuj6Gg/viewform?entry.1274744182=https://twitter.com/SabinaMustafa_/status/1395775242849726465&entry.653903203=26850&usp=pp_url
",Positive,Yes,No,No,['nan']
1593653133376475136,"https://docs.google.com/forms/d/e/1FAIpQLSffZugycOX3tUHW3uGhn5Cw0pj0fJDeIQf5oJ3EzZ-2vuj6Gg/viewform?entry.1274744182=https://twitter.com/eveterinerxx/status/1593653133376475136&entry.653903203=26850&usp=pp_url
",Positive,Yes,Yes,No,['Unemployment']
1567256445179117570,"https://docs.google.com/forms/d/e/1FAIpQLSffZugycOX3tUHW3uGhn5Cw0pj0fJDeIQf5oJ3EzZ-2vuj6Gg/viewform?entry.1274744182=https://twitter.com/mynet/status/1567256445179117570&entry.653903203=26850&usp=pp_url
",Neutral,No,Yes,No,['Nationalsecurity']
1586284734862471168,"https://docs.google.com/forms/d/e/1FAIpQLSffZugycOX3tUHW3uGhn5Cw0pj0fJDeIQf5oJ3EzZ-2vuj6Gg/viewform?entry.1274744182=https://twitter.com/ahmetcantali/status/1586284734862471168&entry.653903203=26850&usp=pp_url
",Negative,Yes,Yes,Yes,['Economy']
1586274743157768192,"https://docs.google.com/forms/d/e/1FAIpQLSffZugycOX3tUHW3uGhn5Cw0pj0fJDeIQf5oJ3EzZ-2vuj6Gg/viewform?entry.1274744182=https://twitter.com/MinnosAslan/status/1586274743157768192&entry.653903203=26850&usp=pp_url
",Positive,Yes,Yes,No,['Education']
1576653232323317760,"https://docs.google.com/forms/d/e/1FAIpQLSffZugycOX3tUHW3uGhn5Cw0pj0fJDeIQf5oJ3EzZ-2vuj6Gg/viewform?entry.1274744182=https://twitter.com/beththemac/status/1576653232323317760&entry.653903203=26850&usp=pp_url
",Positive,No,Yes,No,['Health']
1371092333425463300,"https://docs.google.com/forms/d/e/1FAIpQLSffZugycOX3tUHW3uGhn5Cw0pj0fJDeIQf5oJ3EzZ-2vuj6Gg/viewform?entry.1274744182=https://twitter.com/fatmanurmucak/status/1371092333425463300&entry.653903203=26850&usp=pp_url
",Positive,No,No,No,['nan']
1557849301195247616,"https://docs.google.com/forms/d/e/1FAIpQLSffZugycOX3tUHW3uGhn5Cw0pj0fJDeIQf5oJ3EzZ-2vuj6Gg/viewform?entry.1274744182=https://twitter.com/AvSBedirhanoglu/status/1557849301195247616&entry.653903203=26850&usp=pp_url
",Neutral,Yes,Yes,No,['Election']
1544361914989412362,"https://docs.google.com/forms/d/e/1FAIpQLSffZugycOX3tUHW3uGhn5Cw0pj0fJDeIQf5oJ3EzZ-2vuj6Gg/viewform?entry.1274744182=https://twitter.com/Kara_kartal2016/status/1544361914989412362&entry.653903203=26850&usp=pp_url
",Negative,No,Yes,No,['Crime&justice']
1398735675315265537,"https://docs.google.com/forms/d/e/1FAIpQLSffZugycOX3tUHW3uGhn5Cw0pj0fJDeIQf5oJ3EzZ-2vuj6Gg/viewform?entry.1274744182=https://twitter.com/Shreya_Elle/status/1398735675315265537&entry.653903203=26850&usp=pp_url
",Negative,Yes,No,No,['Sports']
1597152985825435649,"https://docs.google.com/forms/d/e/1FAIpQLSffZugycOX3tUHW3uGhn5Cw0pj0fJDeIQf5oJ3EzZ-2vuj6Gg/viewform?entry.1274744182=https://twitter.com/kdrkmn21/status/1597152985825435649&entry.653903203=26850&usp=pp_url
",Negative,Yes,No,Yes,['Sports']
1565403465488162817,"https://docs.google.com/forms/d/e/1FAIpQLSffZugycOX3tUHW3uGhn5Cw0pj0fJDeIQf5oJ3EzZ-2vuj6Gg/viewform?entry.1274744182=https://twitter.com/ErcanalkanAl/status/1565403465488162817&entry.653903203=26850&usp=pp_url
",Negative,No,Yes,Yes,['Election']
1564955477754236928,"https://docs.google.com/forms/d/e/1FAIpQLSffZugycOX3tUHW3uGhn5Cw0pj0fJDeIQf5oJ3EzZ-2vuj6Gg/viewform?entry.1274744182=https://twitter.com/erbilse/status/1564955477754236928&entry.653903203=26850&usp=pp_url
",Negative,No,Yes,Yes,['Foreignpolicy']
1597298557442174978,"https://docs.google.com/forms/d/e/1FAIpQLSffZugycOX3tUHW3uGhn5Cw0pj0fJDeIQf5oJ3EzZ-2vuj6Gg/viewform?entry.1274744182=https://twitter.com/sevilay_gonen/status/1597298557442174978&entry.653903203=26850&usp=pp_url
",Positive,No,Yes,No,['Election']
1591121341763158041,"https://docs.google.com/forms/d/e/1FAIpQLSffZugycOX3tUHW3uGhn5Cw0pj0fJDeIQf5oJ3EzZ-2vuj6Gg/viewform?entry.1274744182=https://twitter.com/Sevilay89982776/status/1591121341763158041&entry.653903203=26850&usp=pp_url
",Positive,No,Yes,No,['Unemployment']
1592254217653452800,"https://docs.google.com/forms/d/e/1FAIpQLSffZugycOX3tUHW3uGhn5Cw0pj0fJDeIQf5oJ3EzZ-2vuj6Gg/viewform?entry.1274744182=https://twitter.com/FreedomforTurk1/status/1592254217653452800&entry.653903203=26850&usp=pp_url
",Negative,No,Yes,Yes,['Nationalsecurity']
1351584974470840320,"https://docs.google.com/forms/d/e/1FAIpQLSffZugycOX3tUHW3uGhn5Cw0pj0fJDeIQf5oJ3EzZ-2vuj6Gg/viewform?entry.1274744182=https://twitter.com/EKOCAN1907FB/status/1351584974470840320&entry.653903203=26850&usp=pp_url
",Negative,No,No,Yes,['Sports']
1585854233642934272,"https://docs.google.com/forms/d/e/1FAIpQLSffZugycOX3tUHW3uGhn5Cw0pj0fJDeIQf5oJ3EzZ-2vuj6Gg/viewform?entry.1274744182=https://twitter.com/cevdetorukk/status/1585854233642934272&entry.653903203=26850&usp=pp_url
",Positive,No,Yes,No,['Economy']
1393543060286488576,"https://docs.google.com/forms/d/e/1FAIpQLSffZugycOX3tUHW3uGhn5Cw0pj0fJDeIQf5oJ3EzZ-2vuj6Gg/viewform?entry.1274744182=https://twitter.com/himeofgenesis/status/1393543060286488576&entry.653903203=26850&usp=pp_url
",Positive,Yes,No,No,['nan']
1594667658909470722,"https://docs.google.com/forms/d/e/1FAIpQLSffZugycOX3tUHW3uGhn5Cw0pj0fJDeIQf5oJ3EzZ-2vuj6Gg/viewform?entry.1274744182=https://twitter.com/pilotamcaq/status/1594667658909470722&entry.653903203=26850&usp=pp_url
",Negative,No,Yes,Yes,['Foreignpolicy']
1594249666316898304,"https://docs.google.com/forms/d/e/1FAIpQLSffZugycOX3tUHW3uGhn5Cw0pj0fJDeIQf5oJ3EzZ-2vuj6Gg/viewform?entry.1274744182=https://twitter.com/trematt2/status/1594249666316898304&entry.653903203=26850&usp=pp_url
",Positive,No,Yes,No,['Education']
1583193871281901568,"https://docs.google.com/forms/d/e/1FAIpQLSffZugycOX3tUHW3uGhn5Cw0pj0fJDeIQf5oJ3EzZ-2vuj6Gg/viewform?entry.1274744182=https://twitter.com/mehmetbeyn/status/1583193871281901568&entry.653903203=26850&usp=pp_url
",Negative,No,Yes,No,['Election']
1584606341942763520,"https://docs.google.com/forms/d/e/1FAIpQLSffZugycOX3tUHW3uGhn5Cw0pj0fJDeIQf5oJ3EzZ-2vuj6Gg/viewform?entry.1274744182=https://twitter.com/noyanbatu1/status/1584606341942763520&entry.653903203=26850&usp=pp_url
",Negative,No,Yes,Yes,['Election']
1595135648758759426,"https://docs.google.com/forms/d/e/1FAIpQLSffZugycOX3tUHW3uGhn5Cw0pj0fJDeIQf5oJ3EzZ-2vuj6Gg/viewform?entry.1274744182=https://twitter.com/jerohearis/status/1595135648758759426&entry.653903203=26850&usp=pp_url
",Positive,Yes,No,No,['Economy']
1569589330544398336,"https://docs.google.com/forms/d/e/1FAIpQLSffZugycOX3tUHW3uGhn5Cw0pj0fJDeIQf5oJ3EzZ-2vuj6Gg/viewform?entry.1274744182=https://twitter.com/AhSuCilginUzman/status/1569589330544398336&entry.653903203=26850&usp=pp_url
",Negative,No,Yes,Yes,['Nationalsecurity']
1595357036925026306,"https://docs.google.com/forms/d/e/1FAIpQLSffZugycOX3tUHW3uGhn5Cw0pj0fJDeIQf5oJ3EzZ-2vuj6Gg/viewform?entry.1274744182=https://twitter.com/Zeynepvcl/status/1595357036925026306&entry.653903203=26850&usp=pp_url
",Positive,No,Yes,No,['Education']
1585766233491886081,"https://docs.google.com/forms/d/e/1FAIpQLSffZugycOX3tUHW3uGhn5Cw0pj0fJDeIQf5oJ3EzZ-2vuj6Gg/viewform?entry.1274744182=https://twitter.com/ekalkanli2023/status/1585766233491886081&entry.653903203=26850&usp=pp_url
",Negative,No,Yes,Yes,['Election']
1586120060690653185,"https://docs.google.com/forms/d/e/1FAIpQLSffZugycOX3tUHW3uGhn5Cw0pj0fJDeIQf5oJ3EzZ-2vuj6Gg/viewform?entry.1274744182=https://twitter.com/darendelikaptan/status/1586120060690653185&entry.653903203=26850&usp=pp_url
",Negative,No,Yes,Yes,"['Economy', 'Election']"
1588781105171247104,"https://docs.google.com/forms/d/e/1FAIpQLSffZugycOX3tUHW3uGhn5Cw0pj0fJDeIQf5oJ3EzZ-2vuj6Gg/viewform?entry.1274744182=https://twitter.com/yavuzselim1470/status/1588781105171247104&entry.653903203=26850&usp=pp_url
",Negative,No,Yes,No,['Election']
1589993032975544320,"https://docs.google.com/forms/d/e/1FAIpQLSffZugycOX3tUHW3uGhn5Cw0pj0fJDeIQf5oJ3EzZ-2vuj6Gg/viewform?entry.1274744182=https://twitter.com/hasannegr/status/1589993032975544320&entry.653903203=26850&usp=pp_url
",Negative,No,Yes,No,['Election']
1548903446857846784,"https://docs.google.com/forms/d/e/1FAIpQLSffZugycOX3tUHW3uGhn5Cw0pj0fJDeIQf5oJ3EzZ-2vuj6Gg/viewform?entry.1274744182=https://twitter.com/Ecemtas9/status/1548903446857846784&entry.653903203=26850&usp=pp_url
",Negative,No,Yes,No,['Election']
1436927919524233219,"https://docs.google.com/forms/d/e/1FAIpQLSffZugycOX3tUHW3uGhn5Cw0pj0fJDeIQf5oJ3EzZ-2vuj6Gg/viewform?entry.1274744182=https://twitter.com/_akiria_/status/1436927919524233219&entry.653903203=26850&usp=pp_url
",Positive,Yes,No,No,['nan']
1595323456270532608,"https://docs.google.com/forms/d/e/1FAIpQLSffZugycOX3tUHW3uGhn5Cw0pj0fJDeIQf5oJ3EzZ-2vuj6Gg/viewform?entry.1274744182=https://twitter.com/TOT38422721/status/1595323456270532608&entry.653903203=26850&usp=pp_url
",Negative,No,Yes,Yes,['Election']
1584959998555148288,"https://docs.google.com/forms/d/e/1FAIpQLSffZugycOX3tUHW3uGhn5Cw0pj0fJDeIQf5oJ3EzZ-2vuj6Gg/viewform?entry.1274744182=https://twitter.com/1Koy1919/status/1584959998555148288&entry.653903203=26850&usp=pp_url
",Negative,No,Yes,Yes,['Election']
1588824811811536898,"https://docs.google.com/forms/d/e/1FAIpQLSffZugycOX3tUHW3uGhn5Cw0pj0fJDeIQf5oJ3EzZ-2vuj6Gg/viewform?entry.1274744182=https://twitter.com/SELCUKTASALI/status/1588824811811536898&entry.653903203=26850&usp=pp_url
",Neutral,No,Yes,No,['Election']
1367528013034901505,"https://docs.google.com/forms/d/e/1FAIpQLSffZugycOX3tUHW3uGhn5Cw0pj0fJDeIQf5oJ3EzZ-2vuj6Gg/viewform?entry.1274744182=https://twitter.com/laranaxme/status/1367528013034901505&entry.653903203=26850&usp=pp_url
",Negative,No,Yes,Yes,['Crime&justice']
1567124461253435392,"https://docs.google.com/forms/d/e/1FAIpQLSffZugycOX3tUHW3uGhn5Cw0pj0fJDeIQf5oJ3EzZ-2vuj6Gg/viewform?entry.1274744182=https://twitter.com/Ali70347462/status/1567124461253435392&entry.653903203=26850&usp=pp_url
",Positive,No,Yes,No,"['Religion', 'Unemployment']"
1361009912772497408,"https://docs.google.com/forms/d/e/1FAIpQLSffZugycOX3tUHW3uGhn5Cw0pj0fJDeIQf5oJ3EzZ-2vuj6Gg/viewform?entry.1274744182=https://twitter.com/BeyhanTaygun/status/1361009912772497408&entry.653903203=26850&usp=pp_url
",Positive,No,Yes,No,['Education']
1598015923893374976,"https://docs.google.com/forms/d/e/1FAIpQLSffZugycOX3tUHW3uGhn5Cw0pj0fJDeIQf5oJ3EzZ-2vuj6Gg/viewform?entry.1274744182=https://twitter.com/FratErgen7/status/1598015923893374976&entry.653903203=26850&usp=pp_url
",Positive,No,Yes,No,['Health']
1454446284568514561,"https://docs.google.com/forms/d/e/1FAIpQLSffZugycOX3tUHW3uGhn5Cw0pj0fJDeIQf5oJ3EzZ-2vuj6Gg/viewform?entry.1274744182=https://twitter.com/saramavi_sara/status/1454446284568514561&entry.653903203=26850&usp=pp_url
",Positive,Yes,No,No,['Music&TV']
1592038317297897473,"https://docs.google.com/forms/d/e/1FAIpQLSffZugycOX3tUHW3uGhn5Cw0pj0fJDeIQf5oJ3EzZ-2vuj6Gg/viewform?entry.1274744182=https://twitter.com/BurakkTtr/status/1592038317297897473&entry.653903203=26850&usp=pp_url
",Negative,No,No,Yes,['Election']
1588452263047069697,"https://docs.google.com/forms/d/e/1FAIpQLSffZugycOX3tUHW3uGhn5Cw0pj0fJDeIQf5oJ3EzZ-2vuj6Gg/viewform?entry.1274744182=https://twitter.com/mtfdan/status/1588452263047069697&entry.653903203=26850&usp=pp_url
",Negative,No,Yes,Yes,['Election']
1594401665440010240,"https://docs.google.com/forms/d/e/1FAIpQLSffZugycOX3tUHW3uGhn5Cw0pj0fJDeIQf5oJ3EzZ-2vuj6Gg/viewform?entry.1274744182=https://twitter.com/EkremER81077071/status/1594401665440010240&entry.653903203=26850&usp=pp_url
",Positive,No,Yes,No,['Unemployment']
1597904757238046726,"https://docs.google.com/forms/d/e/1FAIpQLSffZugycOX3tUHW3uGhn5Cw0pj0fJDeIQf5oJ3EzZ-2vuj6Gg/viewform?entry.1274744182=https://twitter.com/drdursuncicek/status/1597904757238046726&entry.653903203=26850&usp=pp_url
",Negative,No,Yes,Yes,['Election']
1567137357110861827,"https://docs.google.com/forms/d/e/1FAIpQLSffZugycOX3tUHW3uGhn5Cw0pj0fJDeIQf5oJ3EzZ-2vuj6Gg/viewform?entry.1274744182=https://twitter.com/DevrimKRDLN/status/1567137357110861827&entry.653903203=26850&usp=pp_url
",Positive,No,Yes,No,['Health']
1572288481313067009,"https://docs.google.com/forms/d/e/1FAIpQLSffZugycOX3tUHW3uGhn5Cw0pj0fJDeIQf5oJ3EzZ-2vuj6Gg/viewform?entry.1274744182=https://twitter.com/atama1_2020/status/1572288481313067009&entry.653903203=26850&usp=pp_url
",Positive,No,Yes,No,['Health']
1557408027187224577,"https://docs.google.com/forms/d/e/1FAIpQLSffZugycOX3tUHW3uGhn5Cw0pj0fJDeIQf5oJ3EzZ-2vuj6Gg/viewform?entry.1274744182=https://twitter.com/oznurcalik/status/1557408027187224577&entry.653903203=26850&usp=pp_url
",Neutral,No,Yes,No,['Foreignpolicy']
1594352902197354499,"https://docs.google.com/forms/d/e/1FAIpQLSffZugycOX3tUHW3uGhn5Cw0pj0fJDeIQf5oJ3EzZ-2vuj6Gg/viewform?entry.1274744182=https://twitter.com/mehay97/status/1594352902197354499&entry.653903203=26850&usp=pp_url
",Positive,No,Yes,No,['Education']
1577625603276242944,"https://docs.google.com/forms/d/e/1FAIpQLSffZugycOX3tUHW3uGhn5Cw0pj0fJDeIQf5oJ3EzZ-2vuj6Gg/viewform?entry.1274744182=https://twitter.com/Ertugrul_9548/status/1577625603276242944&entry.653903203=26850&usp=pp_url
",Positive,No,Yes,No,['Democracy']
1597512443328167936,"https://docs.google.com/forms/d/e/1FAIpQLSffZugycOX3tUHW3uGhn5Cw0pj0fJDeIQf5oJ3EzZ-2vuj6Gg/viewform?entry.1274744182=https://twitter.com/MehmetA41362904/status/1597512443328167936&entry.653903203=26850&usp=pp_url
",Negative,No,Yes,Yes,"['Corruption', 'Democracy']"
1594596846722228224,"https://docs.google.com/forms/d/e/1FAIpQLSffZugycOX3tUHW3uGhn5Cw0pj0fJDeIQf5oJ3EzZ-2vuj6Gg/viewform?entry.1274744182=https://twitter.com/karaca81m/status/1594596846722228224&entry.653903203=26850&usp=pp_url
",Negative,No,Yes,Yes,['Election']
1595871258985615361,"https://docs.google.com/forms/d/e/1FAIpQLSffZugycOX3tUHW3uGhn5Cw0pj0fJDeIQf5oJ3EzZ-2vuj6Gg/viewform?entry.1274744182=https://twitter.com/s_061974/status/1595871258985615361&entry.653903203=26850&usp=pp_url
",Negative,No,Yes,Yes,['Education']
1588176213951946754,"https://docs.google.com/forms/d/e/1FAIpQLSffZugycOX3tUHW3uGhn5Cw0pj0fJDeIQf5oJ3EzZ-2vuj6Gg/viewform?entry.1274744182=https://twitter.com/yusufboz811/status/1588176213951946754&entry.653903203=26850&usp=pp_url
",Negative,No,Yes,Yes,"['Nationalsecurity', 'Foreignpolicy']"
1591987769802645505,"https://docs.google.com/forms/d/e/1FAIpQLSffZugycOX3tUHW3uGhn5Cw0pj0fJDeIQf5oJ3EzZ-2vuj6Gg/viewform?entry.1274744182=https://twitter.com/nkulunk/status/1591987769802645505&entry.653903203=26850&usp=pp_url
",Positive,No,No,No,['nan']
1594050039520940036,"https://docs.google.com/forms/d/e/1FAIpQLSffZugycOX3tUHW3uGhn5Cw0pj0fJDeIQf5oJ3EzZ-2vuj6Gg/viewform?entry.1274744182=https://twitter.com/radyolojikadro/status/1594050039520940036&entry.653903203=26850&usp=pp_url
",Positive,No,Yes,No,['Health']
1570283835371442176,"https://docs.google.com/forms/d/e/1FAIpQLSffZugycOX3tUHW3uGhn5Cw0pj0fJDeIQf5oJ3EzZ-2vuj6Gg/viewform?entry.1274744182=https://twitter.com/yagiz_demirbas/status/1570283835371442176&entry.653903203=26850&usp=pp_url
",Negative,No,Yes,Yes,['Election']
1570428119609139201,"https://docs.google.com/forms/d/e/1FAIpQLSffZugycOX3tUHW3uGhn5Cw0pj0fJDeIQf5oJ3EzZ-2vuj6Gg/viewform?entry.1274744182=https://twitter.com/HamitElKelle/status/1570428119609139201&entry.653903203=26850&usp=pp_url
",Negative,No,Yes,Yes,['Foreignpolicy']
1574730730105544705,"https://docs.google.com/forms/d/e/1FAIpQLSffZugycOX3tUHW3uGhn5Cw0pj0fJDeIQf5oJ3EzZ-2vuj6Gg/viewform?entry.1274744182=https://twitter.com/Rukiye_e08/status/1574730730105544705&entry.653903203=26850&usp=pp_url
",Positive,No,Yes,No,['Health']
1367121857162473479,"https://docs.google.com/forms/d/e/1FAIpQLSffZugycOX3tUHW3uGhn5Cw0pj0fJDeIQf5oJ3EzZ-2vuj6Gg/viewform?entry.1274744182=https://twitter.com/AdanmHayatlar15/status/1367121857162473479&entry.653903203=26850&usp=pp_url
",Negative,No,No,Yes,['Sports']
1571966189764579332,"https://docs.google.com/forms/d/e/1FAIpQLSffZugycOX3tUHW3uGhn5Cw0pj0fJDeIQf5oJ3EzZ-2vuj6Gg/viewform?entry.1274744182=https://twitter.com/ghostsolgiers/status/1571966189764579332&entry.653903203=26850&usp=pp_url
",Negative,No,Yes,Yes,['Education']
1348736580660449280,"https://docs.google.com/forms/d/e/1FAIpQLSffZugycOX3tUHW3uGhn5Cw0pj0fJDeIQf5oJ3EzZ-2vuj6Gg/viewform?entry.1274744182=https://twitter.com/durukan_niyazi/status/1348736580660449280&entry.653903203=26850&usp=pp_url
",Positive,No,No,No,['Music&TV']
1596817013405814784,"https://docs.google.com/forms/d/e/1FAIpQLSffZugycOX3tUHW3uGhn5Cw0pj0fJDeIQf5oJ3EzZ-2vuj6Gg/viewform?entry.1274744182=https://twitter.com/dyt31219369/status/1596817013405814784&entry.653903203=26850&usp=pp_url
",Positive,No,Yes,No,"['Unemployment', 'Health']"
1562853131251118081,"https://docs.google.com/forms/d/e/1FAIpQLSffZugycOX3tUHW3uGhn5Cw0pj0fJDeIQf5oJ3EzZ-2vuj6Gg/viewform?entry.1274744182=https://twitter.com/akanturker/status/1562853131251118081&entry.653903203=26850&usp=pp_url
",Positive,Yes,Yes,No,['Election']
1446881950426349569,"https://docs.google.com/forms/d/e/1FAIpQLSffZugycOX3tUHW3uGhn5Cw0pj0fJDeIQf5oJ3EzZ-2vuj6Gg/viewform?entry.1274744182=https://twitter.com/mort_os/status/1446881950426349569&entry.653903203=26850&usp=pp_url
",Negative,No,Yes,No,['Election']
1593544992638763009,"https://docs.google.com/forms/d/e/1FAIpQLSffZugycOX3tUHW3uGhn5Cw0pj0fJDeIQf5oJ3EzZ-2vuj6Gg/viewform?entry.1274744182=https://twitter.com/FaniHani1/status/1593544992638763009&entry.653903203=26850&usp=pp_url
",Positive,No,Yes,No,['Economy']
1588915997859545089,"https://docs.google.com/forms/d/e/1FAIpQLSffZugycOX3tUHW3uGhn5Cw0pj0fJDeIQf5oJ3EzZ-2vuj6Gg/viewform?entry.1274744182=https://twitter.com/MalcokFatih/status/1588915997859545089&entry.653903203=26850&usp=pp_url
",Negative,No,Yes,Yes,['Crime&justice']
1559963768372740098,"https://docs.google.com/forms/d/e/1FAIpQLSffZugycOX3tUHW3uGhn5Cw0pj0fJDeIQf5oJ3EzZ-2vuj6Gg/viewform?entry.1274744182=https://twitter.com/awfhdsr6/status/1559963768372740098&entry.653903203=26850&usp=pp_url
",Negative,No,Yes,No,['Unemployment']
1348390173109850112,"https://docs.google.com/forms/d/e/1FAIpQLSffZugycOX3tUHW3uGhn5Cw0pj0fJDeIQf5oJ3EzZ-2vuj6Gg/viewform?entry.1274744182=https://twitter.com/taehyungftmoon2/status/1348390173109850112&entry.653903203=26850&usp=pp_url
",Positive,No,No,No,['nan']
1549517371102076936,"https://docs.google.com/forms/d/e/1FAIpQLSffZugycOX3tUHW3uGhn5Cw0pj0fJDeIQf5oJ3EzZ-2vuj6Gg/viewform?entry.1274744182=https://twitter.com/mngiemre/status/1549517371102076936&entry.653903203=26850&usp=pp_url
",Positive,No,Yes,No,['Foreignpolicy']
1594989605568532480,"https://docs.google.com/forms/d/e/1FAIpQLSffZugycOX3tUHW3uGhn5Cw0pj0fJDeIQf5oJ3EzZ-2vuj6Gg/viewform?entry.1274744182=https://twitter.com/HMehmetGunal/status/1594989605568532480&entry.653903203=26850&usp=pp_url
",Negative,No,Yes,Yes,['Education']
1565312596135354373,"https://docs.google.com/forms/d/e/1FAIpQLSffZugycOX3tUHW3uGhn5Cw0pj0fJDeIQf5oJ3EzZ-2vuj6Gg/viewform?entry.1274744182=https://twitter.com/Nursela60044416/status/1565312596135354373&entry.653903203=26850&usp=pp_url
",Positive,No,Yes,No,['Election']
1551163840368414722,"https://docs.google.com/forms/d/e/1FAIpQLSffZugycOX3tUHW3uGhn5Cw0pj0fJDeIQf5oJ3EzZ-2vuj6Gg/viewform?entry.1274744182=https://twitter.com/SED58417690/status/1551163840368414722&entry.653903203=26850&usp=pp_url
",Positive,No,Yes,No,"['Unemployment', 'Education']"
1588829831147372544,"https://docs.google.com/forms/d/e/1FAIpQLSffZugycOX3tUHW3uGhn5Cw0pj0fJDeIQf5oJ3EzZ-2vuj6Gg/viewform?entry.1274744182=https://twitter.com/arkhe30/status/1588829831147372544&entry.653903203=26850&usp=pp_url
",Negative,No,Yes,No,['Election']
1548636597628899328,"https://docs.google.com/forms/d/e/1FAIpQLSffZugycOX3tUHW3uGhn5Cw0pj0fJDeIQf5oJ3EzZ-2vuj6Gg/viewform?entry.1274744182=https://twitter.com/canbulut3460/status/1548636597628899328&entry.653903203=26850&usp=pp_url
",Positive,No,Yes,No,['Immigration&refugees']
1597335257623465984,"https://docs.google.com/forms/d/e/1FAIpQLSffZugycOX3tUHW3uGhn5Cw0pj0fJDeIQf5oJ3EzZ-2vuj6Gg/viewform?entry.1274744182=https://twitter.com/IkizogluKader/status/1597335257623465984&entry.653903203=26850&usp=pp_url
",Positive,Yes,Yes,No,['Crime&justice']
1451278453018398728,"https://docs.google.com/forms/d/e/1FAIpQLSffZugycOX3tUHW3uGhn5Cw0pj0fJDeIQf5oJ3EzZ-2vuj6Gg/viewform?entry.1274744182=https://twitter.com/Yasemine26/status/1451278453018398728&entry.653903203=26850&usp=pp_url
",Positive,No,No,No,['Music&TV']
1592746368640376838,"https://docs.google.com/forms/d/e/1FAIpQLSffZugycOX3tUHW3uGhn5Cw0pj0fJDeIQf5oJ3EzZ-2vuj6Gg/viewform?entry.1274744182=https://twitter.com/alp_esener/status/1592746368640376838&entry.653903203=26850&usp=pp_url
",Negative,No,Yes,No,['Democracy']
1557609913093849089,"https://docs.google.com/forms/d/e/1FAIpQLSffZugycOX3tUHW3uGhn5Cw0pj0fJDeIQf5oJ3EzZ-2vuj6Gg/viewform?entry.1274744182=https://twitter.com/ekonomiHTcom/status/1557609913093849089&entry.653903203=26850&usp=pp_url
",Neutral,No,Yes,No,['Economy']
1584963882426109952,"https://docs.google.com/forms/d/e/1FAIpQLSffZugycOX3tUHW3uGhn5Cw0pj0fJDeIQf5oJ3EzZ-2vuj6Gg/viewform?entry.1274744182=https://twitter.com/25YLDZhalil/status/1584963882426109952&entry.653903203=26850&usp=pp_url
",Negative,No,Yes,Yes,['Election']
1400322905662275584,"https://docs.google.com/forms/d/e/1FAIpQLSffZugycOX3tUHW3uGhn5Cw0pj0fJDeIQf5oJ3EzZ-2vuj6Gg/viewform?entry.1274744182=https://twitter.com/akkayali3/status/1400322905662275584&entry.653903203=26850&usp=pp_url
",Negative,No,Yes,No,['Election']
1425697423951908866,"https://docs.google.com/forms/d/e/1FAIpQLSffZugycOX3tUHW3uGhn5Cw0pj0fJDeIQf5oJ3EzZ-2vuj6Gg/viewform?entry.1274744182=https://twitter.com/lavinyalilyy/status/1425697423951908866&entry.653903203=26850&usp=pp_url
",Positive,Yes,No,No,['nan']
1595484008653242389,"https://docs.google.com/forms/d/e/1FAIpQLSffZugycOX3tUHW3uGhn5Cw0pj0fJDeIQf5oJ3EzZ-2vuj6Gg/viewform?entry.1274744182=https://twitter.com/feyzaaa_123/status/1595484008653242389&entry.653903203=26850&usp=pp_url
",Positive,No,Yes,No,['Unemployment']
1584647587139047424,"https://docs.google.com/forms/d/e/1FAIpQLSffZugycOX3tUHW3uGhn5Cw0pj0fJDeIQf5oJ3EzZ-2vuj6Gg/viewform?entry.1274744182=https://twitter.com/ArzuAKB44440153/status/1584647587139047424&entry.653903203=26850&usp=pp_url
",Positive,No,Yes,No,['Education']
1388235183653011462,"https://docs.google.com/forms/d/e/1FAIpQLSffZugycOX3tUHW3uGhn5Cw0pj0fJDeIQf5oJ3EzZ-2vuj6Gg/viewform?entry.1274744182=https://twitter.com/tbzoc/status/1388235183653011462&entry.653903203=26850&usp=pp_url
",Neutral,No,No,No,['Sports']
1577024342268837888,"https://docs.google.com/forms/d/e/1FAIpQLSffZugycOX3tUHW3uGhn5Cw0pj0fJDeIQf5oJ3EzZ-2vuj6Gg/viewform?entry.1274744182=https://twitter.com/HasAngarali/status/1577024342268837888&entry.653903203=26850&usp=pp_url
",Negative,No,Yes,Yes,['Crime&justice']
1586021183958704128,"https://docs.google.com/forms/d/e/1FAIpQLSffZugycOX3tUHW3uGhn5Cw0pj0fJDeIQf5oJ3EzZ-2vuj6Gg/viewform?entry.1274744182=https://twitter.com/spytron/status/1586021183958704128&entry.653903203=26850&usp=pp_url
",Negative,No,Yes,No,['Election']
1598004538837204992,"https://docs.google.com/forms/d/e/1FAIpQLSffZugycOX3tUHW3uGhn5Cw0pj0fJDeIQf5oJ3EzZ-2vuj6Gg/viewform?entry.1274744182=https://twitter.com/feyzaaa_123/status/1598004538837204992&entry.653903203=26850&usp=pp_url
",Positive,No,Yes,No,['Unemployment']
1553022238378557441,"https://docs.google.com/forms/d/e/1FAIpQLSffZugycOX3tUHW3uGhn5Cw0pj0fJDeIQf5oJ3EzZ-2vuj6Gg/viewform?entry.1274744182=https://twitter.com/gsgalata/status/1553022238378557441&entry.653903203=26850&usp=pp_url
",Negative,No,Yes,Yes,['Election']
1554459334972694529,"https://docs.google.com/forms/d/e/1FAIpQLSffZugycOX3tUHW3uGhn5Cw0pj0fJDeIQf5oJ3EzZ-2vuj6Gg/viewform?entry.1274744182=https://twitter.com/Hkn_Gur/status/1554459334972694529&entry.653903203=26850&usp=pp_url
",Negative,No,Yes,No,['Democracy']
1577513333951025153,"https://docs.google.com/forms/d/e/1FAIpQLSffZugycOX3tUHW3uGhn5Cw0pj0fJDeIQf5oJ3EzZ-2vuj6Gg/viewform?entry.1274744182=https://twitter.com/AYTENMEK1/status/1577513333951025153&entry.653903203=26850&usp=pp_url
",Positive,No,Yes,No,"['Unemployment', 'Education']"
1596848957635801088,"https://docs.google.com/forms/d/e/1FAIpQLSffZugycOX3tUHW3uGhn5Cw0pj0fJDeIQf5oJ3EzZ-2vuj6Gg/viewform?entry.1274744182=https://twitter.com/OsmanYtl/status/1596848957635801088&entry.653903203=26850&usp=pp_url
",Negative,No,Yes,No,['Unemployment']
1372975298258604034,"https://docs.google.com/forms/d/e/1FAIpQLSffZugycOX3tUHW3uGhn5Cw0pj0fJDeIQf5oJ3EzZ-2vuj6Gg/viewform?entry.1274744182=https://twitter.com/blackchamomile1/status/1372975298258604034&entry.653903203=26850&usp=pp_url
",Positive,No,No,No,['nan']
1597274845381029888,"https://docs.google.com/forms/d/e/1FAIpQLSffZugycOX3tUHW3uGhn5Cw0pj0fJDeIQf5oJ3EzZ-2vuj6Gg/viewform?entry.1274744182=https://twitter.com/ygzunsl/status/1597274845381029888&entry.653903203=26850&usp=pp_url
",Positive,No,Yes,No,['Crime&justice']
1358788291051597824,"https://docs.google.com/forms/d/e/1FAIpQLSffZugycOX3tUHW3uGhn5Cw0pj0fJDeIQf5oJ3EzZ-2vuj6Gg/viewform?entry.1274744182=https://twitter.com/Muserrefgdn/status/1358788291051597824&entry.653903203=26850&usp=pp_url
",Positive,Yes,No,No,['nan']
1596893483016806401,"https://docs.google.com/forms/d/e/1FAIpQLSffZugycOX3tUHW3uGhn5Cw0pj0fJDeIQf5oJ3EzZ-2vuj6Gg/viewform?entry.1274744182=https://twitter.com/KuguNecati/status/1596893483016806401&entry.653903203=26850&usp=pp_url
",Negative,No,Yes,No,['Nationalsecurity']
1429544331778592772,"https://docs.google.com/forms/d/e/1FAIpQLSffZugycOX3tUHW3uGhn5Cw0pj0fJDeIQf5oJ3EzZ-2vuj6Gg/viewform?entry.1274744182=https://twitter.com/Fenerlibiri93/status/1429544331778592772&entry.653903203=26850&usp=pp_url
",Positive,No,No,No,['Sports']
1583477966373543936,"https://docs.google.com/forms/d/e/1FAIpQLSffZugycOX3tUHW3uGhn5Cw0pj0fJDeIQf5oJ3EzZ-2vuj6Gg/viewform?entry.1274744182=https://twitter.com/tr3424910214991/status/1583477966373543936&entry.653903203=26850&usp=pp_url
",Negative,No,Yes,Yes,['Election']
1564926450096013313,"https://docs.google.com/forms/d/e/1FAIpQLSffZugycOX3tUHW3uGhn5Cw0pj0fJDeIQf5oJ3EzZ-2vuj6Gg/viewform?entry.1274744182=https://twitter.com/sbolusonsoz/status/1564926450096013313&entry.653903203=26850&usp=pp_url
",Neutral,No,No,No,['News']
1431257800194330628,"https://docs.google.com/forms/d/e/1FAIpQLSffZugycOX3tUHW3uGhn5Cw0pj0fJDeIQf5oJ3EzZ-2vuj6Gg/viewform?entry.1274744182=https://twitter.com/HarabesnBus/status/1431257800194330628&entry.653903203=26850&usp=pp_url
",Neutral,No,No,No,['Music&TV']
1376068839864070150,"https://docs.google.com/forms/d/e/1FAIpQLSffZugycOX3tUHW3uGhn5Cw0pj0fJDeIQf5oJ3EzZ-2vuj6Gg/viewform?entry.1274744182=https://twitter.com/maharshi_prince/status/1376068839864070150&entry.653903203=26850&usp=pp_url
",Positive,No,No,No,['Music&TV']
1427746815420604417,"https://docs.google.com/forms/d/e/1FAIpQLSffZugycOX3tUHW3uGhn5Cw0pj0fJDeIQf5oJ3EzZ-2vuj6Gg/viewform?entry.1274744182=https://twitter.com/venxzhan/status/1427746815420604417&entry.653903203=26850&usp=pp_url
",Negative,No,No,Yes,['nan']
1588243042527375361,"https://docs.google.com/forms/d/e/1FAIpQLSffZugycOX3tUHW3uGhn5Cw0pj0fJDeIQf5oJ3EzZ-2vuj6Gg/viewform?entry.1274744182=https://twitter.com/Salihgzl212/status/1588243042527375361&entry.653903203=26850&usp=pp_url
",Positive,No,Yes,No,['Unemployment']
1559615901003137031,"https://docs.google.com/forms/d/e/1FAIpQLSffZugycOX3tUHW3uGhn5Cw0pj0fJDeIQf5oJ3EzZ-2vuj6Gg/viewform?entry.1274744182=https://twitter.com/Joker39831854/status/1559615901003137031&entry.653903203=26850&usp=pp_url
",Neutral,No,Yes,No,['Unemployment']
1593286230866796544,"https://docs.google.com/forms/d/e/1FAIpQLSffZugycOX3tUHW3uGhn5Cw0pj0fJDeIQf5oJ3EzZ-2vuj6Gg/viewform?entry.1274744182=https://twitter.com/zcan78447555/status/1593286230866796544&entry.653903203=26850&usp=pp_url
",Positive,No,Yes,No,['Economy']
1356926480605982728,"https://docs.google.com/forms/d/e/1FAIpQLSffZugycOX3tUHW3uGhn5Cw0pj0fJDeIQf5oJ3EzZ-2vuj6Gg/viewform?entry.1274744182=https://twitter.com/Mucahityilmz61/status/1356926480605982728&entry.653903203=26850&usp=pp_url
",Positive,No,No,No,['nan']
1596866761126969344,"https://docs.google.com/forms/d/e/1FAIpQLSffZugycOX3tUHW3uGhn5Cw0pj0fJDeIQf5oJ3EzZ-2vuj6Gg/viewform?entry.1274744182=https://twitter.com/alwaysanimals3/status/1596866761126969344&entry.653903203=26850&usp=pp_url
",Negative,No,Yes,No,['nan']
1380296276357550081,"https://docs.google.com/forms/d/e/1FAIpQLSffZugycOX3tUHW3uGhn5Cw0pj0fJDeIQf5oJ3EzZ-2vuj6Gg/viewform?entry.1274744182=https://twitter.com/swcahost/status/1380296276357550081&entry.653903203=26850&usp=pp_url
",Neutral,No,No,No,['nan']
1597642205056958464,"https://docs.google.com/forms/d/e/1FAIpQLSffZugycOX3tUHW3uGhn5Cw0pj0fJDeIQf5oJ3EzZ-2vuj6Gg/viewform?entry.1274744182=https://twitter.com/akdeniztelgraf/status/1597642205056958464&entry.653903203=26850&usp=pp_url
",Neutral,No,Yes,No,"['News', 'Economy']"
1588384775278325760,"https://docs.google.com/forms/d/e/1FAIpQLSffZugycOX3tUHW3uGhn5Cw0pj0fJDeIQf5oJ3EzZ-2vuj6Gg/viewform?entry.1274744182=https://twitter.com/Smeyye65711218/status/1588384775278325760&entry.653903203=26850&usp=pp_url
",Positive,No,Yes,No,"['Unemployment', 'Education']"
1597811289770057728,"https://docs.google.com/forms/d/e/1FAIpQLSffZugycOX3tUHW3uGhn5Cw0pj0fJDeIQf5oJ3EzZ-2vuj6Gg/viewform?entry.1274744182=https://twitter.com/Aziz_HS_82/status/1597811289770057728&entry.653903203=26850&usp=pp_url
",Negative,No,Yes,Yes,"['Terrorism', 'Nationalsecurity', 'Foreignpolicy']"
1428082597561839616,"https://docs.google.com/forms/d/e/1FAIpQLSffZugycOX3tUHW3uGhn5Cw0pj0fJDeIQf5oJ3EzZ-2vuj6Gg/viewform?entry.1274744182=https://twitter.com/ezgibyk9/status/1428082597561839616&entry.653903203=26850&usp=pp_url
",Neutral,No,No,No,['Education']
1439547067337256967,"https://docs.google.com/forms/d/e/1FAIpQLSffZugycOX3tUHW3uGhn5Cw0pj0fJDeIQf5oJ3EzZ-2vuj6Gg/viewform?entry.1274744182=https://twitter.com/_melek_3451/status/1439547067337256967&entry.653903203=26850&usp=pp_url
",Positive,No,No,No,['nan']
1592966261788774400,"https://docs.google.com/forms/d/e/1FAIpQLSffZugycOX3tUHW3uGhn5Cw0pj0fJDeIQf5oJ3EzZ-2vuj6Gg/viewform?entry.1274744182=https://twitter.com/Hazalimamoglu35/status/1592966261788774400&entry.653903203=26850&usp=pp_url
",,,,,
1591941689626824707,"https://docs.google.com/forms/d/e/1FAIpQLSffZugycOX3tUHW3uGhn5Cw0pj0fJDeIQf5oJ3EzZ-2vuj6Gg/viewform?entry.1274744182=https://twitter.com/Hasan023p023/status/1591941689626824707&entry.653903203=26850&usp=pp_url
",Negative,No,Yes,Yes,['Election']
1588578652182048768,"https://docs.google.com/forms/d/e/1FAIpQLSffZugycOX3tUHW3uGhn5Cw0pj0fJDeIQf5oJ3EzZ-2vuj6Gg/viewform?entry.1274744182=https://twitter.com/jonarya_/status/1588578652182048768&entry.653903203=26850&usp=pp_url
",Negative,No,Yes,Yes,['Election']
1438787496104669185,"https://docs.google.com/forms/d/e/1FAIpQLSffZugycOX3tUHW3uGhn5Cw0pj0fJDeIQf5oJ3EzZ-2vuj6Gg/viewform?entry.1274744182=https://twitter.com/Burniton_GAD/status/1438787496104669185&entry.653903203=26850&usp=pp_url
",Neutral,No,No,No,['nan']
1592133516921569281,"https://docs.google.com/forms/d/e/1FAIpQLSffZugycOX3tUHW3uGhn5Cw0pj0fJDeIQf5oJ3EzZ-2vuj6Gg/viewform?entry.1274744182=https://twitter.com/AracMer/status/1592133516921569281&entry.653903203=26850&usp=pp_url
",Negative,No,Yes,Yes,"['Terrorism', 'Nationalsecurity']"
1423262311280791553,"https://docs.google.com/forms/d/e/1FAIpQLSffZugycOX3tUHW3uGhn5Cw0pj0fJDeIQf5oJ3EzZ-2vuj6Gg/viewform?entry.1274744182=https://twitter.com/BirGariBaNs/status/1423262311280791553&entry.653903203=26850&usp=pp_url
",Positive,No,No,No,['Religion']
1586093340142931969,"https://docs.google.com/forms/d/e/1FAIpQLSffZugycOX3tUHW3uGhn5Cw0pj0fJDeIQf5oJ3EzZ-2vuj6Gg/viewform?entry.1274744182=https://twitter.com/ahmet_haticetun/status/1586093340142931969&entry.653903203=26850&usp=pp_url
",Neutral,No,No,No,['Election']
1421399900227575809,"https://docs.google.com/forms/d/e/1FAIpQLSffZugycOX3tUHW3uGhn5Cw0pj0fJDeIQf5oJ3EzZ-2vuj6Gg/viewform?entry.1274744182=https://twitter.com/onderyaman/status/1421399900227575809&entry.653903203=26850&usp=pp_url
",Negative,No,Yes,Yes,['Corruption']
1596061241273094144,"https://docs.google.com/forms/d/e/1FAIpQLSffZugycOX3tUHW3uGhn5Cw0pj0fJDeIQf5oJ3EzZ-2vuj6Gg/viewform?entry.1274744182=https://twitter.com/AhmetAYDIN_02/status/1596061241273094144&entry.653903203=26850&usp=pp_url
",Positive,Yes,Yes,No,['Foreignpolicy']
1597351130350071810,"https://docs.google.com/forms/d/e/1FAIpQLSffZugycOX3tUHW3uGhn5Cw0pj0fJDeIQf5oJ3EzZ-2vuj6Gg/viewform?entry.1274744182=https://twitter.com/nkarakus79/status/1597351130350071810&entry.653903203=26850&usp=pp_url
",Positive,No,Yes,No,"['Economy', 'Corruption']"
1591237192835268619,"https://docs.google.com/forms/d/e/1FAIpQLSffZugycOX3tUHW3uGhn5Cw0pj0fJDeIQf5oJ3EzZ-2vuj6Gg/viewform?entry.1274744182=https://twitter.com/Figaronndugunu/status/1591237192835268619&entry.653903203=26850&usp=pp_url
",Neutral,No,Yes,Yes,['Election']
1593240391242813440,"https://docs.google.com/forms/d/e/1FAIpQLSffZugycOX3tUHW3uGhn5Cw0pj0fJDeIQf5oJ3EzZ-2vuj6Gg/viewform?entry.1274744182=https://twitter.com/Mustafa15168622/status/1593240391242813440&entry.653903203=26850&usp=pp_url
",Negative,No,Yes,Yes,['Nationalsecurity']
1352635736537882629,"https://docs.google.com/forms/d/e/1FAIpQLSffZugycOX3tUHW3uGhn5Cw0pj0fJDeIQf5oJ3EzZ-2vuj6Gg/viewform?entry.1274744182=https://twitter.com/Limit_less_Life/status/1352635736537882629&entry.653903203=26850&usp=pp_url
",Positive,No,No,No,['Health']
1592948069875974144,"https://docs.google.com/forms/d/e/1FAIpQLSffZugycOX3tUHW3uGhn5Cw0pj0fJDeIQf5oJ3EzZ-2vuj6Gg/viewform?entry.1274744182=https://twitter.com/af336934881/status/1592948069875974144&entry.653903203=26850&usp=pp_url
",Positive,No,Yes,No,['Crime&justice']
1593649159009099777,"https://docs.google.com/forms/d/e/1FAIpQLSffZugycOX3tUHW3uGhn5Cw0pj0fJDeIQf5oJ3EzZ-2vuj6Gg/viewform?entry.1274744182=https://twitter.com/Ahmetbaran70/status/1593649159009099777&entry.653903203=26850&usp=pp_url
",Negative,No,Yes,Yes,"['Economy', 'Election']"
1585634359612420101,"https://docs.google.com/forms/d/e/1FAIpQLSffZugycOX3tUHW3uGhn5Cw0pj0fJDeIQf5oJ3EzZ-2vuj6Gg/viewform?entry.1274744182=https://twitter.com/mustafasenol45/status/1585634359612420101&entry.653903203=26850&usp=pp_url
",Negative,No,Yes,Yes,['Crime&justice']
1596501798839549953,"https://docs.google.com/forms/d/e/1FAIpQLSffZugycOX3tUHW3uGhn5Cw0pj0fJDeIQf5oJ3EzZ-2vuj6Gg/viewform?entry.1274744182=https://twitter.com/betl2_mina/status/1596501798839549953&entry.653903203=26850&usp=pp_url
",Negative,Yes,Yes,Yes,['Election']
1569990361422135297,"https://docs.google.com/forms/d/e/1FAIpQLSffZugycOX3tUHW3uGhn5Cw0pj0fJDeIQf5oJ3EzZ-2vuj6Gg/viewform?entry.1274744182=https://twitter.com/BorsaTrendExtra/status/1569990361422135297&entry.653903203=26850&usp=pp_url
",Neutral,No,Yes,No,['News']
1591134795379396608,"https://docs.google.com/forms/d/e/1FAIpQLSffZugycOX3tUHW3uGhn5Cw0pj0fJDeIQf5oJ3EzZ-2vuj6Gg/viewform?entry.1274744182=https://twitter.com/nurayytugbaa/status/1591134795379396608&entry.653903203=26850&usp=pp_url
",Neutral,Yes,Yes,No,['Unemployment']
1589006201261416448,"https://docs.google.com/forms/d/e/1FAIpQLSffZugycOX3tUHW3uGhn5Cw0pj0fJDeIQf5oJ3EzZ-2vuj6Gg/viewform?entry.1274744182=https://twitter.com/Hatice45153529/status/1589006201261416448&entry.653903203=26850&usp=pp_url
",Neutral,No,Yes,No,"['Democracy', 'Crime&justice']"
1593529486909259776,"https://docs.google.com/forms/d/e/1FAIpQLSffZugycOX3tUHW3uGhn5Cw0pj0fJDeIQf5oJ3EzZ-2vuj6Gg/viewform?entry.1274744182=https://twitter.com/81Almond81/status/1593529486909259776&entry.653903203=26850&usp=pp_url
",Negative,Yes,Yes,No,['Election']
1595102060080500740,"https://docs.google.com/forms/d/e/1FAIpQLSffZugycOX3tUHW3uGhn5Cw0pj0fJDeIQf5oJ3EzZ-2vuj6Gg/viewform?entry.1274744182=https://twitter.com/aysel_hseyin1/status/1595102060080500740&entry.653903203=26850&usp=pp_url
",Neutral,No,Yes,No,['Crime&justice']
1595817749829537792,"https://docs.google.com/forms/d/e/1FAIpQLSffZugycOX3tUHW3uGhn5Cw0pj0fJDeIQf5oJ3EzZ-2vuj6Gg/viewform?entry.1274744182=https://twitter.com/GordegirKubra/status/1595817749829537792&entry.653903203=26850&usp=pp_url
",Positive,No,Yes,No,['Unemployment']
1595689464885657600,"https://docs.google.com/forms/d/e/1FAIpQLSffZugycOX3tUHW3uGhn5Cw0pj0fJDeIQf5oJ3EzZ-2vuj6Gg/viewform?entry.1274744182=https://twitter.com/ozlemakarken23/status/1595689464885657600&entry.653903203=26850&usp=pp_url
",Positive,No,Yes,No,"['Unemployment', 'Health']"
1585144602960330752,"https://docs.google.com/forms/d/e/1FAIpQLSffZugycOX3tUHW3uGhn5Cw0pj0fJDeIQf5oJ3EzZ-2vuj6Gg/viewform?entry.1274744182=https://twitter.com/Eref49229380/status/1585144602960330752&entry.653903203=26850&usp=pp_url
",Negative,No,Yes,No,['Crime&justice']
1391513789745467398,"https://docs.google.com/forms/d/e/1FAIpQLSffZugycOX3tUHW3uGhn5Cw0pj0fJDeIQf5oJ3EzZ-2vuj6Gg/viewform?entry.1274744182=https://twitter.com/TC_1453_/status/1391513789745467398&entry.653903203=26850&usp=pp_url
",Negative,Yes,Yes,Yes,['Religion']
1559048642752831490,"https://docs.google.com/forms/d/e/1FAIpQLSffZugycOX3tUHW3uGhn5Cw0pj0fJDeIQf5oJ3EzZ-2vuj6Gg/viewform?entry.1274744182=https://twitter.com/ELFAKBLT2/status/1559048642752831490&entry.653903203=26850&usp=pp_url
",Negative,Yes,Yes,No,"['Unemployment', 'Crime&justice']"
1408874061367742464,"https://docs.google.com/forms/d/e/1FAIpQLSffZugycOX3tUHW3uGhn5Cw0pj0fJDeIQf5oJ3EzZ-2vuj6Gg/viewform?entry.1274744182=https://twitter.com/s0nyekta/status/1408874061367742464&entry.653903203=26850&usp=pp_url
",Positive,No,No,No,['nan']
1585664339008098304,"https://docs.google.com/forms/d/e/1FAIpQLSffZugycOX3tUHW3uGhn5Cw0pj0fJDeIQf5oJ3EzZ-2vuj6Gg/viewform?entry.1274744182=https://twitter.com/freenew_world/status/1585664339008098304&entry.653903203=26850&usp=pp_url
",Negative,Yes,Yes,Yes,['Election']
1594246341969985544,"https://docs.google.com/forms/d/e/1FAIpQLSffZugycOX3tUHW3uGhn5Cw0pj0fJDeIQf5oJ3EzZ-2vuj6Gg/viewform?entry.1274744182=https://twitter.com/ibrahimavcu10/status/1594246341969985544&entry.653903203=26850&usp=pp_url
",Neutral,No,Yes,No,['Economy']
1420321214573187072,"https://docs.google.com/forms/d/e/1FAIpQLSffZugycOX3tUHW3uGhn5Cw0pj0fJDeIQf5oJ3EzZ-2vuj6Gg/viewform?entry.1274744182=https://twitter.com/strezelia/status/1420321214573187072&entry.653903203=26850&usp=pp_url
",Neutral,Yes,Yes,Yes,['Democracy']
1590953477508931588,"https://docs.google.com/forms/d/e/1FAIpQLSffZugycOX3tUHW3uGhn5Cw0pj0fJDeIQf5oJ3EzZ-2vuj6Gg/viewform?entry.1274744182=https://twitter.com/miracsan11/status/1590953477508931588&entry.653903203=26850&usp=pp_url
",Negative,No,Yes,No,['Election']
1429137774125281281,"https://docs.google.com/forms/d/e/1FAIpQLSffZugycOX3tUHW3uGhn5Cw0pj0fJDeIQf5oJ3EzZ-2vuj6Gg/viewform?entry.1274744182=https://twitter.com/uwuranus/status/1429137774125281281&entry.653903203=26850&usp=pp_url
",Neutral,No,No,No,['nan']
1594749610676948992,"https://docs.google.com/forms/d/e/1FAIpQLSffZugycOX3tUHW3uGhn5Cw0pj0fJDeIQf5oJ3EzZ-2vuj6Gg/viewform?entry.1274744182=https://twitter.com/ergndzzmhmt/status/1594749610676948992&entry.653903203=26850&usp=pp_url
",Neutral,Yes,Yes,No,['Unemployment']
1553749614049779713,"https://docs.google.com/forms/d/e/1FAIpQLSffZugycOX3tUHW3uGhn5Cw0pj0fJDeIQf5oJ3EzZ-2vuj6Gg/viewform?entry.1274744182=https://twitter.com/ArifTurc/status/1553749614049779713&entry.653903203=26850&usp=pp_url
",Neutral,No,Yes,No,['Foreignpolicy']
1559988917859934208,"https://docs.google.com/forms/d/e/1FAIpQLSffZugycOX3tUHW3uGhn5Cw0pj0fJDeIQf5oJ3EzZ-2vuj6Gg/viewform?entry.1274744182=https://twitter.com/IsmailL43685595/status/1559988917859934208&entry.653903203=26850&usp=pp_url
",Positive,No,Yes,No,['Unemployment']
1570530069201682438,"https://docs.google.com/forms/d/e/1FAIpQLSffZugycOX3tUHW3uGhn5Cw0pj0fJDeIQf5oJ3EzZ-2vuj6Gg/viewform?entry.1274744182=https://twitter.com/anatoliestream/status/1570530069201682438&entry.653903203=26850&usp=pp_url
",Positive,Yes,Yes,No,['Election']
1574096369521917953,"https://docs.google.com/forms/d/e/1FAIpQLSffZugycOX3tUHW3uGhn5Cw0pj0fJDeIQf5oJ3EzZ-2vuj6Gg/viewform?entry.1274744182=https://twitter.com/nemo294/status/1574096369521917953&entry.653903203=26850&usp=pp_url
",Neutral,Yes,Yes,No,['Unemployment']
1593781209322213376,"https://docs.google.com/forms/d/e/1FAIpQLSffZugycOX3tUHW3uGhn5Cw0pj0fJDeIQf5oJ3EzZ-2vuj6Gg/viewform?entry.1274744182=https://twitter.com/frattkarat/status/1593781209322213376&entry.653903203=26850&usp=pp_url
",Negative,No,Yes,Yes,['Economy']
1382197412152889345,"https://docs.google.com/forms/d/e/1FAIpQLSffZugycOX3tUHW3uGhn5Cw0pj0fJDeIQf5oJ3EzZ-2vuj6Gg/viewform?entry.1274744182=https://twitter.com/frujna2014/status/1382197412152889345&entry.653903203=26850&usp=pp_url
",Neutral,No,No,No,['nan']
1427339600083791885,"https://docs.google.com/forms/d/e/1FAIpQLSffZugycOX3tUHW3uGhn5Cw0pj0fJDeIQf5oJ3EzZ-2vuj6Gg/viewform?entry.1274744182=https://twitter.com/YunusGn52/status/1427339600083791885&entry.653903203=26850&usp=pp_url
",Negative,No,No,No,['Sports']
1352657637511458841,"https://docs.google.com/forms/d/e/1FAIpQLSffZugycOX3tUHW3uGhn5Cw0pj0fJDeIQf5oJ3EzZ-2vuj6Gg/viewform?entry.1274744182=https://twitter.com/ismail0230016/status/1352657637511458841&entry.653903203=26850&usp=pp_url
",Negative,No,No,Yes,['Sports']
1387516366782091266,"https://docs.google.com/forms/d/e/1FAIpQLSffZugycOX3tUHW3uGhn5Cw0pj0fJDeIQf5oJ3EzZ-2vuj6Gg/viewform?entry.1274744182=https://twitter.com/queridocann/status/1387516366782091266&entry.653903203=26850&usp=pp_url
",Neutral,No,No,No,['nan']
1591797089134338048,"https://docs.google.com/forms/d/e/1FAIpQLSffZugycOX3tUHW3uGhn5Cw0pj0fJDeIQf5oJ3EzZ-2vuj6Gg/viewform?entry.1274744182=https://twitter.com/15binparamedik/status/1591797089134338048&entry.653903203=26850&usp=pp_url
",Neutral,No,Yes,No,"['Unemployment', 'Health']"
1597661772701642753,"https://docs.google.com/forms/d/e/1FAIpQLSffZugycOX3tUHW3uGhn5Cw0pj0fJDeIQf5oJ3EzZ-2vuj6Gg/viewform?entry.1274744182=https://twitter.com/hazal482393/status/1597661772701642753&entry.653903203=26850&usp=pp_url
",Neutral,No,Yes,No,['Unemployment']
1578448632533028865,"https://docs.google.com/forms/d/e/1FAIpQLSffZugycOX3tUHW3uGhn5Cw0pj0fJDeIQf5oJ3EzZ-2vuj6Gg/viewform?entry.1274744182=https://twitter.com/osman43026850/status/1578448632533028865&entry.653903203=26850&usp=pp_url
",Positive,Yes,Yes,No,['Inflation&poverty']
1555539948450861056,"https://docs.google.com/forms/d/e/1FAIpQLSffZugycOX3tUHW3uGhn5Cw0pj0fJDeIQf5oJ3EzZ-2vuj6Gg/viewform?entry.1274744182=https://twitter.com/VatannDelisi3/status/1555539948450861056&entry.653903203=26850&usp=pp_url
",Negative,No,Yes,Yes,['Crime&justice']
1358708959985696768,"https://docs.google.com/forms/d/e/1FAIpQLSffZugycOX3tUHW3uGhn5Cw0pj0fJDeIQf5oJ3EzZ-2vuj6Gg/viewform?entry.1274744182=https://twitter.com/1zarifkelebek/status/1358708959985696768&entry.653903203=26850&usp=pp_url
",Positive,No,No,No,['nan']
1592864253773766662,"https://docs.google.com/forms/d/e/1FAIpQLSffZugycOX3tUHW3uGhn5Cw0pj0fJDeIQf5oJ3EzZ-2vuj6Gg/viewform?entry.1274744182=https://twitter.com/NazmialtNtop/status/1592864253773766662&entry.653903203=26850&usp=pp_url
",Negative,No,Yes,Yes,['Election']
1595506131908050945,"https://docs.google.com/forms/d/e/1FAIpQLSffZugycOX3tUHW3uGhn5Cw0pj0fJDeIQf5oJ3EzZ-2vuj6Gg/viewform?entry.1274744182=https://twitter.com/Bstmel/status/1595506131908050945&entry.653903203=26850&usp=pp_url
",Neutral,No,Yes,No,['Unemployment']
1592120408073203712,"https://docs.google.com/forms/d/e/1FAIpQLSffZugycOX3tUHW3uGhn5Cw0pj0fJDeIQf5oJ3EzZ-2vuj6Gg/viewform?entry.1274744182=https://twitter.com/shingensbanner/status/1592120408073203712&entry.653903203=26850&usp=pp_url
",Negative,Yes,Yes,Yes,"['Democracy', 'Election', 'Crime&justice']"
1593858630809419777,"https://docs.google.com/forms/d/e/1FAIpQLSffZugycOX3tUHW3uGhn5Cw0pj0fJDeIQf5oJ3EzZ-2vuj6Gg/viewform?entry.1274744182=https://twitter.com/aynusem/status/1593858630809419777&entry.653903203=26850&usp=pp_url
",Positive,No,Yes,No,['Election']
1396213666320633860,"https://docs.google.com/forms/d/e/1FAIpQLSffZugycOX3tUHW3uGhn5Cw0pj0fJDeIQf5oJ3EzZ-2vuj6Gg/viewform?entry.1274744182=https://twitter.com/Vedat99556323/status/1396213666320633860&entry.653903203=26850&usp=pp_url
",Negative,No,Yes,Yes,['Health']
1594242562537443331,"https://docs.google.com/forms/d/e/1FAIpQLSffZugycOX3tUHW3uGhn5Cw0pj0fJDeIQf5oJ3EzZ-2vuj6Gg/viewform?entry.1274744182=https://twitter.com/300ccc300/status/1594242562537443331&entry.653903203=26850&usp=pp_url
",Positive,No,Yes,No,"['Health', 'Crime&justice']"
1579558096833511424,"https://docs.google.com/forms/d/e/1FAIpQLSffZugycOX3tUHW3uGhn5Cw0pj0fJDeIQf5oJ3EzZ-2vuj6Gg/viewform?entry.1274744182=https://twitter.com/hiranur55508054/status/1579558096833511424&entry.653903203=26850&usp=pp_url
",Positive,No,Yes,No,['Unemployment']
1428105311383015432,"https://docs.google.com/forms/d/e/1FAIpQLSffZugycOX3tUHW3uGhn5Cw0pj0fJDeIQf5oJ3EzZ-2vuj6Gg/viewform?entry.1274744182=https://twitter.com/kibrismedya/status/1428105311383015432&entry.653903203=26850&usp=pp_url
",Neutral,No,No,No,['Sports']
1568590840141910016,"https://docs.google.com/forms/d/e/1FAIpQLSffZugycOX3tUHW3uGhn5Cw0pj0fJDeIQf5oJ3EzZ-2vuj6Gg/viewform?entry.1274744182=https://twitter.com/1917CCCP2/status/1568590840141910016&entry.653903203=26850&usp=pp_url
",Negative,Yes,Yes,No,['Foreignpolicy']
1415911815339515905,"https://docs.google.com/forms/d/e/1FAIpQLSffZugycOX3tUHW3uGhn5Cw0pj0fJDeIQf5oJ3EzZ-2vuj6Gg/viewform?entry.1274744182=https://twitter.com/chaesw2/status/1415911815339515905&entry.653903203=26850&usp=pp_url
",Neutral,No,No,No,['nan']
1434787703783051264,"https://docs.google.com/forms/d/e/1FAIpQLSffZugycOX3tUHW3uGhn5Cw0pj0fJDeIQf5oJ3EzZ-2vuj6Gg/viewform?entry.1274744182=https://twitter.com/jerviajeon/status/1434787703783051264&entry.653903203=26850&usp=pp_url
",Positive,No,No,No,['nan']
1367571642604544000,"https://docs.google.com/forms/d/e/1FAIpQLSffZugycOX3tUHW3uGhn5Cw0pj0fJDeIQf5oJ3EzZ-2vuj6Gg/viewform?entry.1274744182=https://twitter.com/BakiDiren/status/1367571642604544000&entry.653903203=26850&usp=pp_url
",Positive,No,No,No,['nan']
1451769023847444484,"https://docs.google.com/forms/d/e/1FAIpQLSffZugycOX3tUHW3uGhn5Cw0pj0fJDeIQf5oJ3EzZ-2vuj6Gg/viewform?entry.1274744182=https://twitter.com/HocaTarhan/status/1451769023847444484&entry.653903203=26850&usp=pp_url
",Positive,No,No,No,['Sports']
1596394245874647040,"https://docs.google.com/forms/d/e/1FAIpQLSffZugycOX3tUHW3uGhn5Cw0pj0fJDeIQf5oJ3EzZ-2vuj6Gg/viewform?entry.1274744182=https://twitter.com/efendi_inan/status/1596394245874647040&entry.653903203=26850&usp=pp_url
",Negative,No,Yes,Yes,['News']
1415032260571680768,"https://docs.google.com/forms/d/e/1FAIpQLSffZugycOX3tUHW3uGhn5Cw0pj0fJDeIQf5oJ3EzZ-2vuj6Gg/viewform?entry.1274744182=https://twitter.com/savasxozkan/status/1415032260571680768&entry.653903203=26850&usp=pp_url
",Positive,No,No,No,['Sports']
1420407025847132171,"https://docs.google.com/forms/d/e/1FAIpQLSffZugycOX3tUHW3uGhn5Cw0pj0fJDeIQf5oJ3EzZ-2vuj6Gg/viewform?entry.1274744182=https://twitter.com/btsmembo/status/1420407025847132171&entry.653903203=26850&usp=pp_url
",Neutral,No,No,No,['nan']
1389201321891348481,"https://docs.google.com/forms/d/e/1FAIpQLSffZugycOX3tUHW3uGhn5Cw0pj0fJDeIQf5oJ3EzZ-2vuj6Gg/viewform?entry.1274744182=https://twitter.com/Yasin_Erdenn/status/1389201321891348481&entry.653903203=26850&usp=pp_url
",Neutral,No,Yes,No,['Health']
1596926214014644224,"https://docs.google.com/forms/d/e/1FAIpQLSffZugycOX3tUHW3uGhn5Cw0pj0fJDeIQf5oJ3EzZ-2vuj6Gg/viewform?entry.1274744182=https://twitter.com/Paramed20998056/status/1596926214014644224&entry.653903203=26850&usp=pp_url
",Positive,No,Yes,No,['Unemployment']
1590735936757071872,"https://docs.google.com/forms/d/e/1FAIpQLSffZugycOX3tUHW3uGhn5Cw0pj0fJDeIQf5oJ3EzZ-2vuj6Gg/viewform?entry.1274744182=https://twitter.com/Aysun17315859/status/1590735936757071872&entry.653903203=26850&usp=pp_url
",Positive,No,Yes,No,"['Unemployment', 'Crime&justice']"
1579710849132158986,"https://docs.google.com/forms/d/e/1FAIpQLSffZugycOX3tUHW3uGhn5Cw0pj0fJDeIQf5oJ3EzZ-2vuj6Gg/viewform?entry.1274744182=https://twitter.com/senturkdede54/status/1579710849132158986&entry.653903203=26850&usp=pp_url
",Negative,No,Yes,Yes,['Election']
1543223613406543874,"https://docs.google.com/forms/d/e/1FAIpQLSffZugycOX3tUHW3uGhn5Cw0pj0fJDeIQf5oJ3EzZ-2vuj6Gg/viewform?entry.1274744182=https://twitter.com/Mulas038/status/1543223613406543874&entry.653903203=26850&usp=pp_url
",Negative,No,Yes,No,['Election']
1595672023665201152,"https://docs.google.com/forms/d/e/1FAIpQLSffZugycOX3tUHW3uGhn5Cw0pj0fJDeIQf5oJ3EzZ-2vuj6Gg/viewform?entry.1274744182=https://twitter.com/kaya_senyurt/status/1595672023665201152&entry.653903203=26850&usp=pp_url
",Neutral,No,Yes,No,['Crime&justice']
1354728145627262979,"https://docs.google.com/forms/d/e/1FAIpQLSffZugycOX3tUHW3uGhn5Cw0pj0fJDeIQf5oJ3EzZ-2vuj6Gg/viewform?entry.1274744182=https://twitter.com/RdvanSalih6/status/1354728145627262979&entry.653903203=26850&usp=pp_url
",Neutral,No,No,No,['Music&TV']
1396188867074695168,"https://docs.google.com/forms/d/e/1FAIpQLSffZugycOX3tUHW3uGhn5Cw0pj0fJDeIQf5oJ3EzZ-2vuj6Gg/viewform?entry.1274744182=https://twitter.com/MuratAbdil/status/1396188867074695168&entry.653903203=26850&usp=pp_url
",Neutral,No,No,No,['nan']
1592112672862240770,"https://docs.google.com/forms/d/e/1FAIpQLSffZugycOX3tUHW3uGhn5Cw0pj0fJDeIQf5oJ3EzZ-2vuj6Gg/viewform?entry.1274744182=https://twitter.com/greatbabavosss/status/1592112672862240770&entry.653903203=26850&usp=pp_url
",Positive,No,Yes,No,['News']
1561339637611864064,"https://docs.google.com/forms/d/e/1FAIpQLSffZugycOX3tUHW3uGhn5Cw0pj0fJDeIQf5oJ3EzZ-2vuj6Gg/viewform?entry.1274744182=https://twitter.com/svakbas/status/1561339637611864064&entry.653903203=26850&usp=pp_url
",Neutral,No,Yes,No,['News']
1365726640416976906,"https://docs.google.com/forms/d/e/1FAIpQLSffZugycOX3tUHW3uGhn5Cw0pj0fJDeIQf5oJ3EzZ-2vuj6Gg/viewform?entry.1274744182=https://twitter.com/minminsoz/status/1365726640416976906&entry.653903203=26850&usp=pp_url
",Positive,No,No,No,['nan']
1592440587923632128,"https://docs.google.com/forms/d/e/1FAIpQLSffZugycOX3tUHW3uGhn5Cw0pj0fJDeIQf5oJ3EzZ-2vuj6Gg/viewform?entry.1274744182=https://twitter.com/AzizErguven/status/1592440587923632128&entry.653903203=26850&usp=pp_url
",Neutral,No,No,No,['nan']
