,url,sentiment,isExperiential,isPolitical,isInsult,topics
1594054960878178306,"https://docs.google.com/forms/d/e/1FAIpQLSffZugycOX3tUHW3uGhn5Cw0pj0fJDeIQf5oJ3EzZ-2vuj6Gg/viewform?entry.1274744182=https://twitter.com/arap_niyazi/status/1594054960878178306&entry.653903203=26355&usp=pp_url
",Negative,No,Yes,Yes,['Democracy']
1559951853604970496,"https://docs.google.com/forms/d/e/1FAIpQLSffZugycOX3tUHW3uGhn5Cw0pj0fJDeIQf5oJ3EzZ-2vuj6Gg/viewform?entry.1274744182=https://twitter.com/paraaaamediiiik/status/1559951853604970496&entry.653903203=26355&usp=pp_url
",Negative,No,Yes,No,['Unemployment']
1589370499452522496,"https://docs.google.com/forms/d/e/1FAIpQLSffZugycOX3tUHW3uGhn5Cw0pj0fJDeIQf5oJ3EzZ-2vuj6Gg/viewform?entry.1274744182=https://twitter.com/akyol_akyol1/status/1589370499452522496&entry.653903203=26355&usp=pp_url
",Neutral,Yes,Yes,No,['Crime&justice']
1585271872815513601,"https://docs.google.com/forms/d/e/1FAIpQLSffZugycOX3tUHW3uGhn5Cw0pj0fJDeIQf5oJ3EzZ-2vuj6Gg/viewform?entry.1274744182=https://twitter.com/menafbingol/status/1585271872815513601&entry.653903203=26355&usp=pp_url
",Negative,No,Yes,Yes,['Terrorism']
1564926450096013313,"https://docs.google.com/forms/d/e/1FAIpQLSffZugycOX3tUHW3uGhn5Cw0pj0fJDeIQf5oJ3EzZ-2vuj6Gg/viewform?entry.1274744182=https://twitter.com/sbolusonsoz/status/1564926450096013313&entry.653903203=26355&usp=pp_url
",Neutral,No,No,No,['News']
1582742603119792128,"https://docs.google.com/forms/d/e/1FAIpQLSffZugycOX3tUHW3uGhn5Cw0pj0fJDeIQf5oJ3EzZ-2vuj6Gg/viewform?entry.1274744182=https://twitter.com/hikayemiz881/status/1582742603119792128&entry.653903203=26355&usp=pp_url
",Negative,No,Yes,Yes,"['Music&TV', 'News', 'Corruption']"
1584177148797280257,"https://docs.google.com/forms/d/e/1FAIpQLSffZugycOX3tUHW3uGhn5Cw0pj0fJDeIQf5oJ3EzZ-2vuj6Gg/viewform?entry.1274744182=https://twitter.com/FatihDu96445650/status/1584177148797280257&entry.653903203=26355&usp=pp_url
",Negative,Yes,Yes,No,['Crime&justice']
1591987769802645505,"https://docs.google.com/forms/d/e/1FAIpQLSffZugycOX3tUHW3uGhn5Cw0pj0fJDeIQf5oJ3EzZ-2vuj6Gg/viewform?entry.1274744182=https://twitter.com/nkulunk/status/1591987769802645505&entry.653903203=26355&usp=pp_url
",Neutral,No,No,No,['Religion']
1594352902197354499,"https://docs.google.com/forms/d/e/1FAIpQLSffZugycOX3tUHW3uGhn5Cw0pj0fJDeIQf5oJ3EzZ-2vuj6Gg/viewform?entry.1274744182=https://twitter.com/mehay97/status/1594352902197354499&entry.653903203=26355&usp=pp_url
",Negative,Yes,Yes,No,['Unemployment']
1590755571850186752,"https://docs.google.com/forms/d/e/1FAIpQLSffZugycOX3tUHW3uGhn5Cw0pj0fJDeIQf5oJ3EzZ-2vuj6Gg/viewform?entry.1274744182=https://twitter.com/barisinmekani/status/1590755571850186752&entry.653903203=26355&usp=pp_url
",Negative,No,No,No,['Crime&justice']
1596575026505216000,"https://docs.google.com/forms/d/e/1FAIpQLSffZugycOX3tUHW3uGhn5Cw0pj0fJDeIQf5oJ3EzZ-2vuj6Gg/viewform?entry.1274744182=https://twitter.com/AsudeDuman78/status/1596575026505216000&entry.653903203=26355&usp=pp_url
",,,,,
1584881571580059648,"https://docs.google.com/forms/d/e/1FAIpQLSffZugycOX3tUHW3uGhn5Cw0pj0fJDeIQf5oJ3EzZ-2vuj6Gg/viewform?entry.1274744182=https://twitter.com/af336934881/status/1584881571580059648&entry.653903203=26355&usp=pp_url
",Negative,Yes,Yes,No,['Crime&justice']
1587169859615571969,"https://docs.google.com/forms/d/e/1FAIpQLSffZugycOX3tUHW3uGhn5Cw0pj0fJDeIQf5oJ3EzZ-2vuj6Gg/viewform?entry.1274744182=https://twitter.com/Aliinelll/status/1587169859615571969&entry.653903203=26355&usp=pp_url
",Negative,No,Yes,No,"['Democracy', 'Crime&justice']"
1586378555818405888,"https://docs.google.com/forms/d/e/1FAIpQLSffZugycOX3tUHW3uGhn5Cw0pj0fJDeIQf5oJ3EzZ-2vuj6Gg/viewform?entry.1274744182=https://twitter.com/Animall20688326/status/1586378555818405888&entry.653903203=26355&usp=pp_url
",Negative,Yes,No,Yes,['Health']
1593244345338978311,"https://docs.google.com/forms/d/e/1FAIpQLSffZugycOX3tUHW3uGhn5Cw0pj0fJDeIQf5oJ3EzZ-2vuj6Gg/viewform?entry.1274744182=https://twitter.com/Haticetsu/status/1593244345338978311&entry.653903203=26355&usp=pp_url
",Neutral,No,No,No,['Foreignpolicy']
1585766233491886081,"https://docs.google.com/forms/d/e/1FAIpQLSffZugycOX3tUHW3uGhn5Cw0pj0fJDeIQf5oJ3EzZ-2vuj6Gg/viewform?entry.1274744182=https://twitter.com/ekalkanli2023/status/1585766233491886081&entry.653903203=26355&usp=pp_url
",Negative,Yes,Yes,Yes,"['Corruption', 'Crime&justice']"
1587179091320602625,"https://docs.google.com/forms/d/e/1FAIpQLSffZugycOX3tUHW3uGhn5Cw0pj0fJDeIQf5oJ3EzZ-2vuj6Gg/viewform?entry.1274744182=https://twitter.com/Sporx17/status/1587179091320602625&entry.653903203=26355&usp=pp_url
",Negative,No,Yes,No,['Unemployment']
1546236021104431105,"https://docs.google.com/forms/d/e/1FAIpQLSffZugycOX3tUHW3uGhn5Cw0pj0fJDeIQf5oJ3EzZ-2vuj6Gg/viewform?entry.1274744182=https://twitter.com/iirematilgan/status/1546236021104431105&entry.653903203=26355&usp=pp_url
",Negative,Yes,Yes,Yes,"['Advertisement', 'News', 'Election']"
1588452263047069697,"https://docs.google.com/forms/d/e/1FAIpQLSffZugycOX3tUHW3uGhn5Cw0pj0fJDeIQf5oJ3EzZ-2vuj6Gg/viewform?entry.1274744182=https://twitter.com/mtfdan/status/1588452263047069697&entry.653903203=26355&usp=pp_url
",Negative,Yes,Yes,Yes,['Minorities&discrimination']
1587609995499151362,"https://docs.google.com/forms/d/e/1FAIpQLSffZugycOX3tUHW3uGhn5Cw0pj0fJDeIQf5oJ3EzZ-2vuj6Gg/viewform?entry.1274744182=https://twitter.com/CKanunigulcan/status/1587609995499151362&entry.653903203=26355&usp=pp_url
",Positive,Yes,Yes,No,['Election']
1357987073286930433,"https://docs.google.com/forms/d/e/1FAIpQLSffZugycOX3tUHW3uGhn5Cw0pj0fJDeIQf5oJ3EzZ-2vuj6Gg/viewform?entry.1274744182=https://twitter.com/hanker_iran/status/1357987073286930433&entry.653903203=26355&usp=pp_url
",Positive,Yes,No,No,['Music&TV']
1427339600083791885,"https://docs.google.com/forms/d/e/1FAIpQLSffZugycOX3tUHW3uGhn5Cw0pj0fJDeIQf5oJ3EzZ-2vuj6Gg/viewform?entry.1274744182=https://twitter.com/YunusGn52/status/1427339600083791885&entry.653903203=26355&usp=pp_url
",Negative,Yes,No,Yes,['Sports']
1569715827716268036,"https://docs.google.com/forms/d/e/1FAIpQLSffZugycOX3tUHW3uGhn5Cw0pj0fJDeIQf5oJ3EzZ-2vuj6Gg/viewform?entry.1274744182=https://twitter.com/jurnalhabernet/status/1569715827716268036&entry.653903203=26355&usp=pp_url
",Neutral,No,Yes,No,"['News', 'Economy', 'Inflation&poverty']"
1592440587923632128,"https://docs.google.com/forms/d/e/1FAIpQLSffZugycOX3tUHW3uGhn5Cw0pj0fJDeIQf5oJ3EzZ-2vuj6Gg/viewform?entry.1274744182=https://twitter.com/AzizErguven/status/1592440587923632128&entry.653903203=26355&usp=pp_url
",Neutral,No,No,Yes,['Democracy']
1585235078195875841,"https://docs.google.com/forms/d/e/1FAIpQLSffZugycOX3tUHW3uGhn5Cw0pj0fJDeIQf5oJ3EzZ-2vuj6Gg/viewform?entry.1274744182=https://twitter.com/burakas46659711/status/1585235078195875841&entry.653903203=26355&usp=pp_url
",Negative,Yes,No,Yes,['nan']
1593649159009099777,"https://docs.google.com/forms/d/e/1FAIpQLSffZugycOX3tUHW3uGhn5Cw0pj0fJDeIQf5oJ3EzZ-2vuj6Gg/viewform?entry.1274744182=https://twitter.com/Ahmetbaran70/status/1593649159009099777&entry.653903203=26355&usp=pp_url
",Negative,Yes,Yes,Yes,"['Economy', 'Corruption', 'Democracy']"
1595108238919438338,"https://docs.google.com/forms/d/e/1FAIpQLSffZugycOX3tUHW3uGhn5Cw0pj0fJDeIQf5oJ3EzZ-2vuj6Gg/viewform?entry.1274744182=https://twitter.com/ElbirEda/status/1595108238919438338&entry.653903203=26355&usp=pp_url
",Neutral,Yes,Yes,No,"['Unemployment', 'Democracy']"
1595357036925026306,"https://docs.google.com/forms/d/e/1FAIpQLSffZugycOX3tUHW3uGhn5Cw0pj0fJDeIQf5oJ3EzZ-2vuj6Gg/viewform?entry.1274744182=https://twitter.com/Zeynepvcl/status/1595357036925026306&entry.653903203=26355&usp=pp_url
",Positive,Yes,Yes,No,['Unemployment']
1586049165859045376,"https://docs.google.com/forms/d/e/1FAIpQLSffZugycOX3tUHW3uGhn5Cw0pj0fJDeIQf5oJ3EzZ-2vuj6Gg/viewform?entry.1274744182=https://twitter.com/SerhatTrker1/status/1586049165859045376&entry.653903203=26355&usp=pp_url
",Neutral,Yes,Yes,No,"['Unemployment', 'Crime&justice']"
1350186711377207296,"https://docs.google.com/forms/d/e/1FAIpQLSffZugycOX3tUHW3uGhn5Cw0pj0fJDeIQf5oJ3EzZ-2vuj6Gg/viewform?entry.1274744182=https://twitter.com/Esenhemdesert/status/1350186711377207296&entry.653903203=26355&usp=pp_url
",Negative,Yes,No,No,['nan']
1594013224948486144,"https://docs.google.com/forms/d/e/1FAIpQLSffZugycOX3tUHW3uGhn5Cw0pj0fJDeIQf5oJ3EzZ-2vuj6Gg/viewform?entry.1274744182=https://twitter.com/raskoln06848711/status/1594013224948486144&entry.653903203=26355&usp=pp_url
",Negative,Yes,Yes,No,['Unemployment']
1572252504200740866,"https://docs.google.com/forms/d/e/1FAIpQLSffZugycOX3tUHW3uGhn5Cw0pj0fJDeIQf5oJ3EzZ-2vuj6Gg/viewform?entry.1274744182=https://twitter.com/suleymanokcuu/status/1572252504200740866&entry.653903203=26355&usp=pp_url
",Negative,Yes,Yes,No,"['Unemployment', 'Education']"
1588145547461918722,"https://docs.google.com/forms/d/e/1FAIpQLSffZugycOX3tUHW3uGhn5Cw0pj0fJDeIQf5oJ3EzZ-2vuj6Gg/viewform?entry.1274744182=https://twitter.com/edanurats/status/1588145547461918722&entry.653903203=26355&usp=pp_url
",Negative,Yes,Yes,No,['Unemployment']
1589660884691210240,"https://docs.google.com/forms/d/e/1FAIpQLSffZugycOX3tUHW3uGhn5Cw0pj0fJDeIQf5oJ3EzZ-2vuj6Gg/viewform?entry.1274744182=https://twitter.com/Teansu21/status/1589660884691210240&entry.653903203=26355&usp=pp_url
",Negative,Yes,Yes,No,"['Unemployment', 'Education']"
1352873870232064000,"https://docs.google.com/forms/d/e/1FAIpQLSffZugycOX3tUHW3uGhn5Cw0pj0fJDeIQf5oJ3EzZ-2vuj6Gg/viewform?entry.1274744182=https://twitter.com/Exodia829193/status/1352873870232064000&entry.653903203=26355&usp=pp_url
",Positive,Yes,No,No,['nan']
1596896740053250048,"https://docs.google.com/forms/d/e/1FAIpQLSffZugycOX3tUHW3uGhn5Cw0pj0fJDeIQf5oJ3EzZ-2vuj6Gg/viewform?entry.1274744182=https://twitter.com/dilarabalkk/status/1596896740053250048&entry.653903203=26355&usp=pp_url
",Negative,Yes,Yes,No,"['Unemployment', 'Corruption', 'Health']"
1594694241300643840,"https://docs.google.com/forms/d/e/1FAIpQLSffZugycOX3tUHW3uGhn5Cw0pj0fJDeIQf5oJ3EzZ-2vuj6Gg/viewform?entry.1274744182=https://twitter.com/Atam_senrahtuyu/status/1594694241300643840&entry.653903203=26355&usp=pp_url
",Negative,Yes,Yes,Yes,"['Corruption', 'Election', 'Terrorism', 'Nationalsecurity']"
1583451251076780032,"https://docs.google.com/forms/d/e/1FAIpQLSffZugycOX3tUHW3uGhn5Cw0pj0fJDeIQf5oJ3EzZ-2vuj6Gg/viewform?entry.1274744182=https://twitter.com/ServetK10478923/status/1583451251076780032&entry.653903203=26355&usp=pp_url
",Positive,Yes,Yes,No,['Election']
1594257010702295040,"https://docs.google.com/forms/d/e/1FAIpQLSffZugycOX3tUHW3uGhn5Cw0pj0fJDeIQf5oJ3EzZ-2vuj6Gg/viewform?entry.1274744182=https://twitter.com/AykutBasgoynuk/status/1594257010702295040&entry.653903203=26355&usp=pp_url
",Neutral,No,No,No,['nan']
1549063761591521282,"https://docs.google.com/forms/d/e/1FAIpQLSffZugycOX3tUHW3uGhn5Cw0pj0fJDeIQf5oJ3EzZ-2vuj6Gg/viewform?entry.1274744182=https://twitter.com/NurhanBlbl/status/1549063761591521282&entry.653903203=26355&usp=pp_url
",Positive,Yes,Yes,Yes,"['Economy', 'Education']"
1597580678337794048,"https://docs.google.com/forms/d/e/1FAIpQLSffZugycOX3tUHW3uGhn5Cw0pj0fJDeIQf5oJ3EzZ-2vuj6Gg/viewform?entry.1274744182=https://twitter.com/Safie2022/status/1597580678337794048&entry.653903203=26355&usp=pp_url
",Negative,Yes,Yes,No,['Unemployment']
1595540874095648770,"https://docs.google.com/forms/d/e/1FAIpQLSffZugycOX3tUHW3uGhn5Cw0pj0fJDeIQf5oJ3EzZ-2vuj6Gg/viewform?entry.1274744182=https://twitter.com/24saat_org/status/1595540874095648770&entry.653903203=26355&usp=pp_url
",Neutral,No,Yes,No,"['News', 'Crime&justice']"
1595184703530745858,"https://docs.google.com/forms/d/e/1FAIpQLSffZugycOX3tUHW3uGhn5Cw0pj0fJDeIQf5oJ3EzZ-2vuj6Gg/viewform?entry.1274744182=https://twitter.com/ZELKORUMA1/status/1595184703530745858&entry.653903203=26355&usp=pp_url
",Negative,No,Yes,No,['Corruption']
1588568792984346624,"https://docs.google.com/forms/d/e/1FAIpQLSffZugycOX3tUHW3uGhn5Cw0pj0fJDeIQf5oJ3EzZ-2vuj6Gg/viewform?entry.1274744182=https://twitter.com/Maviruh_/status/1588568792984346624&entry.653903203=26355&usp=pp_url
",Negative,Yes,Yes,No,"['Unemployment', 'Education']"
1549676485958672390,"https://docs.google.com/forms/d/e/1FAIpQLSffZugycOX3tUHW3uGhn5Cw0pj0fJDeIQf5oJ3EzZ-2vuj6Gg/viewform?entry.1274744182=https://twitter.com/EIsteni/status/1549676485958672390&entry.653903203=26355&usp=pp_url
",Negative,No,Yes,Yes,['Economy']
1597931400094941186,"https://docs.google.com/forms/d/e/1FAIpQLSffZugycOX3tUHW3uGhn5Cw0pj0fJDeIQf5oJ3EzZ-2vuj6Gg/viewform?entry.1274744182=https://twitter.com/kenanpeker33/status/1597931400094941186&entry.653903203=26355&usp=pp_url
",Negative,No,Yes,Yes,"['Democracy', 'Election']"
1573252640326275073,"https://docs.google.com/forms/d/e/1FAIpQLSffZugycOX3tUHW3uGhn5Cw0pj0fJDeIQf5oJ3EzZ-2vuj6Gg/viewform?entry.1274744182=https://twitter.com/filozofalii/status/1573252640326275073&entry.653903203=26355&usp=pp_url
",Positive,Yes,No,No,['nan']
1423571720913489927,"https://docs.google.com/forms/d/e/1FAIpQLSffZugycOX3tUHW3uGhn5Cw0pj0fJDeIQf5oJ3EzZ-2vuj6Gg/viewform?entry.1274744182=https://twitter.com/Demircifunda1/status/1423571720913489927&entry.653903203=26355&usp=pp_url
",Negative,Yes,Yes,Yes,"['Democracy', 'Election']"
1427746815420604417,"https://docs.google.com/forms/d/e/1FAIpQLSffZugycOX3tUHW3uGhn5Cw0pj0fJDeIQf5oJ3EzZ-2vuj6Gg/viewform?entry.1274744182=https://twitter.com/venxzhan/status/1427746815420604417&entry.653903203=26355&usp=pp_url
",Negative,Yes,No,Yes,['nan']
1594428355100581888,"https://docs.google.com/forms/d/e/1FAIpQLSffZugycOX3tUHW3uGhn5Cw0pj0fJDeIQf5oJ3EzZ-2vuj6Gg/viewform?entry.1274744182=https://twitter.com/demirridvan33/status/1594428355100581888&entry.653903203=26355&usp=pp_url
",Negative,Yes,Yes,No,"['Crime&justice', 'Nationalsecurity']"
1352635736537882629,"https://docs.google.com/forms/d/e/1FAIpQLSffZugycOX3tUHW3uGhn5Cw0pj0fJDeIQf5oJ3EzZ-2vuj6Gg/viewform?entry.1274744182=https://twitter.com/Limit_less_Life/status/1352635736537882629&entry.653903203=26355&usp=pp_url
",Negative,Yes,No,Yes,['Health']
1597877647543275520,"https://docs.google.com/forms/d/e/1FAIpQLSffZugycOX3tUHW3uGhn5Cw0pj0fJDeIQf5oJ3EzZ-2vuj6Gg/viewform?entry.1274744182=https://twitter.com/fatikben/status/1597877647543275520&entry.653903203=26355&usp=pp_url
",Positive,No,No,No,['nan']
1577024342268837888,"https://docs.google.com/forms/d/e/1FAIpQLSffZugycOX3tUHW3uGhn5Cw0pj0fJDeIQf5oJ3EzZ-2vuj6Gg/viewform?entry.1274744182=https://twitter.com/HasAngarali/status/1577024342268837888&entry.653903203=26355&usp=pp_url
",Negative,Yes,Yes,Yes,"['Corruption', 'Crime&justice']"
1555822025960210432,"https://docs.google.com/forms/d/e/1FAIpQLSffZugycOX3tUHW3uGhn5Cw0pj0fJDeIQf5oJ3EzZ-2vuj6Gg/viewform?entry.1274744182=https://twitter.com/OSED1ON/status/1555822025960210432&entry.653903203=26355&usp=pp_url
",Negative,Yes,Yes,Yes,['Democracy']
1432292466196111360,"https://docs.google.com/forms/d/e/1FAIpQLSffZugycOX3tUHW3uGhn5Cw0pj0fJDeIQf5oJ3EzZ-2vuj6Gg/viewform?entry.1274744182=https://twitter.com/Ceyhn_Reis/status/1432292466196111360&entry.653903203=26355&usp=pp_url
",Positive,Yes,No,No,['Sports']
1367066478965587969,"https://docs.google.com/forms/d/e/1FAIpQLSffZugycOX3tUHW3uGhn5Cw0pj0fJDeIQf5oJ3EzZ-2vuj6Gg/viewform?entry.1274744182=https://twitter.com/handedogantan/status/1367066478965587969&entry.653903203=26355&usp=pp_url
",Negative,Yes,No,No,['nan']
1358217618235260928,"https://docs.google.com/forms/d/e/1FAIpQLSffZugycOX3tUHW3uGhn5Cw0pj0fJDeIQf5oJ3EzZ-2vuj6Gg/viewform?entry.1274744182=https://twitter.com/ozel_ao/status/1358217618235260928&entry.653903203=26355&usp=pp_url
",Negative,Yes,No,Yes,['Corruption']
1571966189764579332,"https://docs.google.com/forms/d/e/1FAIpQLSffZugycOX3tUHW3uGhn5Cw0pj0fJDeIQf5oJ3EzZ-2vuj6Gg/viewform?entry.1274744182=https://twitter.com/ghostsolgiers/status/1571966189764579332&entry.653903203=26355&usp=pp_url
",Negative,Yes,Yes,Yes,['Economy']
1596522347628232706,"https://docs.google.com/forms/d/e/1FAIpQLSffZugycOX3tUHW3uGhn5Cw0pj0fJDeIQf5oJ3EzZ-2vuj6Gg/viewform?entry.1274744182=https://twitter.com/ZereyakFahri/status/1596522347628232706&entry.653903203=26355&usp=pp_url
",Negative,Yes,Yes,Yes,['Election']
1585651759204208642,"https://docs.google.com/forms/d/e/1FAIpQLSffZugycOX3tUHW3uGhn5Cw0pj0fJDeIQf5oJ3EzZ-2vuj6Gg/viewform?entry.1274744182=https://twitter.com/Seyhannky/status/1585651759204208642&entry.653903203=26355&usp=pp_url
",Negative,Yes,Yes,No,"['Economy', 'Unemployment', 'Health']"
1400086678690226177,"https://docs.google.com/forms/d/e/1FAIpQLSffZugycOX3tUHW3uGhn5Cw0pj0fJDeIQf5oJ3EzZ-2vuj6Gg/viewform?entry.1274744182=https://twitter.com/eylul21sel/status/1400086678690226177&entry.653903203=26355&usp=pp_url
",Negative,Yes,No,No,['Crime&justice']
1595774278309498880,"https://docs.google.com/forms/d/e/1FAIpQLSffZugycOX3tUHW3uGhn5Cw0pj0fJDeIQf5oJ3EzZ-2vuj6Gg/viewform?entry.1274744182=https://twitter.com/MalkocogluOzk/status/1595774278309498880&entry.653903203=26355&usp=pp_url
",Positive,Yes,Yes,No,['Education']
1400519061495238657,"https://docs.google.com/forms/d/e/1FAIpQLSffZugycOX3tUHW3uGhn5Cw0pj0fJDeIQf5oJ3EzZ-2vuj6Gg/viewform?entry.1274744182=https://twitter.com/ahmet__celebi/status/1400519061495238657&entry.653903203=26355&usp=pp_url
",Neutral,No,No,No,['nan']
1592120408073203712,"https://docs.google.com/forms/d/e/1FAIpQLSffZugycOX3tUHW3uGhn5Cw0pj0fJDeIQf5oJ3EzZ-2vuj6Gg/viewform?entry.1274744182=https://twitter.com/shingensbanner/status/1592120408073203712&entry.653903203=26355&usp=pp_url
",Negative,Yes,Yes,Yes,['Crime&justice']
1439547067337256967,"https://docs.google.com/forms/d/e/1FAIpQLSffZugycOX3tUHW3uGhn5Cw0pj0fJDeIQf5oJ3EzZ-2vuj6Gg/viewform?entry.1274744182=https://twitter.com/_melek_3451/status/1439547067337256967&entry.653903203=26355&usp=pp_url
",Neutral,Yes,No,No,['nan']
1594542575909851137,"https://docs.google.com/forms/d/e/1FAIpQLSffZugycOX3tUHW3uGhn5Cw0pj0fJDeIQf5oJ3EzZ-2vuj6Gg/viewform?entry.1274744182=https://twitter.com/ErgencZahit/status/1594542575909851137&entry.653903203=26355&usp=pp_url
",Negative,Yes,Yes,Yes,['Democracy']
1388235183653011462,"https://docs.google.com/forms/d/e/1FAIpQLSffZugycOX3tUHW3uGhn5Cw0pj0fJDeIQf5oJ3EzZ-2vuj6Gg/viewform?entry.1274744182=https://twitter.com/tbzoc/status/1388235183653011462&entry.653903203=26355&usp=pp_url
",Neutral,No,No,No,['Sports']
1594377004975099907,"https://docs.google.com/forms/d/e/1FAIpQLSffZugycOX3tUHW3uGhn5Cw0pj0fJDeIQf5oJ3EzZ-2vuj6Gg/viewform?entry.1274744182=https://twitter.com/kubraku73626060/status/1594377004975099907&entry.653903203=26355&usp=pp_url
",Positive,Yes,Yes,No,"['Economy', 'Unemployment']"
1597344358067421186,"https://docs.google.com/forms/d/e/1FAIpQLSffZugycOX3tUHW3uGhn5Cw0pj0fJDeIQf5oJ3EzZ-2vuj6Gg/viewform?entry.1274744182=https://twitter.com/Hasanduzcan06/status/1597344358067421186&entry.653903203=26355&usp=pp_url
",Negative,Yes,Yes,Yes,"['Democracy', 'Terrorism', 'Nationalsecurity']"
1415032260571680768,"https://docs.google.com/forms/d/e/1FAIpQLSffZugycOX3tUHW3uGhn5Cw0pj0fJDeIQf5oJ3EzZ-2vuj6Gg/viewform?entry.1274744182=https://twitter.com/savasxozkan/status/1415032260571680768&entry.653903203=26355&usp=pp_url
",Positive,Yes,No,No,['Sports']
1433051881018953730,"https://docs.google.com/forms/d/e/1FAIpQLSffZugycOX3tUHW3uGhn5Cw0pj0fJDeIQf5oJ3EzZ-2vuj6Gg/viewform?entry.1274744182=https://twitter.com/JamesKeziahDel5/status/1433051881018953730&entry.653903203=26355&usp=pp_url
",Neutral,No,No,No,['nan']
1567137357110861827,"https://docs.google.com/forms/d/e/1FAIpQLSffZugycOX3tUHW3uGhn5Cw0pj0fJDeIQf5oJ3EzZ-2vuj6Gg/viewform?entry.1274744182=https://twitter.com/DevrimKRDLN/status/1567137357110861827&entry.653903203=26355&usp=pp_url
",Negative,Yes,Yes,No,['Education']
1353655472100765696,"https://docs.google.com/forms/d/e/1FAIpQLSffZugycOX3tUHW3uGhn5Cw0pj0fJDeIQf5oJ3EzZ-2vuj6Gg/viewform?entry.1274744182=https://twitter.com/lcvalntyne/status/1353655472100765696&entry.653903203=26355&usp=pp_url
",Neutral,No,No,No,['nan']
1567256445179117570,"https://docs.google.com/forms/d/e/1FAIpQLSffZugycOX3tUHW3uGhn5Cw0pj0fJDeIQf5oJ3EzZ-2vuj6Gg/viewform?entry.1274744182=https://twitter.com/mynet/status/1567256445179117570&entry.653903203=26355&usp=pp_url
",Neutral,No,Yes,No,"['News', 'Nationalsecurity', 'Foreignpolicy']"
1590081240769495043,"https://docs.google.com/forms/d/e/1FAIpQLSffZugycOX3tUHW3uGhn5Cw0pj0fJDeIQf5oJ3EzZ-2vuj6Gg/viewform?entry.1274744182=https://twitter.com/cokiyidiyorum/status/1590081240769495043&entry.653903203=26355&usp=pp_url
",Positive,Yes,Yes,No,"['Unemployment', 'Education']"
1366112319684632576,"https://docs.google.com/forms/d/e/1FAIpQLSffZugycOX3tUHW3uGhn5Cw0pj0fJDeIQf5oJ3EzZ-2vuj6Gg/viewform?entry.1274744182=https://twitter.com/dytdytdyt_dr/status/1366112319684632576&entry.653903203=26355&usp=pp_url
",Negative,Yes,No,Yes,['nan']
1585707464934232076,"https://docs.google.com/forms/d/e/1FAIpQLSffZugycOX3tUHW3uGhn5Cw0pj0fJDeIQf5oJ3EzZ-2vuj6Gg/viewform?entry.1274744182=https://twitter.com/Elifekaya20Kaya/status/1585707464934232076&entry.653903203=26355&usp=pp_url
",Negative,Yes,Yes,No,"['Unemployment', 'Education']"
1578448632533028865,"https://docs.google.com/forms/d/e/1FAIpQLSffZugycOX3tUHW3uGhn5Cw0pj0fJDeIQf5oJ3EzZ-2vuj6Gg/viewform?entry.1274744182=https://twitter.com/osman43026850/status/1578448632533028865&entry.653903203=26355&usp=pp_url
",Negative,Yes,Yes,No,"['Immigration&refugees', 'Minorities&discrimination']"
1589709369838821376,"https://docs.google.com/forms/d/e/1FAIpQLSffZugycOX3tUHW3uGhn5Cw0pj0fJDeIQf5oJ3EzZ-2vuj6Gg/viewform?entry.1274744182=https://twitter.com/merwebyrmm/status/1589709369838821376&entry.653903203=26355&usp=pp_url
",Negative,Yes,Yes,No,['Crime&justice']
1582335253108379649,"https://docs.google.com/forms/d/e/1FAIpQLSffZugycOX3tUHW3uGhn5Cw0pj0fJDeIQf5oJ3EzZ-2vuj6Gg/viewform?entry.1274744182=https://twitter.com/4dmagdurlari/status/1582335253108379649&entry.653903203=26355&usp=pp_url
",Negative,Yes,Yes,No,"['Unemployment', 'Corruption']"
1591134795379396608,"https://docs.google.com/forms/d/e/1FAIpQLSffZugycOX3tUHW3uGhn5Cw0pj0fJDeIQf5oJ3EzZ-2vuj6Gg/viewform?entry.1274744182=https://twitter.com/nurayytugbaa/status/1591134795379396608&entry.653903203=26355&usp=pp_url
",Negative,Yes,Yes,No,"['Unemployment', 'Education']"
1591129580412207135,"https://docs.google.com/forms/d/e/1FAIpQLSffZugycOX3tUHW3uGhn5Cw0pj0fJDeIQf5oJ3EzZ-2vuj6Gg/viewform?entry.1274744182=https://twitter.com/yakuponal_28/status/1591129580412207135&entry.653903203=26355&usp=pp_url
",Negative,Yes,Yes,No,"['Unemployment', 'Education']"
1560367400394149891,"https://docs.google.com/forms/d/e/1FAIpQLSffZugycOX3tUHW3uGhn5Cw0pj0fJDeIQf5oJ3EzZ-2vuj6Gg/viewform?entry.1274744182=https://twitter.com/ambermiisali/status/1560367400394149891&entry.653903203=26355&usp=pp_url
",Negative,Yes,Yes,No,"['Immigration&refugees', 'Minorities&discrimination']"
1592245600183259136,"https://docs.google.com/forms/d/e/1FAIpQLSffZugycOX3tUHW3uGhn5Cw0pj0fJDeIQf5oJ3EzZ-2vuj6Gg/viewform?entry.1274744182=https://twitter.com/JCzyio/status/1592245600183259136&entry.653903203=26355&usp=pp_url
",Negative,Yes,Yes,No,['Election']
1559256770991775747,"https://docs.google.com/forms/d/e/1FAIpQLSffZugycOX3tUHW3uGhn5Cw0pj0fJDeIQf5oJ3EzZ-2vuj6Gg/viewform?entry.1274744182=https://twitter.com/ALEkberAkyol1/status/1559256770991775747&entry.653903203=26355&usp=pp_url
",Negative,Yes,Yes,No,['Crime&justice']
1576653232323317760,"https://docs.google.com/forms/d/e/1FAIpQLSffZugycOX3tUHW3uGhn5Cw0pj0fJDeIQf5oJ3EzZ-2vuj6Gg/viewform?entry.1274744182=https://twitter.com/beththemac/status/1576653232323317760&entry.653903203=26355&usp=pp_url
",Negative,Yes,Yes,No,"['Unemployment', 'Health']"
1579558096833511424,"https://docs.google.com/forms/d/e/1FAIpQLSffZugycOX3tUHW3uGhn5Cw0pj0fJDeIQf5oJ3EzZ-2vuj6Gg/viewform?entry.1274744182=https://twitter.com/hiranur55508054/status/1579558096833511424&entry.653903203=26355&usp=pp_url
",Positive,Yes,Yes,No,"['Unemployment', 'Education']"
1562853131251118081,"https://docs.google.com/forms/d/e/1FAIpQLSffZugycOX3tUHW3uGhn5Cw0pj0fJDeIQf5oJ3EzZ-2vuj6Gg/viewform?entry.1274744182=https://twitter.com/akanturker/status/1562853131251118081&entry.653903203=26355&usp=pp_url
",Positive,Yes,Yes,No,['nan']
1597697604334194693,"https://docs.google.com/forms/d/e/1FAIpQLSffZugycOX3tUHW3uGhn5Cw0pj0fJDeIQf5oJ3EzZ-2vuj6Gg/viewform?entry.1274744182=https://twitter.com/policeoverhead/status/1597697604334194693&entry.653903203=26355&usp=pp_url
",Neutral,No,No,No,['Crime&justice']
1548968560935960579,"https://docs.google.com/forms/d/e/1FAIpQLSffZugycOX3tUHW3uGhn5Cw0pj0fJDeIQf5oJ3EzZ-2vuj6Gg/viewform?entry.1274744182=https://twitter.com/sikayet54321/status/1548968560935960579&entry.653903203=26355&usp=pp_url
",Negative,Yes,No,No,['nan']
1362089449870536705,"https://docs.google.com/forms/d/e/1FAIpQLSffZugycOX3tUHW3uGhn5Cw0pj0fJDeIQf5oJ3EzZ-2vuj6Gg/viewform?entry.1274744182=https://twitter.com/ismailseyfioglu/status/1362089449870536705&entry.653903203=26355&usp=pp_url
",Positive,Yes,No,No,['Music&TV']
1396199295808851971,"https://docs.google.com/forms/d/e/1FAIpQLSffZugycOX3tUHW3uGhn5Cw0pj0fJDeIQf5oJ3EzZ-2vuj6Gg/viewform?entry.1274744182=https://twitter.com/MuallaMuli/status/1396199295808851971&entry.653903203=26355&usp=pp_url
",Neutral,No,No,No,['nan']
1565312596135354373,"https://docs.google.com/forms/d/e/1FAIpQLSffZugycOX3tUHW3uGhn5Cw0pj0fJDeIQf5oJ3EzZ-2vuj6Gg/viewform?entry.1274744182=https://twitter.com/Nursela60044416/status/1565312596135354373&entry.653903203=26355&usp=pp_url
",Positive,Yes,Yes,No,"['Democracy', 'Election']"
1365719632133443586,"https://docs.google.com/forms/d/e/1FAIpQLSffZugycOX3tUHW3uGhn5Cw0pj0fJDeIQf5oJ3EzZ-2vuj6Gg/viewform?entry.1274744182=https://twitter.com/KibrisOzgur/status/1365719632133443586&entry.653903203=26355&usp=pp_url
",Neutral,No,No,No,['Health']
1350046760043950081,"https://docs.google.com/forms/d/e/1FAIpQLSffZugycOX3tUHW3uGhn5Cw0pj0fJDeIQf5oJ3EzZ-2vuj6Gg/viewform?entry.1274744182=https://twitter.com/yigittdemirr/status/1350046760043950081&entry.653903203=26355&usp=pp_url
",Negative,Yes,No,Yes,['Sports']
1367571642604544000,"https://docs.google.com/forms/d/e/1FAIpQLSffZugycOX3tUHW3uGhn5Cw0pj0fJDeIQf5oJ3EzZ-2vuj6Gg/viewform?entry.1274744182=https://twitter.com/BakiDiren/status/1367571642604544000&entry.653903203=26355&usp=pp_url
",Positive,Yes,No,No,['nan']
1580620324357697536,"https://docs.google.com/forms/d/e/1FAIpQLSffZugycOX3tUHW3uGhn5Cw0pj0fJDeIQf5oJ3EzZ-2vuj6Gg/viewform?entry.1274744182=https://twitter.com/rbuyukuyar1/status/1580620324357697536&entry.653903203=26355&usp=pp_url
",Negative,Yes,Yes,No,['Unemployment']
1364274686012624899,"https://docs.google.com/forms/d/e/1FAIpQLSffZugycOX3tUHW3uGhn5Cw0pj0fJDeIQf5oJ3EzZ-2vuj6Gg/viewform?entry.1274744182=https://twitter.com/therexnemachine/status/1364274686012624899&entry.653903203=26355&usp=pp_url
",Neutral,No,No,No,['nan']
1588815310521798656,"https://docs.google.com/forms/d/e/1FAIpQLSffZugycOX3tUHW3uGhn5Cw0pj0fJDeIQf5oJ3EzZ-2vuj6Gg/viewform?entry.1274744182=https://twitter.com/Kalanzaman1/status/1588815310521798656&entry.653903203=26355&usp=pp_url
",Negative,Yes,Yes,Yes,['nan']
1592778702819299330,"https://docs.google.com/forms/d/e/1FAIpQLSffZugycOX3tUHW3uGhn5Cw0pj0fJDeIQf5oJ3EzZ-2vuj6Gg/viewform?entry.1274744182=https://twitter.com/HamitOkumus17/status/1592778702819299330&entry.653903203=26355&usp=pp_url
",Negative,Yes,No,Yes,['nan']
1595069509634760704,"https://docs.google.com/forms/d/e/1FAIpQLSffZugycOX3tUHW3uGhn5Cw0pj0fJDeIQf5oJ3EzZ-2vuj6Gg/viewform?entry.1274744182=https://twitter.com/yurtgazetesi/status/1595069509634760704&entry.653903203=26355&usp=pp_url
",Neutral,No,Yes,No,"['News', 'Nationalsecurity']"
1435529414868180996,"https://docs.google.com/forms/d/e/1FAIpQLSffZugycOX3tUHW3uGhn5Cw0pj0fJDeIQf5oJ3EzZ-2vuj6Gg/viewform?entry.1274744182=https://twitter.com/TPohadam/status/1435529414868180996&entry.653903203=26355&usp=pp_url
",Neutral,No,No,No,['Sports']
1593897399898054656,"https://docs.google.com/forms/d/e/1FAIpQLSffZugycOX3tUHW3uGhn5Cw0pj0fJDeIQf5oJ3EzZ-2vuj6Gg/viewform?entry.1274744182=https://twitter.com/Ahmet97478187/status/1593897399898054656&entry.653903203=26355&usp=pp_url
",Negative,Yes,Yes,No,"['Democracy', 'Election']"
1398551756334899200,"https://docs.google.com/forms/d/e/1FAIpQLSffZugycOX3tUHW3uGhn5Cw0pj0fJDeIQf5oJ3EzZ-2vuj6Gg/viewform?entry.1274744182=https://twitter.com/Oku_Sev_Gez/status/1398551756334899200&entry.653903203=26355&usp=pp_url
",Positive,Yes,No,No,['Music&TV']
1388502489578749957,"https://docs.google.com/forms/d/e/1FAIpQLSffZugycOX3tUHW3uGhn5Cw0pj0fJDeIQf5oJ3EzZ-2vuj6Gg/viewform?entry.1274744182=https://twitter.com/koycocuklariok1/status/1388502489578749957&entry.653903203=26355&usp=pp_url
",Neutral,No,Yes,No,['Education']
1595869612222124033,"https://docs.google.com/forms/d/e/1FAIpQLSffZugycOX3tUHW3uGhn5Cw0pj0fJDeIQf5oJ3EzZ-2vuj6Gg/viewform?entry.1274744182=https://twitter.com/lhamiPlat1/status/1595869612222124033&entry.653903203=26355&usp=pp_url
",Positive,Yes,Yes,No,['Crime&justice']
1389286326139240448,"https://docs.google.com/forms/d/e/1FAIpQLSffZugycOX3tUHW3uGhn5Cw0pj0fJDeIQf5oJ3EzZ-2vuj6Gg/viewform?entry.1274744182=https://twitter.com/Irfandemir19611/status/1389286326139240448&entry.653903203=26355&usp=pp_url
",Negative,Yes,No,Yes,['Sports']
1588915997859545089,"https://docs.google.com/forms/d/e/1FAIpQLSffZugycOX3tUHW3uGhn5Cw0pj0fJDeIQf5oJ3EzZ-2vuj6Gg/viewform?entry.1274744182=https://twitter.com/MalcokFatih/status/1588915997859545089&entry.653903203=26355&usp=pp_url
",Negative,Yes,Yes,Yes,"['Crime&justice', 'Nationalsecurity']"
1596394245874647040,"https://docs.google.com/forms/d/e/1FAIpQLSffZugycOX3tUHW3uGhn5Cw0pj0fJDeIQf5oJ3EzZ-2vuj6Gg/viewform?entry.1274744182=https://twitter.com/efendi_inan/status/1596394245874647040&entry.653903203=26355&usp=pp_url
",Negative,Yes,Yes,Yes,['News']
1356926480605982728,"https://docs.google.com/forms/d/e/1FAIpQLSffZugycOX3tUHW3uGhn5Cw0pj0fJDeIQf5oJ3EzZ-2vuj6Gg/viewform?entry.1274744182=https://twitter.com/Mucahityilmz61/status/1356926480605982728&entry.653903203=26355&usp=pp_url
",Positive,Yes,No,No,['nan']
1348629241735360512,"https://docs.google.com/forms/d/e/1FAIpQLSffZugycOX3tUHW3uGhn5Cw0pj0fJDeIQf5oJ3EzZ-2vuj6Gg/viewform?entry.1274744182=https://twitter.com/mertakar/status/1348629241735360512&entry.653903203=26355&usp=pp_url
",Negative,Yes,No,No,['Sports']
1545706007774449666,"https://docs.google.com/forms/d/e/1FAIpQLSffZugycOX3tUHW3uGhn5Cw0pj0fJDeIQf5oJ3EzZ-2vuj6Gg/viewform?entry.1274744182=https://twitter.com/ckaran48/status/1545706007774449666&entry.653903203=26355&usp=pp_url
",Negative,Yes,Yes,Yes,['Foreignpolicy']
1594387300867313665,"https://docs.google.com/forms/d/e/1FAIpQLSffZugycOX3tUHW3uGhn5Cw0pj0fJDeIQf5oJ3EzZ-2vuj6Gg/viewform?entry.1274744182=https://twitter.com/dearticleshores/status/1594387300867313665&entry.653903203=26355&usp=pp_url
",Negative,Yes,No,Yes,['nan']
1356664092908478470,"https://docs.google.com/forms/d/e/1FAIpQLSffZugycOX3tUHW3uGhn5Cw0pj0fJDeIQf5oJ3EzZ-2vuj6Gg/viewform?entry.1274744182=https://twitter.com/linniessaa/status/1356664092908478470&entry.653903203=26355&usp=pp_url
",Negative,Yes,No,No,['nan']
1596410328568692736,"https://docs.google.com/forms/d/e/1FAIpQLSffZugycOX3tUHW3uGhn5Cw0pj0fJDeIQf5oJ3EzZ-2vuj6Gg/viewform?entry.1274744182=https://twitter.com/moun277/status/1596410328568692736&entry.653903203=26355&usp=pp_url
",Neutral,No,No,No,['nan']
1419274271852044292,"https://docs.google.com/forms/d/e/1FAIpQLSffZugycOX3tUHW3uGhn5Cw0pj0fJDeIQf5oJ3EzZ-2vuj6Gg/viewform?entry.1274744182=https://twitter.com/serapdikmen35/status/1419274271852044292&entry.653903203=26355&usp=pp_url
",Positive,Yes,No,No,['nan']
1590219283174658048,"https://docs.google.com/forms/d/e/1FAIpQLSffZugycOX3tUHW3uGhn5Cw0pj0fJDeIQf5oJ3EzZ-2vuj6Gg/viewform?entry.1274744182=https://twitter.com/AvCemilDere/status/1590219283174658048&entry.653903203=26355&usp=pp_url
",Negative,Yes,Yes,Yes,['nan']
1594246341969985544,"https://docs.google.com/forms/d/e/1FAIpQLSffZugycOX3tUHW3uGhn5Cw0pj0fJDeIQf5oJ3EzZ-2vuj6Gg/viewform?entry.1274744182=https://twitter.com/ibrahimavcu10/status/1594246341969985544&entry.653903203=26355&usp=pp_url
",Negative,Yes,No,Yes,['nan']
1589273952513556480,"https://docs.google.com/forms/d/e/1FAIpQLSffZugycOX3tUHW3uGhn5Cw0pj0fJDeIQf5oJ3EzZ-2vuj6Gg/viewform?entry.1274744182=https://twitter.com/emrecel63320724/status/1589273952513556480&entry.653903203=26355&usp=pp_url
",Negative,No,Yes,No,['Unemployment']
1397257623548964864,"https://docs.google.com/forms/d/e/1FAIpQLSffZugycOX3tUHW3uGhn5Cw0pj0fJDeIQf5oJ3EzZ-2vuj6Gg/viewform?entry.1274744182=https://twitter.com/bunyamin_KILIC/status/1397257623548964864&entry.653903203=26355&usp=pp_url
",Positive,Yes,No,No,['nan']
1589993032975544320,"https://docs.google.com/forms/d/e/1FAIpQLSffZugycOX3tUHW3uGhn5Cw0pj0fJDeIQf5oJ3EzZ-2vuj6Gg/viewform?entry.1274744182=https://twitter.com/hasannegr/status/1589993032975544320&entry.653903203=26355&usp=pp_url
",Negative,Yes,Yes,Yes,['Democracy']
1387098223593074693,"https://docs.google.com/forms/d/e/1FAIpQLSffZugycOX3tUHW3uGhn5Cw0pj0fJDeIQf5oJ3EzZ-2vuj6Gg/viewform?entry.1274744182=https://twitter.com/Furkan537453665/status/1387098223593074693&entry.653903203=26355&usp=pp_url
",Positive,Yes,No,No,['Advertisement']
1567209194700382210,"https://docs.google.com/forms/d/e/1FAIpQLSffZugycOX3tUHW3uGhn5Cw0pj0fJDeIQf5oJ3EzZ-2vuj6Gg/viewform?entry.1274744182=https://twitter.com/denksizlawyeer/status/1567209194700382210&entry.653903203=26355&usp=pp_url
",Positive,Yes,Yes,No,['Education']
1595094629741101056,"https://docs.google.com/forms/d/e/1FAIpQLSffZugycOX3tUHW3uGhn5Cw0pj0fJDeIQf5oJ3EzZ-2vuj6Gg/viewform?entry.1274744182=https://twitter.com/UYuzbasioglu_65/status/1595094629741101056&entry.653903203=26355&usp=pp_url
",Negative,Yes,Yes,No,"['Unemployment', 'Education']"
1589962719356391424,"https://docs.google.com/forms/d/e/1FAIpQLSffZugycOX3tUHW3uGhn5Cw0pj0fJDeIQf5oJ3EzZ-2vuj6Gg/viewform?entry.1274744182=https://twitter.com/ayyildizm048/status/1589962719356391424&entry.653903203=26355&usp=pp_url
",Negative,Yes,Yes,No,['Unemployment']
1585634359612420101,"https://docs.google.com/forms/d/e/1FAIpQLSffZugycOX3tUHW3uGhn5Cw0pj0fJDeIQf5oJ3EzZ-2vuj6Gg/viewform?entry.1274744182=https://twitter.com/mustafasenol45/status/1585634359612420101&entry.653903203=26355&usp=pp_url
",Negative,Yes,Yes,No,"['Corruption', 'Crime&justice', 'Nationalsecurity']"
1596336175228272640,"https://docs.google.com/forms/d/e/1FAIpQLSffZugycOX3tUHW3uGhn5Cw0pj0fJDeIQf5oJ3EzZ-2vuj6Gg/viewform?entry.1274744182=https://twitter.com/AliUzunirmak/status/1596336175228272640&entry.653903203=26355&usp=pp_url
",Neutral,Yes,No,Yes,['nan']
1594434047077453824,"https://docs.google.com/forms/d/e/1FAIpQLSffZugycOX3tUHW3uGhn5Cw0pj0fJDeIQf5oJ3EzZ-2vuj6Gg/viewform?entry.1274744182=https://twitter.com/EylemDe86555466/status/1594434047077453824&entry.653903203=26355&usp=pp_url
",Negative,Yes,Yes,Yes,"['Corruption', 'Crime&justice', 'Immigration&refugees']"
1597274845381029888,"https://docs.google.com/forms/d/e/1FAIpQLSffZugycOX3tUHW3uGhn5Cw0pj0fJDeIQf5oJ3EzZ-2vuj6Gg/viewform?entry.1274744182=https://twitter.com/ygzunsl/status/1597274845381029888&entry.653903203=26355&usp=pp_url
",Negative,Yes,Yes,No,['Crime&justice']
1417890700549570562,"https://docs.google.com/forms/d/e/1FAIpQLSffZugycOX3tUHW3uGhn5Cw0pj0fJDeIQf5oJ3EzZ-2vuj6Gg/viewform?entry.1274744182=https://twitter.com/cinali999/status/1417890700549570562&entry.653903203=26355&usp=pp_url
",Negative,Yes,Yes,Yes,['Corruption']
1595672774730735617,"https://docs.google.com/forms/d/e/1FAIpQLSffZugycOX3tUHW3uGhn5Cw0pj0fJDeIQf5oJ3EzZ-2vuj6Gg/viewform?entry.1274744182=https://twitter.com/bahattinyucel/status/1595672774730735617&entry.653903203=26355&usp=pp_url
",Negative,Yes,No,Yes,['nan']
1571435041183657984,"https://docs.google.com/forms/d/e/1FAIpQLSffZugycOX3tUHW3uGhn5Cw0pj0fJDeIQf5oJ3EzZ-2vuj6Gg/viewform?entry.1274744182=https://twitter.com/hastacimbomlu57/status/1571435041183657984&entry.653903203=26355&usp=pp_url
",Negative,Yes,Yes,Yes,['Corruption']
1434787703783051264,"https://docs.google.com/forms/d/e/1FAIpQLSffZugycOX3tUHW3uGhn5Cw0pj0fJDeIQf5oJ3EzZ-2vuj6Gg/viewform?entry.1274744182=https://twitter.com/jerviajeon/status/1434787703783051264&entry.653903203=26355&usp=pp_url
",Positive,Yes,No,No,['nan']
1430630758432100358,"https://docs.google.com/forms/d/e/1FAIpQLSffZugycOX3tUHW3uGhn5Cw0pj0fJDeIQf5oJ3EzZ-2vuj6Gg/viewform?entry.1274744182=https://twitter.com/evina_wendayi_/status/1430630758432100358&entry.653903203=26355&usp=pp_url
",Negative,Yes,No,No,['nan']
1383301515725578240,"https://docs.google.com/forms/d/e/1FAIpQLSffZugycOX3tUHW3uGhn5Cw0pj0fJDeIQf5oJ3EzZ-2vuj6Gg/viewform?entry.1274744182=https://twitter.com/ali286143/status/1383301515725578240&entry.653903203=26355&usp=pp_url
",Positive,Yes,No,No,['nan']
1595156225737756672,"https://docs.google.com/forms/d/e/1FAIpQLSffZugycOX3tUHW3uGhn5Cw0pj0fJDeIQf5oJ3EzZ-2vuj6Gg/viewform?entry.1274744182=https://twitter.com/af336934881/status/1595156225737756672&entry.653903203=26355&usp=pp_url
",Negative,Yes,Yes,No,['Crime&justice']
1574347765718650881,"https://docs.google.com/forms/d/e/1FAIpQLSffZugycOX3tUHW3uGhn5Cw0pj0fJDeIQf5oJ3EzZ-2vuj6Gg/viewform?entry.1274744182=https://twitter.com/rafet4389ro/status/1574347765718650881&entry.653903203=26355&usp=pp_url
",Negative,Yes,Yes,Yes,"['Democracy', 'Terrorism', 'Nationalsecurity']"
1595116811280080897,"https://docs.google.com/forms/d/e/1FAIpQLSffZugycOX3tUHW3uGhn5Cw0pj0fJDeIQf5oJ3EzZ-2vuj6Gg/viewform?entry.1274744182=https://twitter.com/bendenyanadur_c/status/1595116811280080897&entry.653903203=26355&usp=pp_url
",Positive,Yes,Yes,No,"['Democracy', 'Election']"
1559963768372740098,"https://docs.google.com/forms/d/e/1FAIpQLSffZugycOX3tUHW3uGhn5Cw0pj0fJDeIQf5oJ3EzZ-2vuj6Gg/viewform?entry.1274744182=https://twitter.com/awfhdsr6/status/1559963768372740098&entry.653903203=26355&usp=pp_url
",Negative,Yes,Yes,No,"['Economy', 'Unemployment']"
1422462874425962512,"https://docs.google.com/forms/d/e/1FAIpQLSffZugycOX3tUHW3uGhn5Cw0pj0fJDeIQf5oJ3EzZ-2vuj6Gg/viewform?entry.1274744182=https://twitter.com/fedai032016/status/1422462874425962512&entry.653903203=26355&usp=pp_url
",Negative,Yes,No,No,['Sports']
1570428119609139201,"https://docs.google.com/forms/d/e/1FAIpQLSffZugycOX3tUHW3uGhn5Cw0pj0fJDeIQf5oJ3EzZ-2vuj6Gg/viewform?entry.1274744182=https://twitter.com/HamitElKelle/status/1570428119609139201&entry.653903203=26355&usp=pp_url
",Negative,Yes,Yes,Yes,"['Religion', 'Foreignpolicy']"
1377682184794955779,"https://docs.google.com/forms/d/e/1FAIpQLSffZugycOX3tUHW3uGhn5Cw0pj0fJDeIQf5oJ3EzZ-2vuj6Gg/viewform?entry.1274744182=https://twitter.com/canihosrky/status/1377682184794955779&entry.653903203=26355&usp=pp_url
",Positive,No,No,No,['nan']
1585332901025001472,"https://docs.google.com/forms/d/e/1FAIpQLSffZugycOX3tUHW3uGhn5Cw0pj0fJDeIQf5oJ3EzZ-2vuj6Gg/viewform?entry.1274744182=https://twitter.com/edebifelsefe0/status/1585332901025001472&entry.653903203=26355&usp=pp_url
",Neutral,No,No,No,['nan']
1588963694947766273,"https://docs.google.com/forms/d/e/1FAIpQLSffZugycOX3tUHW3uGhn5Cw0pj0fJDeIQf5oJ3EzZ-2vuj6Gg/viewform?entry.1274744182=https://twitter.com/ZahideGr1/status/1588963694947766273&entry.653903203=26355&usp=pp_url
",Positive,Yes,No,No,['nan']
1597572670387789826,"https://docs.google.com/forms/d/e/1FAIpQLSffZugycOX3tUHW3uGhn5Cw0pj0fJDeIQf5oJ3EzZ-2vuj6Gg/viewform?entry.1274744182=https://twitter.com/Serkan34625905/status/1597572670387789826&entry.653903203=26355&usp=pp_url
",Negative,Yes,Yes,Yes,['nan']
1597967459201736710,"https://docs.google.com/forms/d/e/1FAIpQLSffZugycOX3tUHW3uGhn5Cw0pj0fJDeIQf5oJ3EzZ-2vuj6Gg/viewform?entry.1274744182=https://twitter.com/frkntsb55/status/1597967459201736710&entry.653903203=26355&usp=pp_url
",Negative,Yes,Yes,No,['Unemployment']
1391884164379598849,"https://docs.google.com/forms/d/e/1FAIpQLSffZugycOX3tUHW3uGhn5Cw0pj0fJDeIQf5oJ3EzZ-2vuj6Gg/viewform?entry.1274744182=https://twitter.com/uscuk/status/1391884164379598849&entry.653903203=26355&usp=pp_url
",Neutral,No,No,No,['nan']
1414542749227966464,"https://docs.google.com/forms/d/e/1FAIpQLSffZugycOX3tUHW3uGhn5Cw0pj0fJDeIQf5oJ3EzZ-2vuj6Gg/viewform?entry.1274744182=https://twitter.com/MuratVeInci2/status/1414542749227966464&entry.653903203=26355&usp=pp_url
",Positive,Yes,No,No,['nan']
1595058830496366597,"https://docs.google.com/forms/d/e/1FAIpQLSffZugycOX3tUHW3uGhn5Cw0pj0fJDeIQf5oJ3EzZ-2vuj6Gg/viewform?entry.1274744182=https://twitter.com/tgrthabertv/status/1595058830496366597&entry.653903203=26355&usp=pp_url
",Neutral,No,Yes,No,"['News', 'Nationalsecurity', 'Foreignpolicy']"
1596501798839549953,"https://docs.google.com/forms/d/e/1FAIpQLSffZugycOX3tUHW3uGhn5Cw0pj0fJDeIQf5oJ3EzZ-2vuj6Gg/viewform?entry.1274744182=https://twitter.com/betl2_mina/status/1596501798839549953&entry.653903203=26355&usp=pp_url
",Negative,Yes,Yes,Yes,['Democracy']
1399113710438957056,"https://docs.google.com/forms/d/e/1FAIpQLSffZugycOX3tUHW3uGhn5Cw0pj0fJDeIQf5oJ3EzZ-2vuj6Gg/viewform?entry.1274744182=https://twitter.com/condomkurshunu/status/1399113710438957056&entry.653903203=26355&usp=pp_url
",Neutral,No,No,No,['Religion']
1596548511981412352,"https://docs.google.com/forms/d/e/1FAIpQLSffZugycOX3tUHW3uGhn5Cw0pj0fJDeIQf5oJ3EzZ-2vuj6Gg/viewform?entry.1274744182=https://twitter.com/_e_ogretmen/status/1596548511981412352&entry.653903203=26355&usp=pp_url
",Negative,Yes,Yes,No,"['Unemployment', 'Education', 'Health']"
1583477966373543936,"https://docs.google.com/forms/d/e/1FAIpQLSffZugycOX3tUHW3uGhn5Cw0pj0fJDeIQf5oJ3EzZ-2vuj6Gg/viewform?entry.1274744182=https://twitter.com/tr3424910214991/status/1583477966373543936&entry.653903203=26355&usp=pp_url
",Negative,Yes,Yes,Yes,"['Corruption', 'Democracy']"
1542845377279295490,"https://docs.google.com/forms/d/e/1FAIpQLSffZugycOX3tUHW3uGhn5Cw0pj0fJDeIQf5oJ3EzZ-2vuj6Gg/viewform?entry.1274744182=https://twitter.com/kadiras_lan/status/1542845377279295490&entry.653903203=26355&usp=pp_url
",Negative,Yes,Yes,Yes,"['Religion', 'Corruption', 'Terrorism']"
1590311105846710272,"https://docs.google.com/forms/d/e/1FAIpQLSffZugycOX3tUHW3uGhn5Cw0pj0fJDeIQf5oJ3EzZ-2vuj6Gg/viewform?entry.1274744182=https://twitter.com/mhendisinsaat3/status/1590311105846710272&entry.653903203=26355&usp=pp_url
",Negative,Yes,Yes,Yes,"['Unemployment', 'Education']"
1597549571348918273,"https://docs.google.com/forms/d/e/1FAIpQLSffZugycOX3tUHW3uGhn5Cw0pj0fJDeIQf5oJ3EzZ-2vuj6Gg/viewform?entry.1274744182=https://twitter.com/UluYaman1/status/1597549571348918273&entry.653903203=26355&usp=pp_url
",Negative,Yes,Yes,No,['Crime&justice']
1361011827463839748,"https://docs.google.com/forms/d/e/1FAIpQLSffZugycOX3tUHW3uGhn5Cw0pj0fJDeIQf5oJ3EzZ-2vuj6Gg/viewform?entry.1274744182=https://twitter.com/muhammedongider/status/1361011827463839748&entry.653903203=26355&usp=pp_url
",Positive,Yes,No,No,['nan']
1403495436502065158,"https://docs.google.com/forms/d/e/1FAIpQLSffZugycOX3tUHW3uGhn5Cw0pj0fJDeIQf5oJ3EzZ-2vuj6Gg/viewform?entry.1274744182=https://twitter.com/HakanKa64609422/status/1403495436502065158&entry.653903203=26355&usp=pp_url
",Neutral,Yes,No,No,['Sports']
1595460157361848320,"https://docs.google.com/forms/d/e/1FAIpQLSffZugycOX3tUHW3uGhn5Cw0pj0fJDeIQf5oJ3EzZ-2vuj6Gg/viewform?entry.1274744182=https://twitter.com/Tevfik4155/status/1595460157361848320&entry.653903203=26355&usp=pp_url
",Positive,Yes,Yes,No,['Election']
1594416324180340737,"https://docs.google.com/forms/d/e/1FAIpQLSffZugycOX3tUHW3uGhn5Cw0pj0fJDeIQf5oJ3EzZ-2vuj6Gg/viewform?entry.1274744182=https://twitter.com/Ysf21kbn47/status/1594416324180340737&entry.653903203=26355&usp=pp_url
",Neutral,Yes,Yes,No,['Unemployment']
1595711306807607302,"https://docs.google.com/forms/d/e/1FAIpQLSffZugycOX3tUHW3uGhn5Cw0pj0fJDeIQf5oJ3EzZ-2vuj6Gg/viewform?entry.1274744182=https://twitter.com/alpaykacar2/status/1595711306807607302&entry.653903203=26355&usp=pp_url
",Negative,Yes,Yes,No,['nan']
1395088677236142088,"https://docs.google.com/forms/d/e/1FAIpQLSffZugycOX3tUHW3uGhn5Cw0pj0fJDeIQf5oJ3EzZ-2vuj6Gg/viewform?entry.1274744182=https://twitter.com/Aasaf75607226/status/1395088677236142088&entry.653903203=26355&usp=pp_url
",Negative,Yes,Yes,Yes,['nan']
1420407025847132171,"https://docs.google.com/forms/d/e/1FAIpQLSffZugycOX3tUHW3uGhn5Cw0pj0fJDeIQf5oJ3EzZ-2vuj6Gg/viewform?entry.1274744182=https://twitter.com/btsmembo/status/1420407025847132171&entry.653903203=26355&usp=pp_url
",Neutral,No,No,No,['nan']
1590383065091932163,"https://docs.google.com/forms/d/e/1FAIpQLSffZugycOX3tUHW3uGhn5Cw0pj0fJDeIQf5oJ3EzZ-2vuj6Gg/viewform?entry.1274744182=https://twitter.com/uzayli_001/status/1590383065091932163&entry.653903203=26355&usp=pp_url
",Positive,Yes,Yes,No,['Health']
1597515593019977728,"https://docs.google.com/forms/d/e/1FAIpQLSffZugycOX3tUHW3uGhn5Cw0pj0fJDeIQf5oJ3EzZ-2vuj6Gg/viewform?entry.1274744182=https://twitter.com/Halitkmsken4/status/1597515593019977728&entry.653903203=26355&usp=pp_url
",Negative,Yes,Yes,Yes,"['Democracy', 'Election', 'Terrorism']"
1387833715355697156,"https://docs.google.com/forms/d/e/1FAIpQLSffZugycOX3tUHW3uGhn5Cw0pj0fJDeIQf5oJ3EzZ-2vuj6Gg/viewform?entry.1274744182=https://twitter.com/YEmre2704/status/1387833715355697156&entry.653903203=26355&usp=pp_url
",Negative,Yes,No,No,['Sports']
1424783654157438981,"https://docs.google.com/forms/d/e/1FAIpQLSffZugycOX3tUHW3uGhn5Cw0pj0fJDeIQf5oJ3EzZ-2vuj6Gg/viewform?entry.1274744182=https://twitter.com/Ykimglowup/status/1424783654157438981&entry.653903203=26355&usp=pp_url
",Positive,Yes,No,No,['nan']
1584956396738519041,"https://docs.google.com/forms/d/e/1FAIpQLSffZugycOX3tUHW3uGhn5Cw0pj0fJDeIQf5oJ3EzZ-2vuj6Gg/viewform?entry.1274744182=https://twitter.com/Mustafa76819402/status/1584956396738519041&entry.653903203=26355&usp=pp_url
",Positive,Yes,Yes,No,"['Unemployment', 'Education']"
1594362651655667713,"https://docs.google.com/forms/d/e/1FAIpQLSffZugycOX3tUHW3uGhn5Cw0pj0fJDeIQf5oJ3EzZ-2vuj6Gg/viewform?entry.1274744182=https://twitter.com/Ayselkaya112_/status/1594362651655667713&entry.653903203=26355&usp=pp_url
",Negative,Yes,Yes,No,"['Unemployment', 'Education']"
1436220354708578307,"https://docs.google.com/forms/d/e/1FAIpQLSffZugycOX3tUHW3uGhn5Cw0pj0fJDeIQf5oJ3EzZ-2vuj6Gg/viewform?entry.1274744182=https://twitter.com/haber_deger/status/1436220354708578307&entry.653903203=26355&usp=pp_url
",Neutral,No,Yes,No,['News']
1371802080957116416,"https://docs.google.com/forms/d/e/1FAIpQLSffZugycOX3tUHW3uGhn5Cw0pj0fJDeIQf5oJ3EzZ-2vuj6Gg/viewform?entry.1274744182=https://twitter.com/Bir_umuttur_yas/status/1371802080957116416&entry.653903203=26355&usp=pp_url
",Neutral,No,No,No,['Religion']
1561685487915606016,"https://docs.google.com/forms/d/e/1FAIpQLSffZugycOX3tUHW3uGhn5Cw0pj0fJDeIQf5oJ3EzZ-2vuj6Gg/viewform?entry.1274744182=https://twitter.com/edwardd39/status/1561685487915606016&entry.653903203=26355&usp=pp_url
",Negative,Yes,Yes,Yes,['Corruption']
1359977684491784193,"https://docs.google.com/forms/d/e/1FAIpQLSffZugycOX3tUHW3uGhn5Cw0pj0fJDeIQf5oJ3EzZ-2vuj6Gg/viewform?entry.1274744182=https://twitter.com/svd_ts/status/1359977684491784193&entry.653903203=26355&usp=pp_url
",Positive,Yes,No,No,['nan']
1594242562537443331,"https://docs.google.com/forms/d/e/1FAIpQLSffZugycOX3tUHW3uGhn5Cw0pj0fJDeIQf5oJ3EzZ-2vuj6Gg/viewform?entry.1274744182=https://twitter.com/300ccc300/status/1594242562537443331&entry.653903203=26355&usp=pp_url
",Negative,Yes,Yes,No,['Health']
1588859554128969728,"https://docs.google.com/forms/d/e/1FAIpQLSffZugycOX3tUHW3uGhn5Cw0pj0fJDeIQf5oJ3EzZ-2vuj6Gg/viewform?entry.1274744182=https://twitter.com/Horlernreywerju/status/1588859554128969728&entry.653903203=26355&usp=pp_url
",Neutral,No,No,No,['nan']
1548636597628899328,"https://docs.google.com/forms/d/e/1FAIpQLSffZugycOX3tUHW3uGhn5Cw0pj0fJDeIQf5oJ3EzZ-2vuj6Gg/viewform?entry.1274744182=https://twitter.com/canbulut3460/status/1548636597628899328&entry.653903203=26355&usp=pp_url
",Neutral,No,Yes,No,"['Corruption', 'Education']"
1423651189145706497,"https://docs.google.com/forms/d/e/1FAIpQLSffZugycOX3tUHW3uGhn5Cw0pj0fJDeIQf5oJ3EzZ-2vuj6Gg/viewform?entry.1274744182=https://twitter.com/anadoluaydini/status/1423651189145706497&entry.653903203=26355&usp=pp_url
",Negative,Yes,No,No,['nan']
1585688419098836992,"https://docs.google.com/forms/d/e/1FAIpQLSffZugycOX3tUHW3uGhn5Cw0pj0fJDeIQf5oJ3EzZ-2vuj6Gg/viewform?entry.1274744182=https://twitter.com/Emirhan19602141/status/1585688419098836992&entry.653903203=26355&usp=pp_url
",Negative,Yes,Yes,Yes,"['Economy', 'Corruption']"
1569589330544398336,"https://docs.google.com/forms/d/e/1FAIpQLSffZugycOX3tUHW3uGhn5Cw0pj0fJDeIQf5oJ3EzZ-2vuj6Gg/viewform?entry.1274744182=https://twitter.com/AhSuCilginUzman/status/1569589330544398336&entry.653903203=26355&usp=pp_url
",Positive,Yes,Yes,No,['Unemployment']
1594362437599371264,"https://docs.google.com/forms/d/e/1FAIpQLSffZugycOX3tUHW3uGhn5Cw0pj0fJDeIQf5oJ3EzZ-2vuj6Gg/viewform?entry.1274744182=https://twitter.com/Cakmak29Ac/status/1594362437599371264&entry.653903203=26355&usp=pp_url
",Negative,Yes,Yes,No,"['Unemployment', 'Education']"
1590750140800724992,"https://docs.google.com/forms/d/e/1FAIpQLSffZugycOX3tUHW3uGhn5Cw0pj0fJDeIQf5oJ3EzZ-2vuj6Gg/viewform?entry.1274744182=https://twitter.com/aslibilgiic/status/1590750140800724992&entry.653903203=26355&usp=pp_url
",Negative,Yes,Yes,No,['Unemployment']
1365726640416976906,"https://docs.google.com/forms/d/e/1FAIpQLSffZugycOX3tUHW3uGhn5Cw0pj0fJDeIQf5oJ3EzZ-2vuj6Gg/viewform?entry.1274744182=https://twitter.com/minminsoz/status/1365726640416976906&entry.653903203=26355&usp=pp_url
",Neutral,No,No,No,['nan']
1545120952178151424,"https://docs.google.com/forms/d/e/1FAIpQLSffZugycOX3tUHW3uGhn5Cw0pj0fJDeIQf5oJ3EzZ-2vuj6Gg/viewform?entry.1274744182=https://twitter.com/ffktr79/status/1545120952178151424&entry.653903203=26355&usp=pp_url
",Negative,Yes,Yes,No,"['Nationalsecurity', 'Foreignpolicy']"
1563606640078704641,"https://docs.google.com/forms/d/e/1FAIpQLSffZugycOX3tUHW3uGhn5Cw0pj0fJDeIQf5oJ3EzZ-2vuj6Gg/viewform?entry.1274744182=https://twitter.com/aysegulevlice/status/1563606640078704641&entry.653903203=26355&usp=pp_url
",Negative,Yes,Yes,No,"['Unemployment', 'Education']"
1594648897942585347,"https://docs.google.com/forms/d/e/1FAIpQLSffZugycOX3tUHW3uGhn5Cw0pj0fJDeIQf5oJ3EzZ-2vuj6Gg/viewform?entry.1274744182=https://twitter.com/elektrikci80/status/1594648897942585347&entry.653903203=26355&usp=pp_url
",Negative,Yes,Yes,No,['Unemployment']
1550454985158164480,"https://docs.google.com/forms/d/e/1FAIpQLSffZugycOX3tUHW3uGhn5Cw0pj0fJDeIQf5oJ3EzZ-2vuj6Gg/viewform?entry.1274744182=https://twitter.com/muhammetttunc/status/1550454985158164480&entry.653903203=26355&usp=pp_url
",Positive,Yes,Yes,No,"['Economy', 'Foreignpolicy']"
1597512443328167936,"https://docs.google.com/forms/d/e/1FAIpQLSffZugycOX3tUHW3uGhn5Cw0pj0fJDeIQf5oJ3EzZ-2vuj6Gg/viewform?entry.1274744182=https://twitter.com/MehmetA41362904/status/1597512443328167936&entry.653903203=26355&usp=pp_url
",Negative,Yes,Yes,Yes,['Corruption']
1386802787342761985,"https://docs.google.com/forms/d/e/1FAIpQLSffZugycOX3tUHW3uGhn5Cw0pj0fJDeIQf5oJ3EzZ-2vuj6Gg/viewform?entry.1274744182=https://twitter.com/Ali39339495/status/1386802787342761985&entry.653903203=26355&usp=pp_url
",Neutral,No,No,No,['Religion']
1560283799287742465,"https://docs.google.com/forms/d/e/1FAIpQLSffZugycOX3tUHW3uGhn5Cw0pj0fJDeIQf5oJ3EzZ-2vuj6Gg/viewform?entry.1274744182=https://twitter.com/turki88562100/status/1560283799287742465&entry.653903203=26355&usp=pp_url
",Negative,Yes,Yes,No,"['Unemployment', 'Education', 'Health']"
1451221579095056391,"https://docs.google.com/forms/d/e/1FAIpQLSffZugycOX3tUHW3uGhn5Cw0pj0fJDeIQf5oJ3EzZ-2vuj6Gg/viewform?entry.1274744182=https://twitter.com/iyilikseveranne/status/1451221579095056391&entry.653903203=26355&usp=pp_url
",Positive,Yes,No,No,['Health']
1359971866564308992,"https://docs.google.com/forms/d/e/1FAIpQLSffZugycOX3tUHW3uGhn5Cw0pj0fJDeIQf5oJ3EzZ-2vuj6Gg/viewform?entry.1274744182=https://twitter.com/tamamamaneden1/status/1359971866564308992&entry.653903203=26355&usp=pp_url
",Neutral,Yes,No,No,['nan']
1560265290214043650,"https://docs.google.com/forms/d/e/1FAIpQLSffZugycOX3tUHW3uGhn5Cw0pj0fJDeIQf5oJ3EzZ-2vuj6Gg/viewform?entry.1274744182=https://twitter.com/RengiKahvenin/status/1560265290214043650&entry.653903203=26355&usp=pp_url
",Negative,Yes,Yes,No,"['Unemployment', 'Education']"
1551163840368414722,"https://docs.google.com/forms/d/e/1FAIpQLSffZugycOX3tUHW3uGhn5Cw0pj0fJDeIQf5oJ3EzZ-2vuj6Gg/viewform?entry.1274744182=https://twitter.com/SED58417690/status/1551163840368414722&entry.653903203=26355&usp=pp_url
",Negative,Yes,Yes,No,"['Unemployment', 'Education']"
1596212965484945409,"https://docs.google.com/forms/d/e/1FAIpQLSffZugycOX3tUHW3uGhn5Cw0pj0fJDeIQf5oJ3EzZ-2vuj6Gg/viewform?entry.1274744182=https://twitter.com/aglkpln/status/1596212965484945409&entry.653903203=26355&usp=pp_url
",Positive,Yes,Yes,No,['Election']
1586021183958704128,"https://docs.google.com/forms/d/e/1FAIpQLSffZugycOX3tUHW3uGhn5Cw0pj0fJDeIQf5oJ3EzZ-2vuj6Gg/viewform?entry.1274744182=https://twitter.com/spytron/status/1586021183958704128&entry.653903203=26355&usp=pp_url
",Negative,Yes,Yes,Yes,"['Democracy', 'Election']"
1426439614873673728,"https://docs.google.com/forms/d/e/1FAIpQLSffZugycOX3tUHW3uGhn5Cw0pj0fJDeIQf5oJ3EzZ-2vuj6Gg/viewform?entry.1274744182=https://twitter.com/nizamkul/status/1426439614873673728&entry.653903203=26355&usp=pp_url
",Neutral,No,No,No,['nan']
1595871258985615361,"https://docs.google.com/forms/d/e/1FAIpQLSffZugycOX3tUHW3uGhn5Cw0pj0fJDeIQf5oJ3EzZ-2vuj6Gg/viewform?entry.1274744182=https://twitter.com/s_061974/status/1595871258985615361&entry.653903203=26355&usp=pp_url
",Negative,Yes,Yes,No,"['Religion', 'Unemployment', 'Education', 'Health']"
1588012611731607552,"https://docs.google.com/forms/d/e/1FAIpQLSffZugycOX3tUHW3uGhn5Cw0pj0fJDeIQf5oJ3EzZ-2vuj6Gg/viewform?entry.1274744182=https://twitter.com/o_ozsavas/status/1588012611731607552&entry.653903203=26355&usp=pp_url
",Positive,Yes,Yes,No,['nan']
1591797089134338048,"https://docs.google.com/forms/d/e/1FAIpQLSffZugycOX3tUHW3uGhn5Cw0pj0fJDeIQf5oJ3EzZ-2vuj6Gg/viewform?entry.1274744182=https://twitter.com/15binparamedik/status/1591797089134338048&entry.653903203=26355&usp=pp_url
",Negative,Yes,Yes,No,"['Unemployment', 'Health']"
1593951219667574784,"https://docs.google.com/forms/d/e/1FAIpQLSffZugycOX3tUHW3uGhn5Cw0pj0fJDeIQf5oJ3EzZ-2vuj6Gg/viewform?entry.1274744182=https://twitter.com/TimDunk7/status/1593951219667574784&entry.653903203=26355&usp=pp_url
",Negative,Yes,Yes,Yes,['nan']
