,url,sentiment,isExperiential,isPolitical,isInsult,topics
1597251811378835457,"https://docs.google.com/forms/d/e/1FAIpQLSffZugycOX3tUHW3uGhn5Cw0pj0fJDeIQf5oJ3EzZ-2vuj6Gg/viewform?entry.1274744182=https://twitter.com/murad_yalc/status/1597251811378835457&entry.653903203=26400&usp=pp_url
",Negative,No,Yes,No,"['Religion', 'News']"
1542938265401131010,"https://docs.google.com/forms/d/e/1FAIpQLSffZugycOX3tUHW3uGhn5Cw0pj0fJDeIQf5oJ3EzZ-2vuj6Gg/viewform?entry.1274744182=https://twitter.com/Ranaipek8/status/1542938265401131010&entry.653903203=26400&usp=pp_url
",Negative,No,No,No,"['Unemployment', 'Education']"
1597274845381029888,"https://docs.google.com/forms/d/e/1FAIpQLSffZugycOX3tUHW3uGhn5Cw0pj0fJDeIQf5oJ3EzZ-2vuj6Gg/viewform?entry.1274744182=https://twitter.com/ygzunsl/status/1597274845381029888&entry.653903203=26400&usp=pp_url
",Negative,No,No,No,['Crime&justice']
1586021183958704128,"https://docs.google.com/forms/d/e/1FAIpQLSffZugycOX3tUHW3uGhn5Cw0pj0fJDeIQf5oJ3EzZ-2vuj6Gg/viewform?entry.1274744182=https://twitter.com/spytron/status/1586021183958704128&entry.653903203=26400&usp=pp_url
",Negative,Yes,Yes,No,"['Democracy', 'Election']"
1593649159009099777,"https://docs.google.com/forms/d/e/1FAIpQLSffZugycOX3tUHW3uGhn5Cw0pj0fJDeIQf5oJ3EzZ-2vuj6Gg/viewform?entry.1274744182=https://twitter.com/Ahmetbaran70/status/1593649159009099777&entry.653903203=26400&usp=pp_url
",Negative,No,Yes,No,['Economy']
1583748327434518528,"https://docs.google.com/forms/d/e/1FAIpQLSffZugycOX3tUHW3uGhn5Cw0pj0fJDeIQf5oJ3EzZ-2vuj6Gg/viewform?entry.1274744182=https://twitter.com/tahirruzgar/status/1583748327434518528&entry.653903203=26400&usp=pp_url
",Negative,No,Yes,No,"['Economy', 'Democracy', 'Election']"
1372349823924502534,"https://docs.google.com/forms/d/e/1FAIpQLSffZugycOX3tUHW3uGhn5Cw0pj0fJDeIQf5oJ3EzZ-2vuj6Gg/viewform?entry.1274744182=https://twitter.com/canjzca/status/1372349823924502534&entry.653903203=26400&usp=pp_url
",Negative,No,No,No,['Music&TV']
1544968144250454016,"https://docs.google.com/forms/d/e/1FAIpQLSffZugycOX3tUHW3uGhn5Cw0pj0fJDeIQf5oJ3EzZ-2vuj6Gg/viewform?entry.1274744182=https://twitter.com/olcyykn_1903/status/1544968144250454016&entry.653903203=26400&usp=pp_url
",Negative,No,Yes,No,['Health']
1579558096833511424,"https://docs.google.com/forms/d/e/1FAIpQLSffZugycOX3tUHW3uGhn5Cw0pj0fJDeIQf5oJ3EzZ-2vuj6Gg/viewform?entry.1274744182=https://twitter.com/hiranur55508054/status/1579558096833511424&entry.653903203=26400&usp=pp_url
",Negative,No,Yes,No,['Economy']
1594242562537443331,"https://docs.google.com/forms/d/e/1FAIpQLSffZugycOX3tUHW3uGhn5Cw0pj0fJDeIQf5oJ3EzZ-2vuj6Gg/viewform?entry.1274744182=https://twitter.com/300ccc300/status/1594242562537443331&entry.653903203=26400&usp=pp_url
",Positive,Yes,No,No,['Health']
1585766233491886081,"https://docs.google.com/forms/d/e/1FAIpQLSffZugycOX3tUHW3uGhn5Cw0pj0fJDeIQf5oJ3EzZ-2vuj6Gg/viewform?entry.1274744182=https://twitter.com/ekalkanli2023/status/1585766233491886081&entry.653903203=26400&usp=pp_url
",Negative,No,Yes,No,"['Economy', 'Corruption']"
1587875665621172225,"https://docs.google.com/forms/d/e/1FAIpQLSffZugycOX3tUHW3uGhn5Cw0pj0fJDeIQf5oJ3EzZ-2vuj6Gg/viewform?entry.1274744182=https://twitter.com/Hamdi_Pinar/status/1587875665621172225&entry.653903203=26400&usp=pp_url
",Negative,Yes,Yes,No,"['Economy', 'Corruption']"
1588851969690849285,"https://docs.google.com/forms/d/e/1FAIpQLSffZugycOX3tUHW3uGhn5Cw0pj0fJDeIQf5oJ3EzZ-2vuj6Gg/viewform?entry.1274744182=https://twitter.com/CemYaman74/status/1588851969690849285&entry.653903203=26400&usp=pp_url
",Positive,No,Yes,No,['Democracy']
1589210476340465668,"https://docs.google.com/forms/d/e/1FAIpQLSffZugycOX3tUHW3uGhn5Cw0pj0fJDeIQf5oJ3EzZ-2vuj6Gg/viewform?entry.1274744182=https://twitter.com/osmansonmez19/status/1589210476340465668&entry.653903203=26400&usp=pp_url
",Negative,No,Yes,No,['Unemployment']
1564926450096013313,"https://docs.google.com/forms/d/e/1FAIpQLSffZugycOX3tUHW3uGhn5Cw0pj0fJDeIQf5oJ3EzZ-2vuj6Gg/viewform?entry.1274744182=https://twitter.com/sbolusonsoz/status/1564926450096013313&entry.653903203=26400&usp=pp_url
",Neutral,No,No,No,"['News', 'Economy']"
1386383826696421378,"https://docs.google.com/forms/d/e/1FAIpQLSffZugycOX3tUHW3uGhn5Cw0pj0fJDeIQf5oJ3EzZ-2vuj6Gg/viewform?entry.1274744182=https://twitter.com/eyyioa/status/1386383826696421378&entry.653903203=26400&usp=pp_url
",Neutral,No,No,No,['nan']
1420407025847132171,"https://docs.google.com/forms/d/e/1FAIpQLSffZugycOX3tUHW3uGhn5Cw0pj0fJDeIQf5oJ3EzZ-2vuj6Gg/viewform?entry.1274744182=https://twitter.com/btsmembo/status/1420407025847132171&entry.653903203=26400&usp=pp_url
",Neutral,No,No,No,['nan']
1585974922194477056,"https://docs.google.com/forms/d/e/1FAIpQLSffZugycOX3tUHW3uGhn5Cw0pj0fJDeIQf5oJ3EzZ-2vuj6Gg/viewform?entry.1274744182=https://twitter.com/asm_bbi/status/1585974922194477056&entry.653903203=26400&usp=pp_url
",Negative,No,Yes,No,"['News', 'Unemployment', 'Democracy']"
1570428119609139201,"https://docs.google.com/forms/d/e/1FAIpQLSffZugycOX3tUHW3uGhn5Cw0pj0fJDeIQf5oJ3EzZ-2vuj6Gg/viewform?entry.1274744182=https://twitter.com/HamitElKelle/status/1570428119609139201&entry.653903203=26400&usp=pp_url
",Negative,No,Yes,No,"['News', 'Foreignpolicy']"
1589676130235482112,"https://docs.google.com/forms/d/e/1FAIpQLSffZugycOX3tUHW3uGhn5Cw0pj0fJDeIQf5oJ3EzZ-2vuj6Gg/viewform?entry.1274744182=https://twitter.com/yasarkirkpinarr/status/1589676130235482112&entry.653903203=26400&usp=pp_url
",Negative,No,Yes,No,['Economy']
1583477966373543936,"https://docs.google.com/forms/d/e/1FAIpQLSffZugycOX3tUHW3uGhn5Cw0pj0fJDeIQf5oJ3EzZ-2vuj6Gg/viewform?entry.1274744182=https://twitter.com/tr3424910214991/status/1583477966373543936&entry.653903203=26400&usp=pp_url
",Negative,No,Yes,No,"['Crime&justice', 'Terrorism', 'Nationalsecurity']"
1399765770796769285,"https://docs.google.com/forms/d/e/1FAIpQLSffZugycOX3tUHW3uGhn5Cw0pj0fJDeIQf5oJ3EzZ-2vuj6Gg/viewform?entry.1274744182=https://twitter.com/hsynn76/status/1399765770796769285&entry.653903203=26400&usp=pp_url
",Positive,Yes,No,No,['nan']
1547136142117593088,"https://docs.google.com/forms/d/e/1FAIpQLSffZugycOX3tUHW3uGhn5Cw0pj0fJDeIQf5oJ3EzZ-2vuj6Gg/viewform?entry.1274744182=https://twitter.com/HilmiBilen5/status/1547136142117593088&entry.653903203=26400&usp=pp_url
",Negative,No,No,No,['Education']
1567256445179117570,"https://docs.google.com/forms/d/e/1FAIpQLSffZugycOX3tUHW3uGhn5Cw0pj0fJDeIQf5oJ3EzZ-2vuj6Gg/viewform?entry.1274744182=https://twitter.com/mynet/status/1567256445179117570&entry.653903203=26400&usp=pp_url
",Negative,No,No,No,"['News', 'Nationalsecurity', 'Foreignpolicy']"
1395765480191823873,"https://docs.google.com/forms/d/e/1FAIpQLSffZugycOX3tUHW3uGhn5Cw0pj0fJDeIQf5oJ3EzZ-2vuj6Gg/viewform?entry.1274744182=https://twitter.com/2018ayranguzeli/status/1395765480191823873&entry.653903203=26400&usp=pp_url
",Negative,No,No,No,['Sports']
1594331842378973185,"https://docs.google.com/forms/d/e/1FAIpQLSffZugycOX3tUHW3uGhn5Cw0pj0fJDeIQf5oJ3EzZ-2vuj6Gg/viewform?entry.1274744182=https://twitter.com/Tubiis1989/status/1594331842378973185&entry.653903203=26400&usp=pp_url
",Neutral,No,No,No,"['Unemployment', 'Education']"
1584468525439062016,"https://docs.google.com/forms/d/e/1FAIpQLSffZugycOX3tUHW3uGhn5Cw0pj0fJDeIQf5oJ3EzZ-2vuj6Gg/viewform?entry.1274744182=https://twitter.com/aykocmelayy/status/1584468525439062016&entry.653903203=26400&usp=pp_url
",Positive,No,Yes,No,['Democracy']
1595502668390273025,"https://docs.google.com/forms/d/e/1FAIpQLSffZugycOX3tUHW3uGhn5Cw0pj0fJDeIQf5oJ3EzZ-2vuj6Gg/viewform?entry.1274744182=https://twitter.com/_zrfyldrm/status/1595502668390273025&entry.653903203=26400&usp=pp_url
",Neutral,No,No,No,"['Unemployment', 'Education']"
1562853131251118081,"https://docs.google.com/forms/d/e/1FAIpQLSffZugycOX3tUHW3uGhn5Cw0pj0fJDeIQf5oJ3EzZ-2vuj6Gg/viewform?entry.1274744182=https://twitter.com/akanturker/status/1562853131251118081&entry.653903203=26400&usp=pp_url
",Positive,No,Yes,No,['News']
1596233308005883905,"https://docs.google.com/forms/d/e/1FAIpQLSffZugycOX3tUHW3uGhn5Cw0pj0fJDeIQf5oJ3EzZ-2vuj6Gg/viewform?entry.1274744182=https://twitter.com/MrsForestt/status/1596233308005883905&entry.653903203=26400&usp=pp_url
",Negative,No,No,No,['Crime&justice']
1595174851819745280,"https://docs.google.com/forms/d/e/1FAIpQLSffZugycOX3tUHW3uGhn5Cw0pj0fJDeIQf5oJ3EzZ-2vuj6Gg/viewform?entry.1274744182=https://twitter.com/uyanikolun/status/1595174851819745280&entry.653903203=26400&usp=pp_url
",Negative,No,Yes,No,['Election']
1597685163793608704,"https://docs.google.com/forms/d/e/1FAIpQLSffZugycOX3tUHW3uGhn5Cw0pj0fJDeIQf5oJ3EzZ-2vuj6Gg/viewform?entry.1274744182=https://twitter.com/GecilmezTurkiye/status/1597685163793608704&entry.653903203=26400&usp=pp_url
",Negative,No,Yes,No,['Health']
1588452263047069697,"https://docs.google.com/forms/d/e/1FAIpQLSffZugycOX3tUHW3uGhn5Cw0pj0fJDeIQf5oJ3EzZ-2vuj6Gg/viewform?entry.1274744182=https://twitter.com/mtfdan/status/1588452263047069697&entry.653903203=26400&usp=pp_url
",Negative,Yes,Yes,No,"['Religion', 'Democracy']"
1595357036925026306,"https://docs.google.com/forms/d/e/1FAIpQLSffZugycOX3tUHW3uGhn5Cw0pj0fJDeIQf5oJ3EzZ-2vuj6Gg/viewform?entry.1274744182=https://twitter.com/Zeynepvcl/status/1595357036925026306&entry.653903203=26400&usp=pp_url
",Positive,No,Yes,No,['News']
1365726640416976906,"https://docs.google.com/forms/d/e/1FAIpQLSffZugycOX3tUHW3uGhn5Cw0pj0fJDeIQf5oJ3EzZ-2vuj6Gg/viewform?entry.1274744182=https://twitter.com/minminsoz/status/1365726640416976906&entry.653903203=26400&usp=pp_url
",Positive,No,No,No,['nan']
1562907703668002818,"https://docs.google.com/forms/d/e/1FAIpQLSffZugycOX3tUHW3uGhn5Cw0pj0fJDeIQf5oJ3EzZ-2vuj6Gg/viewform?entry.1274744182=https://twitter.com/grbzb_/status/1562907703668002818&entry.653903203=26400&usp=pp_url
",Negative,Yes,Yes,Yes,['nan']
1594336371728158721,"https://docs.google.com/forms/d/e/1FAIpQLSffZugycOX3tUHW3uGhn5Cw0pj0fJDeIQf5oJ3EzZ-2vuj6Gg/viewform?entry.1274744182=https://twitter.com/haydarfatih37/status/1594336371728158721&entry.653903203=26400&usp=pp_url
",Negative,No,Yes,No,['Crime&justice']
1598000806124740608,"https://docs.google.com/forms/d/e/1FAIpQLSffZugycOX3tUHW3uGhn5Cw0pj0fJDeIQf5oJ3EzZ-2vuj6Gg/viewform?entry.1274744182=https://twitter.com/bahcecizmbet/status/1598000806124740608&entry.653903203=26400&usp=pp_url
",Neutral,Yes,No,No,['Unemployment']
1571966189764579332,"https://docs.google.com/forms/d/e/1FAIpQLSffZugycOX3tUHW3uGhn5Cw0pj0fJDeIQf5oJ3EzZ-2vuj6Gg/viewform?entry.1274744182=https://twitter.com/ghostsolgiers/status/1571966189764579332&entry.653903203=26400&usp=pp_url
",Negative,No,Yes,No,['Education']
1592137284551610368,"https://docs.google.com/forms/d/e/1FAIpQLSffZugycOX3tUHW3uGhn5Cw0pj0fJDeIQf5oJ3EzZ-2vuj6Gg/viewform?entry.1274744182=https://twitter.com/TalhaaDgn/status/1592137284551610368&entry.653903203=26400&usp=pp_url
",Negative,No,Yes,No,['Immigration&refugees']
1593314453189181442,"https://docs.google.com/forms/d/e/1FAIpQLSffZugycOX3tUHW3uGhn5Cw0pj0fJDeIQf5oJ3EzZ-2vuj6Gg/viewform?entry.1274744182=https://twitter.com/enesmustafa03/status/1593314453189181442&entry.653903203=26400&usp=pp_url
",Positive,Yes,Yes,No,"['Unemployment', 'Education']"
1360537468479635461,"https://docs.google.com/forms/d/e/1FAIpQLSffZugycOX3tUHW3uGhn5Cw0pj0fJDeIQf5oJ3EzZ-2vuj6Gg/viewform?entry.1274744182=https://twitter.com/takipcifx/status/1360537468479635461&entry.653903203=26400&usp=pp_url
",Positive,No,No,No,['Economy']
1586052584212774912,"https://docs.google.com/forms/d/e/1FAIpQLSffZugycOX3tUHW3uGhn5Cw0pj0fJDeIQf5oJ3EzZ-2vuj6Gg/viewform?entry.1274744182=https://twitter.com/OmerTayyar3/status/1586052584212774912&entry.653903203=26400&usp=pp_url
",Negative,No,Yes,No,['Crime&justice']
1419667468537278475,"https://docs.google.com/forms/d/e/1FAIpQLSffZugycOX3tUHW3uGhn5Cw0pj0fJDeIQf5oJ3EzZ-2vuj6Gg/viewform?entry.1274744182=https://twitter.com/karakaradiranne/status/1419667468537278475&entry.653903203=26400&usp=pp_url
",Negative,Yes,No,No,['nan']
1590012972599943168,"https://docs.google.com/forms/d/e/1FAIpQLSffZugycOX3tUHW3uGhn5Cw0pj0fJDeIQf5oJ3EzZ-2vuj6Gg/viewform?entry.1274744182=https://twitter.com/Mzmin040/status/1590012972599943168&entry.653903203=26400&usp=pp_url
",Negative,No,Yes,No,"['Election', 'Terrorism']"
1596928959962546176,"https://docs.google.com/forms/d/e/1FAIpQLSffZugycOX3tUHW3uGhn5Cw0pj0fJDeIQf5oJ3EzZ-2vuj6Gg/viewform?entry.1274744182=https://twitter.com/mehmet_7664/status/1596928959962546176&entry.653903203=26400&usp=pp_url
",Positive,No,Yes,No,['Election']
1352635736537882629,"https://docs.google.com/forms/d/e/1FAIpQLSffZugycOX3tUHW3uGhn5Cw0pj0fJDeIQf5oJ3EzZ-2vuj6Gg/viewform?entry.1274744182=https://twitter.com/Limit_less_Life/status/1352635736537882629&entry.653903203=26400&usp=pp_url
",Negative,No,No,No,['Health']
1574102471986888705,"https://docs.google.com/forms/d/e/1FAIpQLSffZugycOX3tUHW3uGhn5Cw0pj0fJDeIQf5oJ3EzZ-2vuj6Gg/viewform?entry.1274744182=https://twitter.com/Eczkadir1/status/1574102471986888705&entry.653903203=26400&usp=pp_url
",Negative,No,No,No,"['Economy', 'Health']"
1385295424110702598,"https://docs.google.com/forms/d/e/1FAIpQLSffZugycOX3tUHW3uGhn5Cw0pj0fJDeIQf5oJ3EzZ-2vuj6Gg/viewform?entry.1274744182=https://twitter.com/tnrsvsn_yagmur/status/1385295424110702598&entry.653903203=26400&usp=pp_url
",Positive,Yes,No,No,['Music&TV']
1595106425541431298,"https://docs.google.com/forms/d/e/1FAIpQLSffZugycOX3tUHW3uGhn5Cw0pj0fJDeIQf5oJ3EzZ-2vuj6Gg/viewform?entry.1274744182=https://twitter.com/PetekAknc2/status/1595106425541431298&entry.653903203=26400&usp=pp_url
",Positive,Yes,Yes,No,['Crime&justice']
1385862292655546368,"https://docs.google.com/forms/d/e/1FAIpQLSffZugycOX3tUHW3uGhn5Cw0pj0fJDeIQf5oJ3EzZ-2vuj6Gg/viewform?entry.1274744182=https://twitter.com/nur_elibol/status/1385862292655546368&entry.653903203=26400&usp=pp_url
",Negative,Yes,No,Yes,['Music&TV']
1586472200349143043,"https://docs.google.com/forms/d/e/1FAIpQLSffZugycOX3tUHW3uGhn5Cw0pj0fJDeIQf5oJ3EzZ-2vuj6Gg/viewform?entry.1274744182=https://twitter.com/zeyneller/status/1586472200349143043&entry.653903203=26400&usp=pp_url
",Negative,Yes,Yes,No,['Election']
1423165182117826560,"https://docs.google.com/forms/d/e/1FAIpQLSffZugycOX3tUHW3uGhn5Cw0pj0fJDeIQf5oJ3EzZ-2vuj6Gg/viewform?entry.1274744182=https://twitter.com/1eyluliho/status/1423165182117826560&entry.653903203=26400&usp=pp_url
",Positive,Yes,No,No,"['Religion', 'Education']"
1551163840368414722,"https://docs.google.com/forms/d/e/1FAIpQLSffZugycOX3tUHW3uGhn5Cw0pj0fJDeIQf5oJ3EzZ-2vuj6Gg/viewform?entry.1274744182=https://twitter.com/SED58417690/status/1551163840368414722&entry.653903203=26400&usp=pp_url
",Positive,No,No,No,"['Unemployment', 'Education']"
1589993032975544320,"https://docs.google.com/forms/d/e/1FAIpQLSffZugycOX3tUHW3uGhn5Cw0pj0fJDeIQf5oJ3EzZ-2vuj6Gg/viewform?entry.1274744182=https://twitter.com/hasannegr/status/1589993032975544320&entry.653903203=26400&usp=pp_url
",Negative,Yes,Yes,No,['Election']
1596501798839549953,"https://docs.google.com/forms/d/e/1FAIpQLSffZugycOX3tUHW3uGhn5Cw0pj0fJDeIQf5oJ3EzZ-2vuj6Gg/viewform?entry.1274744182=https://twitter.com/betl2_mina/status/1596501798839549953&entry.653903203=26400&usp=pp_url
",Negative,Yes,Yes,No,['Election']
1585651759204208642,"https://docs.google.com/forms/d/e/1FAIpQLSffZugycOX3tUHW3uGhn5Cw0pj0fJDeIQf5oJ3EzZ-2vuj6Gg/viewform?entry.1274744182=https://twitter.com/Seyhannky/status/1585651759204208642&entry.653903203=26400&usp=pp_url
",Positive,No,No,No,"['Unemployment', 'Health']"
1590741949950365697,"https://docs.google.com/forms/d/e/1FAIpQLSffZugycOX3tUHW3uGhn5Cw0pj0fJDeIQf5oJ3EzZ-2vuj6Gg/viewform?entry.1274744182=https://twitter.com/Sevilay89982776/status/1590741949950365697&entry.653903203=26400&usp=pp_url
",Positive,No,No,No,['Unemployment']
1359096515336286213,"https://docs.google.com/forms/d/e/1FAIpQLSffZugycOX3tUHW3uGhn5Cw0pj0fJDeIQf5oJ3EzZ-2vuj6Gg/viewform?entry.1274744182=https://twitter.com/Seftalili_24/status/1359096515336286213&entry.653903203=26400&usp=pp_url
",Negative,Yes,No,No,['Music&TV']
1590414908054982656,"https://docs.google.com/forms/d/e/1FAIpQLSffZugycOX3tUHW3uGhn5Cw0pj0fJDeIQf5oJ3EzZ-2vuj6Gg/viewform?entry.1274744182=https://twitter.com/FatmaGlMutlu6/status/1590414908054982656&entry.653903203=26400&usp=pp_url
",Negative,No,Yes,No,['Unemployment']
1588701585273933825,"https://docs.google.com/forms/d/e/1FAIpQLSffZugycOX3tUHW3uGhn5Cw0pj0fJDeIQf5oJ3EzZ-2vuj6Gg/viewform?entry.1274744182=https://twitter.com/JermyBroke/status/1588701585273933825&entry.653903203=26400&usp=pp_url
",Negative,No,No,No,"['Economy', 'Unemployment']"
1381684859412828168,"https://docs.google.com/forms/d/e/1FAIpQLSffZugycOX3tUHW3uGhn5Cw0pj0fJDeIQf5oJ3EzZ-2vuj6Gg/viewform?entry.1274744182=https://twitter.com/mercancebealper/status/1381684859412828168&entry.653903203=26400&usp=pp_url
",Negative,No,No,No,['nan']
1397193694802063367,"https://docs.google.com/forms/d/e/1FAIpQLSffZugycOX3tUHW3uGhn5Cw0pj0fJDeIQf5oJ3EzZ-2vuj6Gg/viewform?entry.1274744182=https://twitter.com/LOV6NGTOMBOY/status/1397193694802063367&entry.653903203=26400&usp=pp_url
",Negative,No,No,No,['Music&TV']
1595871258985615361,"https://docs.google.com/forms/d/e/1FAIpQLSffZugycOX3tUHW3uGhn5Cw0pj0fJDeIQf5oJ3EzZ-2vuj6Gg/viewform?entry.1274744182=https://twitter.com/s_061974/status/1595871258985615361&entry.653903203=26400&usp=pp_url
",Negative,No,No,No,['Unemployment']
1427746815420604417,"https://docs.google.com/forms/d/e/1FAIpQLSffZugycOX3tUHW3uGhn5Cw0pj0fJDeIQf5oJ3EzZ-2vuj6Gg/viewform?entry.1274744182=https://twitter.com/venxzhan/status/1427746815420604417&entry.653903203=26400&usp=pp_url
",Negative,Yes,No,Yes,['Music&TV']
1373005732526821383,"https://docs.google.com/forms/d/e/1FAIpQLSffZugycOX3tUHW3uGhn5Cw0pj0fJDeIQf5oJ3EzZ-2vuj6Gg/viewform?entry.1274744182=https://twitter.com/ozgemiraontas/status/1373005732526821383&entry.653903203=26400&usp=pp_url
",Negative,No,No,No,['nan']
1596082122393018368,"https://docs.google.com/forms/d/e/1FAIpQLSffZugycOX3tUHW3uGhn5Cw0pj0fJDeIQf5oJ3EzZ-2vuj6Gg/viewform?entry.1274744182=https://twitter.com/neseerdan/status/1596082122393018368&entry.653903203=26400&usp=pp_url
",Negative,No,No,No,"['Economy', 'Unemployment']"
1588915997859545089,"https://docs.google.com/forms/d/e/1FAIpQLSffZugycOX3tUHW3uGhn5Cw0pj0fJDeIQf5oJ3EzZ-2vuj6Gg/viewform?entry.1274744182=https://twitter.com/MalcokFatih/status/1588915997859545089&entry.653903203=26400&usp=pp_url
",Negative,Yes,No,No,['Nationalsecurity']
1358354152884215812,"https://docs.google.com/forms/d/e/1FAIpQLSffZugycOX3tUHW3uGhn5Cw0pj0fJDeIQf5oJ3EzZ-2vuj6Gg/viewform?entry.1274744182=https://twitter.com/CihaNihal/status/1358354152884215812&entry.653903203=26400&usp=pp_url
",Positive,No,No,No,['Education']
1353685210949423107,"https://docs.google.com/forms/d/e/1FAIpQLSffZugycOX3tUHW3uGhn5Cw0pj0fJDeIQf5oJ3EzZ-2vuj6Gg/viewform?entry.1274744182=https://twitter.com/memol1903/status/1353685210949423107&entry.653903203=26400&usp=pp_url
",Negative,No,No,No,['Sports']
1577884953186017282,"https://docs.google.com/forms/d/e/1FAIpQLSffZugycOX3tUHW3uGhn5Cw0pj0fJDeIQf5oJ3EzZ-2vuj6Gg/viewform?entry.1274744182=https://twitter.com/Nesliha71389671/status/1577884953186017282&entry.653903203=26400&usp=pp_url
",Positive,No,Yes,No,['Religion']
1566310604985466882,"https://docs.google.com/forms/d/e/1FAIpQLSffZugycOX3tUHW3uGhn5Cw0pj0fJDeIQf5oJ3EzZ-2vuj6Gg/viewform?entry.1274744182=https://twitter.com/ZeynHaf/status/1566310604985466882&entry.653903203=26400&usp=pp_url
",Negative,No,No,No,['Unemployment']
1580615714242953216,"https://docs.google.com/forms/d/e/1FAIpQLSffZugycOX3tUHW3uGhn5Cw0pj0fJDeIQf5oJ3EzZ-2vuj6Gg/viewform?entry.1274744182=https://twitter.com/elenniii44/status/1580615714242953216&entry.653903203=26400&usp=pp_url
",Negative,No,No,No,"['Unemployment', 'Health']"
1433419273087692815,"https://docs.google.com/forms/d/e/1FAIpQLSffZugycOX3tUHW3uGhn5Cw0pj0fJDeIQf5oJ3EzZ-2vuj6Gg/viewform?entry.1274744182=https://twitter.com/cerencaganli/status/1433419273087692815&entry.653903203=26400&usp=pp_url
",Negative,Yes,No,No,['nan']
1372478793328304128,"https://docs.google.com/forms/d/e/1FAIpQLSffZugycOX3tUHW3uGhn5Cw0pj0fJDeIQf5oJ3EzZ-2vuj6Gg/viewform?entry.1274744182=https://twitter.com/str_nde/status/1372478793328304128&entry.653903203=26400&usp=pp_url
",Negative,No,No,No,"['Economy', 'Unemployment']"
1597834745487900672,"https://docs.google.com/forms/d/e/1FAIpQLSffZugycOX3tUHW3uGhn5Cw0pj0fJDeIQf5oJ3EzZ-2vuj6Gg/viewform?entry.1274744182=https://twitter.com/AygorduAytac/status/1597834745487900672&entry.653903203=26400&usp=pp_url
",Negative,No,No,No,"['Economy', 'Unemployment']"
1594579866938130432,"https://docs.google.com/forms/d/e/1FAIpQLSffZugycOX3tUHW3uGhn5Cw0pj0fJDeIQf5oJ3EzZ-2vuj6Gg/viewform?entry.1274744182=https://twitter.com/ElkovanSabri/status/1594579866938130432&entry.653903203=26400&usp=pp_url
",Negative,Yes,No,No,['News']
1595083985423572992,"https://docs.google.com/forms/d/e/1FAIpQLSffZugycOX3tUHW3uGhn5Cw0pj0fJDeIQf5oJ3EzZ-2vuj6Gg/viewform?entry.1274744182=https://twitter.com/Dikab685791/status/1595083985423572992&entry.653903203=26400&usp=pp_url
",Negative,No,No,No,"['Unemployment', 'Education']"
1548636597628899328,"https://docs.google.com/forms/d/e/1FAIpQLSffZugycOX3tUHW3uGhn5Cw0pj0fJDeIQf5oJ3EzZ-2vuj6Gg/viewform?entry.1274744182=https://twitter.com/canbulut3460/status/1548636597628899328&entry.653903203=26400&usp=pp_url
",Negative,No,No,No,"['Health', 'Minorities&discrimination']"
1586444264216481792,"https://docs.google.com/forms/d/e/1FAIpQLSffZugycOX3tUHW3uGhn5Cw0pj0fJDeIQf5oJ3EzZ-2vuj6Gg/viewform?entry.1274744182=https://twitter.com/tulunozcan38/status/1586444264216481792&entry.653903203=26400&usp=pp_url
",Positive,No,Yes,No,"['Economy', 'Election']"
1367813148116389889,"https://docs.google.com/forms/d/e/1FAIpQLSffZugycOX3tUHW3uGhn5Cw0pj0fJDeIQf5oJ3EzZ-2vuj6Gg/viewform?entry.1274744182=https://twitter.com/izmirbld/status/1367813148116389889&entry.653903203=26400&usp=pp_url
",Positive,No,Yes,No,['News']
1573458193145004042,"https://docs.google.com/forms/d/e/1FAIpQLSffZugycOX3tUHW3uGhn5Cw0pj0fJDeIQf5oJ3EzZ-2vuj6Gg/viewform?entry.1274744182=https://twitter.com/charrieree/status/1573458193145004042&entry.653903203=26400&usp=pp_url
",Positive,Yes,Yes,No,"['Health', 'Election']"
1585011213452201986,"https://docs.google.com/forms/d/e/1FAIpQLSffZugycOX3tUHW3uGhn5Cw0pj0fJDeIQf5oJ3EzZ-2vuj6Gg/viewform?entry.1274744182=https://twitter.com/PALANDK81690594/status/1585011213452201986&entry.653903203=26400&usp=pp_url
",Positive,No,Yes,No,['Election']
1583107066352533504,"https://docs.google.com/forms/d/e/1FAIpQLSffZugycOX3tUHW3uGhn5Cw0pj0fJDeIQf5oJ3EzZ-2vuj6Gg/viewform?entry.1274744182=https://twitter.com/abanDurmaz17/status/1583107066352533504&entry.653903203=26400&usp=pp_url
",Positive,Yes,Yes,No,"['Democracy', 'Election']"
1565312596135354373,"https://docs.google.com/forms/d/e/1FAIpQLSffZugycOX3tUHW3uGhn5Cw0pj0fJDeIQf5oJ3EzZ-2vuj6Gg/viewform?entry.1274744182=https://twitter.com/Nursela60044416/status/1565312596135354373&entry.653903203=26400&usp=pp_url
",Positive,No,Yes,No,['Education']
1580609137741688833,"https://docs.google.com/forms/d/e/1FAIpQLSffZugycOX3tUHW3uGhn5Cw0pj0fJDeIQf5oJ3EzZ-2vuj6Gg/viewform?entry.1274744182=https://twitter.com/02aynur2344/status/1580609137741688833&entry.653903203=26400&usp=pp_url
",Negative,No,No,No,"['Unemployment', 'Education']"
1578448632533028865,"https://docs.google.com/forms/d/e/1FAIpQLSffZugycOX3tUHW3uGhn5Cw0pj0fJDeIQf5oJ3EzZ-2vuj6Gg/viewform?entry.1274744182=https://twitter.com/osman43026850/status/1578448632533028865&entry.653903203=26400&usp=pp_url
",Negative,No,No,No,['Unemployment']
1595851598521147394,"https://docs.google.com/forms/d/e/1FAIpQLSffZugycOX3tUHW3uGhn5Cw0pj0fJDeIQf5oJ3EzZ-2vuj6Gg/viewform?entry.1274744182=https://twitter.com/karakartalarmy/status/1595851598521147394&entry.653903203=26400&usp=pp_url
",Negative,No,No,Yes,"['News', 'Economy']"
1596583808744456192,"https://docs.google.com/forms/d/e/1FAIpQLSffZugycOX3tUHW3uGhn5Cw0pj0fJDeIQf5oJ3EzZ-2vuj6Gg/viewform?entry.1274744182=https://twitter.com/Abdullahardak92/status/1596583808744456192&entry.653903203=26400&usp=pp_url
",Negative,No,No,No,['Unemployment']
1576653232323317760,"https://docs.google.com/forms/d/e/1FAIpQLSffZugycOX3tUHW3uGhn5Cw0pj0fJDeIQf5oJ3EzZ-2vuj6Gg/viewform?entry.1274744182=https://twitter.com/beththemac/status/1576653232323317760&entry.653903203=26400&usp=pp_url
",Negative,Yes,No,No,"['Economy', 'Health']"
1577024342268837888,"https://docs.google.com/forms/d/e/1FAIpQLSffZugycOX3tUHW3uGhn5Cw0pj0fJDeIQf5oJ3EzZ-2vuj6Gg/viewform?entry.1274744182=https://twitter.com/HasAngarali/status/1577024342268837888&entry.653903203=26400&usp=pp_url
",Negative,No,Yes,No,['Crime&justice']
1592432861235511296,"https://docs.google.com/forms/d/e/1FAIpQLSffZugycOX3tUHW3uGhn5Cw0pj0fJDeIQf5oJ3EzZ-2vuj6Gg/viewform?entry.1274744182=https://twitter.com/EgitimYenisehir/status/1592432861235511296&entry.653903203=26400&usp=pp_url
",Positive,No,Yes,No,['Democracy']
1414130442857558023,"https://docs.google.com/forms/d/e/1FAIpQLSffZugycOX3tUHW3uGhn5Cw0pj0fJDeIQf5oJ3EzZ-2vuj6Gg/viewform?entry.1274744182=https://twitter.com/itsnottugba/status/1414130442857558023&entry.653903203=26400&usp=pp_url
",Negative,No,No,Yes,['Music&TV']
1391900744891125764,"https://docs.google.com/forms/d/e/1FAIpQLSffZugycOX3tUHW3uGhn5Cw0pj0fJDeIQf5oJ3EzZ-2vuj6Gg/viewform?entry.1274744182=https://twitter.com/Stayinnie2/status/1391900744891125764&entry.653903203=26400&usp=pp_url
",Negative,No,No,No,['nan']
1584516640577708032,"https://docs.google.com/forms/d/e/1FAIpQLSffZugycOX3tUHW3uGhn5Cw0pj0fJDeIQf5oJ3EzZ-2vuj6Gg/viewform?entry.1274744182=https://twitter.com/kripto_muri/status/1584516640577708032&entry.653903203=26400&usp=pp_url
",Negative,No,Yes,Yes,['Election']
1597512443328167936,"https://docs.google.com/forms/d/e/1FAIpQLSffZugycOX3tUHW3uGhn5Cw0pj0fJDeIQf5oJ3EzZ-2vuj6Gg/viewform?entry.1274744182=https://twitter.com/MehmetA41362904/status/1597512443328167936&entry.653903203=26400&usp=pp_url
",Negative,Yes,Yes,No,"['Democracy', 'Election']"
1575557247198969857,"https://docs.google.com/forms/d/e/1FAIpQLSffZugycOX3tUHW3uGhn5Cw0pj0fJDeIQf5oJ3EzZ-2vuj6Gg/viewform?entry.1274744182=https://twitter.com/bitlizab/status/1575557247198969857&entry.653903203=26400&usp=pp_url
",Negative,No,No,No,['Unemployment']
1590938670269628416,"https://docs.google.com/forms/d/e/1FAIpQLSffZugycOX3tUHW3uGhn5Cw0pj0fJDeIQf5oJ3EzZ-2vuj6Gg/viewform?entry.1274744182=https://twitter.com/GulizarBicer/status/1590938670269628416&entry.653903203=26400&usp=pp_url
",Negative,Yes,Yes,No,"['Democracy', 'Crime&justice']"
1381549005918904323,"https://docs.google.com/forms/d/e/1FAIpQLSffZugycOX3tUHW3uGhn5Cw0pj0fJDeIQf5oJ3EzZ-2vuj6Gg/viewform?entry.1274744182=https://twitter.com/Dilek36642424/status/1381549005918904323&entry.653903203=26400&usp=pp_url
",Positive,No,No,No,['Democracy']
1592506982576975873,"https://docs.google.com/forms/d/e/1FAIpQLSffZugycOX3tUHW3uGhn5Cw0pj0fJDeIQf5oJ3EzZ-2vuj6Gg/viewform?entry.1274744182=https://twitter.com/AhmetcanOzyurt/status/1592506982576975873&entry.653903203=26400&usp=pp_url
",Negative,No,No,No,['Unemployment']
1562142172509605889,"https://docs.google.com/forms/d/e/1FAIpQLSffZugycOX3tUHW3uGhn5Cw0pj0fJDeIQf5oJ3EzZ-2vuj6Gg/viewform?entry.1274744182=https://twitter.com/fesih_kavak/status/1562142172509605889&entry.653903203=26400&usp=pp_url
",Negative,No,No,No,"['Religion', 'Unemployment']"
1591134795379396608,"https://docs.google.com/forms/d/e/1FAIpQLSffZugycOX3tUHW3uGhn5Cw0pj0fJDeIQf5oJ3EzZ-2vuj6Gg/viewform?entry.1274744182=https://twitter.com/nurayytugbaa/status/1591134795379396608&entry.653903203=26400&usp=pp_url
",Negative,Yes,No,No,['Unemployment']
1591136077070286848,"https://docs.google.com/forms/d/e/1FAIpQLSffZugycOX3tUHW3uGhn5Cw0pj0fJDeIQf5oJ3EzZ-2vuj6Gg/viewform?entry.1274744182=https://twitter.com/kgm_cal/status/1591136077070286848&entry.653903203=26400&usp=pp_url
",Negative,No,No,No,['Unemployment']
1586056148100202498,"https://docs.google.com/forms/d/e/1FAIpQLSffZugycOX3tUHW3uGhn5Cw0pj0fJDeIQf5oJ3EzZ-2vuj6Gg/viewform?entry.1274744182=https://twitter.com/Fatih75205270/status/1586056148100202498&entry.653903203=26400&usp=pp_url
",Negative,Yes,Yes,No,['Election']
1595136293146705922,"https://docs.google.com/forms/d/e/1FAIpQLSffZugycOX3tUHW3uGhn5Cw0pj0fJDeIQf5oJ3EzZ-2vuj6Gg/viewform?entry.1274744182=https://twitter.com/suv_om/status/1595136293146705922&entry.653903203=26400&usp=pp_url
",Positive,Yes,No,No,['nan']
1433526616647340033,"https://docs.google.com/forms/d/e/1FAIpQLSffZugycOX3tUHW3uGhn5Cw0pj0fJDeIQf5oJ3EzZ-2vuj6Gg/viewform?entry.1274744182=https://twitter.com/faatmacelik/status/1433526616647340033&entry.653903203=26400&usp=pp_url
",Negative,Yes,No,No,['nan']
1576559447995916288,"https://docs.google.com/forms/d/e/1FAIpQLSffZugycOX3tUHW3uGhn5Cw0pj0fJDeIQf5oJ3EzZ-2vuj6Gg/viewform?entry.1274744182=https://twitter.com/alisomun/status/1576559447995916288&entry.653903203=26400&usp=pp_url
",Positive,Yes,Yes,No,['Election']
1594086156366249984,"https://docs.google.com/forms/d/e/1FAIpQLSffZugycOX3tUHW3uGhn5Cw0pj0fJDeIQf5oJ3EzZ-2vuj6Gg/viewform?entry.1274744182=https://twitter.com/farukakpinarr/status/1594086156366249984&entry.653903203=26400&usp=pp_url
",Negative,No,No,Yes,['Corruption']
1551518030806622208,"https://docs.google.com/forms/d/e/1FAIpQLSffZugycOX3tUHW3uGhn5Cw0pj0fJDeIQf5oJ3EzZ-2vuj6Gg/viewform?entry.1274744182=https://twitter.com/EkpssMelek/status/1551518030806622208&entry.653903203=26400&usp=pp_url
",Negative,No,No,No,['Unemployment']
1348679185829654531,"https://docs.google.com/forms/d/e/1FAIpQLSffZugycOX3tUHW3uGhn5Cw0pj0fJDeIQf5oJ3EzZ-2vuj6Gg/viewform?entry.1274744182=https://twitter.com/hyonwant/status/1348679185829654531&entry.653903203=26400&usp=pp_url
",Negative,No,No,No,['nan']
1593304361249161216,"https://docs.google.com/forms/d/e/1FAIpQLSffZugycOX3tUHW3uGhn5Cw0pj0fJDeIQf5oJ3EzZ-2vuj6Gg/viewform?entry.1274744182=https://twitter.com/Mahkum08435581/status/1593304361249161216&entry.653903203=26400&usp=pp_url
",Negative,Yes,No,No,['Crime&justice']
1585234004118097920,"https://docs.google.com/forms/d/e/1FAIpQLSffZugycOX3tUHW3uGhn5Cw0pj0fJDeIQf5oJ3EzZ-2vuj6Gg/viewform?entry.1274744182=https://twitter.com/SalamarRT/status/1585234004118097920&entry.653903203=26400&usp=pp_url
",Positive,No,No,No,['Economy']
1592440587923632128,"https://docs.google.com/forms/d/e/1FAIpQLSffZugycOX3tUHW3uGhn5Cw0pj0fJDeIQf5oJ3EzZ-2vuj6Gg/viewform?entry.1274744182=https://twitter.com/AzizErguven/status/1592440587923632128&entry.653903203=26400&usp=pp_url
",Negative,No,Yes,No,['Election']
1567137357110861827,"https://docs.google.com/forms/d/e/1FAIpQLSffZugycOX3tUHW3uGhn5Cw0pj0fJDeIQf5oJ3EzZ-2vuj6Gg/viewform?entry.1274744182=https://twitter.com/DevrimKRDLN/status/1567137357110861827&entry.653903203=26400&usp=pp_url
",Negative,No,Yes,No,"['Unemployment', 'Education']"
1361648099182190594,"https://docs.google.com/forms/d/e/1FAIpQLSffZugycOX3tUHW3uGhn5Cw0pj0fJDeIQf5oJ3EzZ-2vuj6Gg/viewform?entry.1274744182=https://twitter.com/724WebHaber/status/1361648099182190594&entry.653903203=26400&usp=pp_url
",Neutral,No,No,No,"['News', 'Crime&justice']"
1594015562585235457,"https://docs.google.com/forms/d/e/1FAIpQLSffZugycOX3tUHW3uGhn5Cw0pj0fJDeIQf5oJ3EzZ-2vuj6Gg/viewform?entry.1274744182=https://twitter.com/SariyildizHakim/status/1594015562585235457&entry.653903203=26400&usp=pp_url
",Negative,No,Yes,No,"['News', 'Economy']"
1367571642604544000,"https://docs.google.com/forms/d/e/1FAIpQLSffZugycOX3tUHW3uGhn5Cw0pj0fJDeIQf5oJ3EzZ-2vuj6Gg/viewform?entry.1274744182=https://twitter.com/BakiDiren/status/1367571642604544000&entry.653903203=26400&usp=pp_url
",Negative,No,No,No,['nan']
1427339600083791885,"https://docs.google.com/forms/d/e/1FAIpQLSffZugycOX3tUHW3uGhn5Cw0pj0fJDeIQf5oJ3EzZ-2vuj6Gg/viewform?entry.1274744182=https://twitter.com/YunusGn52/status/1427339600083791885&entry.653903203=26400&usp=pp_url
",Positive,No,No,No,['Sports']
1589271745533726720,"https://docs.google.com/forms/d/e/1FAIpQLSffZugycOX3tUHW3uGhn5Cw0pj0fJDeIQf5oJ3EzZ-2vuj6Gg/viewform?entry.1274744182=https://twitter.com/barisblc04/status/1589271745533726720&entry.653903203=26400&usp=pp_url
",Negative,Yes,Yes,No,['Election']
1384066421315969026,"https://docs.google.com/forms/d/e/1FAIpQLSffZugycOX3tUHW3uGhn5Cw0pj0fJDeIQf5oJ3EzZ-2vuj6Gg/viewform?entry.1274744182=https://twitter.com/geberembari/status/1384066421315969026&entry.653903203=26400&usp=pp_url
",Negative,No,No,No,['News']
1588103099247476738,"https://docs.google.com/forms/d/e/1FAIpQLSffZugycOX3tUHW3uGhn5Cw0pj0fJDeIQf5oJ3EzZ-2vuj6Gg/viewform?entry.1274744182=https://twitter.com/Serkanaktoprak4/status/1588103099247476738&entry.653903203=26400&usp=pp_url
",Negative,Yes,Yes,No,['Economy']
1575581613194215424,"https://docs.google.com/forms/d/e/1FAIpQLSffZugycOX3tUHW3uGhn5Cw0pj0fJDeIQf5oJ3EzZ-2vuj6Gg/viewform?entry.1274744182=https://twitter.com/AbuzerAslan/status/1575581613194215424&entry.653903203=26400&usp=pp_url
",Negative,No,Yes,No,"['Unemployment', 'Health']"
1568688188801286144,"https://docs.google.com/forms/d/e/1FAIpQLSffZugycOX3tUHW3uGhn5Cw0pj0fJDeIQf5oJ3EzZ-2vuj6Gg/viewform?entry.1274744182=https://twitter.com/emreyasamm/status/1568688188801286144&entry.653903203=26400&usp=pp_url
",Negative,No,Yes,No,"['Unemployment', 'Health']"
1588673512104857600,"https://docs.google.com/forms/d/e/1FAIpQLSffZugycOX3tUHW3uGhn5Cw0pj0fJDeIQf5oJ3EzZ-2vuj6Gg/viewform?entry.1274744182=https://twitter.com/ArrozZ7/status/1588673512104857600&entry.653903203=26400&usp=pp_url
",Negative,No,Yes,Yes,"['Terrorism', 'Nationalsecurity']"
1559963768372740098,"https://docs.google.com/forms/d/e/1FAIpQLSffZugycOX3tUHW3uGhn5Cw0pj0fJDeIQf5oJ3EzZ-2vuj6Gg/viewform?entry.1274744182=https://twitter.com/awfhdsr6/status/1559963768372740098&entry.653903203=26400&usp=pp_url
",Negative,No,Yes,No,['Economy']
1569589330544398336,"https://docs.google.com/forms/d/e/1FAIpQLSffZugycOX3tUHW3uGhn5Cw0pj0fJDeIQf5oJ3EzZ-2vuj6Gg/viewform?entry.1274744182=https://twitter.com/AhSuCilginUzman/status/1569589330544398336&entry.653903203=26400&usp=pp_url
",Positive,No,Yes,No,['Nationalsecurity']
1597885258778947585,"https://docs.google.com/forms/d/e/1FAIpQLSffZugycOX3tUHW3uGhn5Cw0pj0fJDeIQf5oJ3EzZ-2vuj6Gg/viewform?entry.1274744182=https://twitter.com/Asenat_4747/status/1597885258778947585&entry.653903203=26400&usp=pp_url
",Positive,No,Yes,No,['Economy']
1591987769802645505,"https://docs.google.com/forms/d/e/1FAIpQLSffZugycOX3tUHW3uGhn5Cw0pj0fJDeIQf5oJ3EzZ-2vuj6Gg/viewform?entry.1274744182=https://twitter.com/nkulunk/status/1591987769802645505&entry.653903203=26400&usp=pp_url
",Positive,No,Yes,No,"['Terrorism', 'Nationalsecurity']"
1586065575578857472,"https://docs.google.com/forms/d/e/1FAIpQLSffZugycOX3tUHW3uGhn5Cw0pj0fJDeIQf5oJ3EzZ-2vuj6Gg/viewform?entry.1274744182=https://twitter.com/sultan6347/status/1586065575578857472&entry.653903203=26400&usp=pp_url
",Negative,No,No,No,['Unemployment']
1595865066401927182,"https://docs.google.com/forms/d/e/1FAIpQLSffZugycOX3tUHW3uGhn5Cw0pj0fJDeIQf5oJ3EzZ-2vuj6Gg/viewform?entry.1274744182=https://twitter.com/semralondr60/status/1595865066401927182&entry.653903203=26400&usp=pp_url
",Positive,Yes,Yes,No,['Election']
1595042758342975490,"https://docs.google.com/forms/d/e/1FAIpQLSffZugycOX3tUHW3uGhn5Cw0pj0fJDeIQf5oJ3EzZ-2vuj6Gg/viewform?entry.1274744182=https://twitter.com/Carpediem040115/status/1595042758342975490&entry.653903203=26400&usp=pp_url
",Negative,No,Yes,No,['Unemployment']
1596142118061252608,"https://docs.google.com/forms/d/e/1FAIpQLSffZugycOX3tUHW3uGhn5Cw0pj0fJDeIQf5oJ3EzZ-2vuj6Gg/viewform?entry.1274744182=https://twitter.com/OzbasZer/status/1596142118061252608&entry.653903203=26400&usp=pp_url
",Negative,Yes,Yes,No,['Election']
1415032260571680768,"https://docs.google.com/forms/d/e/1FAIpQLSffZugycOX3tUHW3uGhn5Cw0pj0fJDeIQf5oJ3EzZ-2vuj6Gg/viewform?entry.1274744182=https://twitter.com/savasxozkan/status/1415032260571680768&entry.653903203=26400&usp=pp_url
",Positive,No,No,No,['Sports']
1434787703783051264,"https://docs.google.com/forms/d/e/1FAIpQLSffZugycOX3tUHW3uGhn5Cw0pj0fJDeIQf5oJ3EzZ-2vuj6Gg/viewform?entry.1274744182=https://twitter.com/jerviajeon/status/1434787703783051264&entry.653903203=26400&usp=pp_url
",Positive,No,No,No,['nan']
1591797089134338048,"https://docs.google.com/forms/d/e/1FAIpQLSffZugycOX3tUHW3uGhn5Cw0pj0fJDeIQf5oJ3EzZ-2vuj6Gg/viewform?entry.1274744182=https://twitter.com/15binparamedik/status/1591797089134338048&entry.653903203=26400&usp=pp_url
",Negative,No,Yes,No,"['Unemployment', 'Health']"
1598011049281998848,"https://docs.google.com/forms/d/e/1FAIpQLSffZugycOX3tUHW3uGhn5Cw0pj0fJDeIQf5oJ3EzZ-2vuj6Gg/viewform?entry.1274744182=https://twitter.com/tubagozutok34/status/1598011049281998848&entry.653903203=26400&usp=pp_url
",Negative,No,Yes,No,"['Economy', 'Unemployment']"
1362863576608874497,"https://docs.google.com/forms/d/e/1FAIpQLSffZugycOX3tUHW3uGhn5Cw0pj0fJDeIQf5oJ3EzZ-2vuj6Gg/viewform?entry.1274744182=https://twitter.com/Ahmet46993594/status/1362863576608874497&entry.653903203=26400&usp=pp_url
",Negative,Yes,No,No,"['Education', 'Health']"
1572202383324618753,"https://docs.google.com/forms/d/e/1FAIpQLSffZugycOX3tUHW3uGhn5Cw0pj0fJDeIQf5oJ3EzZ-2vuj6Gg/viewform?entry.1274744182=https://twitter.com/Brcukyhn/status/1572202383324618753&entry.653903203=26400&usp=pp_url
",Negative,Yes,No,No,"['Economy', 'Health']"
1562041278908579840,"https://docs.google.com/forms/d/e/1FAIpQLSffZugycOX3tUHW3uGhn5Cw0pj0fJDeIQf5oJ3EzZ-2vuj6Gg/viewform?entry.1274744182=https://twitter.com/BurhanS55/status/1562041278908579840&entry.653903203=26400&usp=pp_url
",Negative,No,No,No,"['Crime&justice', 'Terrorism', 'Nationalsecurity']"
1584873940211597314,"https://docs.google.com/forms/d/e/1FAIpQLSffZugycOX3tUHW3uGhn5Cw0pj0fJDeIQf5oJ3EzZ-2vuj6Gg/viewform?entry.1274744182=https://twitter.com/Kardeimcin1/status/1584873940211597314&entry.653903203=26400&usp=pp_url
",Negative,Yes,No,No,['Crime&justice']
1427610200224280578,"https://docs.google.com/forms/d/e/1FAIpQLSffZugycOX3tUHW3uGhn5Cw0pj0fJDeIQf5oJ3EzZ-2vuj6Gg/viewform?entry.1274744182=https://twitter.com/alpernklyy/status/1427610200224280578&entry.653903203=26400&usp=pp_url
",Positive,No,No,No,['nan']
1583536186534301697,"https://docs.google.com/forms/d/e/1FAIpQLSffZugycOX3tUHW3uGhn5Cw0pj0fJDeIQf5oJ3EzZ-2vuj6Gg/viewform?entry.1274744182=https://twitter.com/musavir_kgm/status/1583536186534301697&entry.653903203=26400&usp=pp_url
",Negative,No,No,No,"['Economy', 'Unemployment']"
1596394245874647040,"https://docs.google.com/forms/d/e/1FAIpQLSffZugycOX3tUHW3uGhn5Cw0pj0fJDeIQf5oJ3EzZ-2vuj6Gg/viewform?entry.1274744182=https://twitter.com/efendi_inan/status/1596394245874647040&entry.653903203=26400&usp=pp_url
",Negative,No,Yes,No,['News']
1413910365180764162,"https://docs.google.com/forms/d/e/1FAIpQLSffZugycOX3tUHW3uGhn5Cw0pj0fJDeIQf5oJ3EzZ-2vuj6Gg/viewform?entry.1274744182=https://twitter.com/Fenerli_kahve/status/1413910365180764162&entry.653903203=26400&usp=pp_url
",Positive,No,No,No,['nan']
1586827932605222912,"https://docs.google.com/forms/d/e/1FAIpQLSffZugycOX3tUHW3uGhn5Cw0pj0fJDeIQf5oJ3EzZ-2vuj6Gg/viewform?entry.1274744182=https://twitter.com/husokucukali/status/1586827932605222912&entry.653903203=26400&usp=pp_url
",Negative,No,Yes,No,['Election']
1588451211988324352,"https://docs.google.com/forms/d/e/1FAIpQLSffZugycOX3tUHW3uGhn5Cw0pj0fJDeIQf5oJ3EzZ-2vuj6Gg/viewform?entry.1274744182=https://twitter.com/emree97601677/status/1588451211988324352&entry.653903203=26400&usp=pp_url
",Negative,No,No,No,['Unemployment']
1355988492027895813,"https://docs.google.com/forms/d/e/1FAIpQLSffZugycOX3tUHW3uGhn5Cw0pj0fJDeIQf5oJ3EzZ-2vuj6Gg/viewform?entry.1274744182=https://twitter.com/hasgeslim0003/status/1355988492027895813&entry.653903203=26400&usp=pp_url
",Negative,No,No,No,['nan']
1584577917635678209,"https://docs.google.com/forms/d/e/1FAIpQLSffZugycOX3tUHW3uGhn5Cw0pj0fJDeIQf5oJ3EzZ-2vuj6Gg/viewform?entry.1274744182=https://twitter.com/SeyraniSolugan/status/1584577917635678209&entry.653903203=26400&usp=pp_url
",Negative,No,Yes,No,['Election']
1588568792984346624,"https://docs.google.com/forms/d/e/1FAIpQLSffZugycOX3tUHW3uGhn5Cw0pj0fJDeIQf5oJ3EzZ-2vuj6Gg/viewform?entry.1274744182=https://twitter.com/Maviruh_/status/1588568792984346624&entry.653903203=26400&usp=pp_url
",Negative,No,No,No,"['Unemployment', 'Education']"
1590298527921762304,"https://docs.google.com/forms/d/e/1FAIpQLSffZugycOX3tUHW3uGhn5Cw0pj0fJDeIQf5oJ3EzZ-2vuj6Gg/viewform?entry.1274744182=https://twitter.com/SinanMSS/status/1590298527921762304&entry.653903203=26400&usp=pp_url
",Negative,Yes,No,No,"['Unemployment', 'Education']"
1409746503057522689,"https://docs.google.com/forms/d/e/1FAIpQLSffZugycOX3tUHW3uGhn5Cw0pj0fJDeIQf5oJ3EzZ-2vuj6Gg/viewform?entry.1274744182=https://twitter.com/__ruzgar1__/status/1409746503057522689&entry.653903203=26400&usp=pp_url
",Positive,No,No,No,['Democracy']
1595136639474409472,"https://docs.google.com/forms/d/e/1FAIpQLSffZugycOX3tUHW3uGhn5Cw0pj0fJDeIQf5oJ3EzZ-2vuj6Gg/viewform?entry.1274744182=https://twitter.com/BilalAs53856034/status/1595136639474409472&entry.653903203=26400&usp=pp_url
",Positive,No,No,No,['Unemployment']
1597243885335388162,"https://docs.google.com/forms/d/e/1FAIpQLSffZugycOX3tUHW3uGhn5Cw0pj0fJDeIQf5oJ3EzZ-2vuj6Gg/viewform?entry.1274744182=https://twitter.com/haydaroner_/status/1597243885335388162&entry.653903203=26400&usp=pp_url
",Positive,Yes,No,No,"['News', 'Economy']"
1597475217668182016,"https://docs.google.com/forms/d/e/1FAIpQLSffZugycOX3tUHW3uGhn5Cw0pj0fJDeIQf5oJ3EzZ-2vuj6Gg/viewform?entry.1274744182=https://twitter.com/cumhuriyetgzt/status/1597475217668182016&entry.653903203=26400&usp=pp_url
",Neutral,No,No,No,"['News', 'Health', 'Crime&justice']"
1592120408073203712,"https://docs.google.com/forms/d/e/1FAIpQLSffZugycOX3tUHW3uGhn5Cw0pj0fJDeIQf5oJ3EzZ-2vuj6Gg/viewform?entry.1274744182=https://twitter.com/shingensbanner/status/1592120408073203712&entry.653903203=26400&usp=pp_url
",Negative,Yes,Yes,Yes,"['Crime&justice', 'Terrorism']"
1592068405246689280,"https://docs.google.com/forms/d/e/1FAIpQLSffZugycOX3tUHW3uGhn5Cw0pj0fJDeIQf5oJ3EzZ-2vuj6Gg/viewform?entry.1274744182=https://twitter.com/jawarecep2071/status/1592068405246689280&entry.653903203=26400&usp=pp_url
",Negative,No,Yes,No,"['Terrorism', 'Nationalsecurity']"
1583137030758096897,"https://docs.google.com/forms/d/e/1FAIpQLSffZugycOX3tUHW3uGhn5Cw0pj0fJDeIQf5oJ3EzZ-2vuj6Gg/viewform?entry.1274744182=https://twitter.com/yalan010101/status/1583137030758096897&entry.653903203=26400&usp=pp_url
",Negative,No,Yes,Yes,"['Crime&justice', 'Terrorism', 'Nationalsecurity']"
1583194560129249280,"https://docs.google.com/forms/d/e/1FAIpQLSffZugycOX3tUHW3uGhn5Cw0pj0fJDeIQf5oJ3EzZ-2vuj6Gg/viewform?entry.1274744182=https://twitter.com/htcclk42/status/1583194560129249280&entry.653903203=26400&usp=pp_url
",Positive,No,Yes,No,['Health']
1587854129677930496,"https://docs.google.com/forms/d/e/1FAIpQLSffZugycOX3tUHW3uGhn5Cw0pj0fJDeIQf5oJ3EzZ-2vuj6Gg/viewform?entry.1274744182=https://twitter.com/gizem2_/status/1587854129677930496&entry.653903203=26400&usp=pp_url
",Negative,No,No,No,['Unemployment']
1392406523834511361,"https://docs.google.com/forms/d/e/1FAIpQLSffZugycOX3tUHW3uGhn5Cw0pj0fJDeIQf5oJ3EzZ-2vuj6Gg/viewform?entry.1274744182=https://twitter.com/fatihacunbey/status/1392406523834511361&entry.653903203=26400&usp=pp_url
",Positive,No,No,No,['nan']
1563077982415355904,"https://docs.google.com/forms/d/e/1FAIpQLSffZugycOX3tUHW3uGhn5Cw0pj0fJDeIQf5oJ3EzZ-2vuj6Gg/viewform?entry.1274744182=https://twitter.com/zaferseyhanbsk/status/1563077982415355904&entry.653903203=26400&usp=pp_url
",Positive,No,Yes,No,['Democracy']
1439547067337256967,"https://docs.google.com/forms/d/e/1FAIpQLSffZugycOX3tUHW3uGhn5Cw0pj0fJDeIQf5oJ3EzZ-2vuj6Gg/viewform?entry.1274744182=https://twitter.com/_melek_3451/status/1439547067337256967&entry.653903203=26400&usp=pp_url
",Positive,No,No,No,['nan']
1585634359612420101,"https://docs.google.com/forms/d/e/1FAIpQLSffZugycOX3tUHW3uGhn5Cw0pj0fJDeIQf5oJ3EzZ-2vuj6Gg/viewform?entry.1274744182=https://twitter.com/mustafasenol45/status/1585634359612420101&entry.653903203=26400&usp=pp_url
",Negative,Yes,Yes,No,"['Democracy', 'Terrorism', 'Nationalsecurity']"
1411300026693951489,"https://docs.google.com/forms/d/e/1FAIpQLSffZugycOX3tUHW3uGhn5Cw0pj0fJDeIQf5oJ3EzZ-2vuj6Gg/viewform?entry.1274744182=https://twitter.com/emin_chdr0/status/1411300026693951489&entry.653903203=26400&usp=pp_url
",Neutral,No,No,No,['Health']
1594343721344159753,"https://docs.google.com/forms/d/e/1FAIpQLSffZugycOX3tUHW3uGhn5Cw0pj0fJDeIQf5oJ3EzZ-2vuj6Gg/viewform?entry.1274744182=https://twitter.com/yavuztopsakal/status/1594343721344159753&entry.653903203=26400&usp=pp_url
",Negative,No,Yes,No,"['Terrorism', 'Nationalsecurity', 'Foreignpolicy']"
1558935256396402688,"https://docs.google.com/forms/d/e/1FAIpQLSffZugycOX3tUHW3uGhn5Cw0pj0fJDeIQf5oJ3EzZ-2vuj6Gg/viewform?entry.1274744182=https://twitter.com/muystiii1/status/1558935256396402688&entry.653903203=26400&usp=pp_url
",Negative,Yes,Yes,No,['Nationalsecurity']
1356926480605982728,"https://docs.google.com/forms/d/e/1FAIpQLSffZugycOX3tUHW3uGhn5Cw0pj0fJDeIQf5oJ3EzZ-2vuj6Gg/viewform?entry.1274744182=https://twitter.com/Mucahityilmz61/status/1356926480605982728&entry.653903203=26400&usp=pp_url
",Positive,No,No,No,['nan']
1412406833051017223,"https://docs.google.com/forms/d/e/1FAIpQLSffZugycOX3tUHW3uGhn5Cw0pj0fJDeIQf5oJ3EzZ-2vuj6Gg/viewform?entry.1274744182=https://twitter.com/aideology66/status/1412406833051017223&entry.653903203=26400&usp=pp_url
",Positive,No,No,No,['nan']
1591064636471668736,"https://docs.google.com/forms/d/e/1FAIpQLSffZugycOX3tUHW3uGhn5Cw0pj0fJDeIQf5oJ3EzZ-2vuj6Gg/viewform?entry.1274744182=https://twitter.com/eczozgurozel/status/1591064636471668736&entry.653903203=26400&usp=pp_url
",Positive,No,No,No,"['Terrorism', 'Nationalsecurity']"
1563501124015243264,"https://docs.google.com/forms/d/e/1FAIpQLSffZugycOX3tUHW3uGhn5Cw0pj0fJDeIQf5oJ3EzZ-2vuj6Gg/viewform?entry.1274744182=https://twitter.com/fatihbek/status/1563501124015243264&entry.653903203=26400&usp=pp_url
",Negative,No,No,No,"['Economy', 'Unemployment']"
1397610916057915397,"https://docs.google.com/forms/d/e/1FAIpQLSffZugycOX3tUHW3uGhn5Cw0pj0fJDeIQf5oJ3EzZ-2vuj6Gg/viewform?entry.1274744182=https://twitter.com/yobazmirket/status/1397610916057915397&entry.653903203=26400&usp=pp_url
",Negative,No,Yes,No,['Economy']
1388235183653011462,"https://docs.google.com/forms/d/e/1FAIpQLSffZugycOX3tUHW3uGhn5Cw0pj0fJDeIQf5oJ3EzZ-2vuj6Gg/viewform?entry.1274744182=https://twitter.com/tbzoc/status/1388235183653011462&entry.653903203=26400&usp=pp_url
",Neutral,No,No,No,['Sports']
1398170963049582592,"https://docs.google.com/forms/d/e/1FAIpQLSffZugycOX3tUHW3uGhn5Cw0pj0fJDeIQf5oJ3EzZ-2vuj6Gg/viewform?entry.1274744182=https://twitter.com/TekerkekMersin8/status/1398170963049582592&entry.653903203=26400&usp=pp_url
",Positive,No,No,No,['nan']
1575906140441186304,"https://docs.google.com/forms/d/e/1FAIpQLSffZugycOX3tUHW3uGhn5Cw0pj0fJDeIQf5oJ3EzZ-2vuj6Gg/viewform?entry.1274744182=https://twitter.com/IHidayetirem/status/1575906140441186304&entry.653903203=26400&usp=pp_url
",Negative,No,Yes,No,"['Crime&justice', 'Terrorism', 'Nationalsecurity']"
1407101255328145409,"https://docs.google.com/forms/d/e/1FAIpQLSffZugycOX3tUHW3uGhn5Cw0pj0fJDeIQf5oJ3EzZ-2vuj6Gg/viewform?entry.1274744182=https://twitter.com/Isimsek1453/status/1407101255328145409&entry.653903203=26400&usp=pp_url
",Positive,No,Yes,No,['Foreignpolicy']
1591021127736102913,"https://docs.google.com/forms/d/e/1FAIpQLSffZugycOX3tUHW3uGhn5Cw0pj0fJDeIQf5oJ3EzZ-2vuj6Gg/viewform?entry.1274744182=https://twitter.com/ArdaKeskin19/status/1591021127736102913&entry.653903203=26400&usp=pp_url
",Negative,No,No,No,"['Unemployment', 'Health']"
1396377346937131008,"https://docs.google.com/forms/d/e/1FAIpQLSffZugycOX3tUHW3uGhn5Cw0pj0fJDeIQf5oJ3EzZ-2vuj6Gg/viewform?entry.1274744182=https://twitter.com/gamzerdogan__/status/1396377346937131008&entry.653903203=26400&usp=pp_url
",Negative,No,No,No,['nan']
1591688582452097025,"https://docs.google.com/forms/d/e/1FAIpQLSffZugycOX3tUHW3uGhn5Cw0pj0fJDeIQf5oJ3EzZ-2vuj6Gg/viewform?entry.1274744182=https://twitter.com/Koksal052/status/1591688582452097025&entry.653903203=26400&usp=pp_url
",Negative,No,Yes,Yes,['Democracy']
1594246341969985544,"https://docs.google.com/forms/d/e/1FAIpQLSffZugycOX3tUHW3uGhn5Cw0pj0fJDeIQf5oJ3EzZ-2vuj6Gg/viewform?entry.1274744182=https://twitter.com/ibrahimavcu10/status/1594246341969985544&entry.653903203=26400&usp=pp_url
",Negative,No,Yes,No,"['Economy', 'Inflation&poverty']"
1596907576448667648,"https://docs.google.com/forms/d/e/1FAIpQLSffZugycOX3tUHW3uGhn5Cw0pj0fJDeIQf5oJ3EzZ-2vuj6Gg/viewform?entry.1274744182=https://twitter.com/yunusutkucu/status/1596907576448667648&entry.653903203=26400&usp=pp_url
",Negative,No,No,No,['Unemployment']
1588989734465859584,"https://docs.google.com/forms/d/e/1FAIpQLSffZugycOX3tUHW3uGhn5Cw0pj0fJDeIQf5oJ3EzZ-2vuj6Gg/viewform?entry.1274744182=https://twitter.com/EKahveci1/status/1588989734465859584&entry.653903203=26400&usp=pp_url
",Positive,No,No,No,"['Terrorism', 'Nationalsecurity']"
1588107427634761729,"https://docs.google.com/forms/d/e/1FAIpQLSffZugycOX3tUHW3uGhn5Cw0pj0fJDeIQf5oJ3EzZ-2vuj6Gg/viewform?entry.1274744182=https://twitter.com/PrajithPS/status/1588107427634761729&entry.653903203=26400&usp=pp_url
",Neutral,No,No,No,"['News', 'Economy']"
1594352902197354499,"https://docs.google.com/forms/d/e/1FAIpQLSffZugycOX3tUHW3uGhn5Cw0pj0fJDeIQf5oJ3EzZ-2vuj6Gg/viewform?entry.1274744182=https://twitter.com/mehay97/status/1594352902197354499&entry.653903203=26400&usp=pp_url
",Negative,No,No,No,"['Unemployment', 'Education']"
1388962812358184962,"https://docs.google.com/forms/d/e/1FAIpQLSffZugycOX3tUHW3uGhn5Cw0pj0fJDeIQf5oJ3EzZ-2vuj6Gg/viewform?entry.1274744182=https://twitter.com/TolgaGEREK/status/1388962812358184962&entry.653903203=26400&usp=pp_url
",Positive,No,No,No,['Economy']
1356676433402331139,"https://docs.google.com/forms/d/e/1FAIpQLSffZugycOX3tUHW3uGhn5Cw0pj0fJDeIQf5oJ3EzZ-2vuj6Gg/viewform?entry.1274744182=https://twitter.com/NunaRanuna/status/1356676433402331139&entry.653903203=26400&usp=pp_url
",Negative,No,No,No,['Sports']
1593244100244828160,"https://docs.google.com/forms/d/e/1FAIpQLSffZugycOX3tUHW3uGhn5Cw0pj0fJDeIQf5oJ3EzZ-2vuj6Gg/viewform?entry.1274744182=https://twitter.com/hlancey64/status/1593244100244828160&entry.653903203=26400&usp=pp_url
",Negative,No,Yes,No,['Election']
1578452125842972672,"https://docs.google.com/forms/d/e/1FAIpQLSffZugycOX3tUHW3uGhn5Cw0pj0fJDeIQf5oJ3EzZ-2vuj6Gg/viewform?entry.1274744182=https://twitter.com/TekirBezgin/status/1578452125842972672&entry.653903203=26400&usp=pp_url
",Negative,No,Yes,No,"['Religion', 'Democracy']"
1421616491141664769,"https://docs.google.com/forms/d/e/1FAIpQLSffZugycOX3tUHW3uGhn5Cw0pj0fJDeIQf5oJ3EzZ-2vuj6Gg/viewform?entry.1274744182=https://twitter.com/BuNeDevran/status/1421616491141664769&entry.653903203=26400&usp=pp_url
",Positive,No,No,No,['nan']
1434941237119881217,"https://docs.google.com/forms/d/e/1FAIpQLSffZugycOX3tUHW3uGhn5Cw0pj0fJDeIQf5oJ3EzZ-2vuj6Gg/viewform?entry.1274744182=https://twitter.com/__vatanbizim__/status/1434941237119881217&entry.653903203=26400&usp=pp_url
",Negative,No,Yes,No,"['Democracy', 'Election']"
1585529424316964870,"https://docs.google.com/forms/d/e/1FAIpQLSffZugycOX3tUHW3uGhn5Cw0pj0fJDeIQf5oJ3EzZ-2vuj6Gg/viewform?entry.1274744182=https://twitter.com/BPesenkurdu/status/1585529424316964870&entry.653903203=26400&usp=pp_url
",Negative,No,Yes,No,['Democracy']
1592421393983221761,"https://docs.google.com/forms/d/e/1FAIpQLSffZugycOX3tUHW3uGhn5Cw0pj0fJDeIQf5oJ3EzZ-2vuj6Gg/viewform?entry.1274744182=https://twitter.com/Gulnarocak/status/1592421393983221761&entry.653903203=26400&usp=pp_url
",Positive,No,Yes,No,"['Democracy', 'Election']"
1408410574439030791,"https://docs.google.com/forms/d/e/1FAIpQLSffZugycOX3tUHW3uGhn5Cw0pj0fJDeIQf5oJ3EzZ-2vuj6Gg/viewform?entry.1274744182=https://twitter.com/ZerdaZerda7966/status/1408410574439030791&entry.653903203=26400&usp=pp_url
",Positive,No,No,No,['Music&TV']
1593644004989493248,"https://docs.google.com/forms/d/e/1FAIpQLSffZugycOX3tUHW3uGhn5Cw0pj0fJDeIQf5oJ3EzZ-2vuj6Gg/viewform?entry.1274744182=https://twitter.com/nilguncnr/status/1593644004989493248&entry.653903203=26400&usp=pp_url
",Negative,No,No,No,"['Unemployment', 'Education']"
1567931120670441476,"https://docs.google.com/forms/d/e/1FAIpQLSffZugycOX3tUHW3uGhn5Cw0pj0fJDeIQf5oJ3EzZ-2vuj6Gg/viewform?entry.1274744182=https://twitter.com/serenithes/status/1567931120670441476&entry.653903203=26400&usp=pp_url
",Negative,No,No,No,"['Democracy', 'Foreignpolicy']"
1363282266315710465,"https://docs.google.com/forms/d/e/1FAIpQLSffZugycOX3tUHW3uGhn5Cw0pj0fJDeIQf5oJ3EzZ-2vuj6Gg/viewform?entry.1274744182=https://twitter.com/Asyabarlik/status/1363282266315710465&entry.653903203=26400&usp=pp_url
",Positive,Yes,No,No,['nan']
1597932148157083648,"https://docs.google.com/forms/d/e/1FAIpQLSffZugycOX3tUHW3uGhn5Cw0pj0fJDeIQf5oJ3EzZ-2vuj6Gg/viewform?entry.1274744182=https://twitter.com/seherogretmenn/status/1597932148157083648&entry.653903203=26400&usp=pp_url
",Positive,No,Yes,No,"['News', 'Health', 'Crime&justice', 'Nationalsecurity']"
1379920559413329924,"https://docs.google.com/forms/d/e/1FAIpQLSffZugycOX3tUHW3uGhn5Cw0pj0fJDeIQf5oJ3EzZ-2vuj6Gg/viewform?entry.1274744182=https://twitter.com/Suatkuzuu/status/1379920559413329924&entry.653903203=26400&usp=pp_url
",Negative,Yes,No,No,['nan']
1567575025066164226,"https://docs.google.com/forms/d/e/1FAIpQLSffZugycOX3tUHW3uGhn5Cw0pj0fJDeIQf5oJ3EzZ-2vuj6Gg/viewform?entry.1274744182=https://twitter.com/musavir_kgm/status/1567575025066164226&entry.653903203=26400&usp=pp_url
",Negative,No,No,No,['Unemployment']
1569250966204973056,"https://docs.google.com/forms/d/e/1FAIpQLSffZugycOX3tUHW3uGhn5Cw0pj0fJDeIQf5oJ3EzZ-2vuj6Gg/viewform?entry.1274744182=https://twitter.com/omerzorlu53/status/1569250966204973056&entry.653903203=26400&usp=pp_url
",Negative,No,Yes,No,['Election']
1592533865964478465,"https://docs.google.com/forms/d/e/1FAIpQLSffZugycOX3tUHW3uGhn5Cw0pj0fJDeIQf5oJ3EzZ-2vuj6Gg/viewform?entry.1274744182=https://twitter.com/Eylllha64365349/status/1592533865964478465&entry.653903203=26400&usp=pp_url
",Positive,No,No,No,"['Democracy', 'Foreignpolicy']"
