,url,sentiment,isExperiential,isPolitical,isInsult,topics
1573652461012893696,"https://docs.google.com/forms/d/e/1FAIpQLSffZugycOX3tUHW3uGhn5Cw0pj0fJDeIQf5oJ3EzZ-2vuj6Gg/viewform?entry.1274744182=https://twitter.com/sinan_tytk/status/1573652461012893696&entry.653903203=26428&usp=pp_url
",Negative,No,Yes,No,"['Economy', 'Unemployment']"
1595357036925026306,"https://docs.google.com/forms/d/e/1FAIpQLSffZugycOX3tUHW3uGhn5Cw0pj0fJDeIQf5oJ3EzZ-2vuj6Gg/viewform?entry.1274744182=https://twitter.com/Zeynepvcl/status/1595357036925026306&entry.653903203=26428&usp=pp_url
",Neutral,No,Yes,No,['nan']
1432067901918437385,"https://docs.google.com/forms/d/e/1FAIpQLSffZugycOX3tUHW3uGhn5Cw0pj0fJDeIQf5oJ3EzZ-2vuj6Gg/viewform?entry.1274744182=https://twitter.com/derscalissinlar/status/1432067901918437385&entry.653903203=26428&usp=pp_url
",Positive,No,No,No,['nan']
1576653232323317760,"https://docs.google.com/forms/d/e/1FAIpQLSffZugycOX3tUHW3uGhn5Cw0pj0fJDeIQf5oJ3EzZ-2vuj6Gg/viewform?entry.1274744182=https://twitter.com/beththemac/status/1576653232323317760&entry.653903203=26428&usp=pp_url
",Negative,Yes,No,No,"['Economy', 'Unemployment']"
1569589330544398336,"https://docs.google.com/forms/d/e/1FAIpQLSffZugycOX3tUHW3uGhn5Cw0pj0fJDeIQf5oJ3EzZ-2vuj6Gg/viewform?entry.1274744182=https://twitter.com/AhSuCilginUzman/status/1569589330544398336&entry.653903203=26428&usp=pp_url
",Positive,Yes,Yes,No,['Nationalsecurity']
1597929492412264449,"https://docs.google.com/forms/d/e/1FAIpQLSffZugycOX3tUHW3uGhn5Cw0pj0fJDeIQf5oJ3EzZ-2vuj6Gg/viewform?entry.1274744182=https://twitter.com/beyzosclk/status/1597929492412264449&entry.653903203=26428&usp=pp_url
",Positive,No,Yes,No,['nan']
1372573170620887048,"https://docs.google.com/forms/d/e/1FAIpQLSffZugycOX3tUHW3uGhn5Cw0pj0fJDeIQf5oJ3EzZ-2vuj6Gg/viewform?entry.1274744182=https://twitter.com/kedice/status/1372573170620887048&entry.653903203=26428&usp=pp_url
",Positive,Yes,No,No,['nan']
1588568792984346624,"https://docs.google.com/forms/d/e/1FAIpQLSffZugycOX3tUHW3uGhn5Cw0pj0fJDeIQf5oJ3EzZ-2vuj6Gg/viewform?entry.1274744182=https://twitter.com/Maviruh_/status/1588568792984346624&entry.653903203=26428&usp=pp_url
",Negative,Yes,Yes,No,['Unemployment']
1569038750352658432,"https://docs.google.com/forms/d/e/1FAIpQLSffZugycOX3tUHW3uGhn5Cw0pj0fJDeIQf5oJ3EzZ-2vuj6Gg/viewform?entry.1274744182=https://twitter.com/KopekSorunu/status/1569038750352658432&entry.653903203=26428&usp=pp_url
",Negative,Yes,No,No,['Health']
1389872457914388490,"https://docs.google.com/forms/d/e/1FAIpQLSffZugycOX3tUHW3uGhn5Cw0pj0fJDeIQf5oJ3EzZ-2vuj6Gg/viewform?entry.1274744182=https://twitter.com/dyasaroglu/status/1389872457914388490&entry.653903203=26428&usp=pp_url
",Positive,No,No,No,['Health']
1593726522292330497,"https://docs.google.com/forms/d/e/1FAIpQLSffZugycOX3tUHW3uGhn5Cw0pj0fJDeIQf5oJ3EzZ-2vuj6Gg/viewform?entry.1274744182=https://twitter.com/burcumc8/status/1593726522292330497&entry.653903203=26428&usp=pp_url
",Negative,Yes,Yes,No,['Unemployment']
1584905881854025729,"https://docs.google.com/forms/d/e/1FAIpQLSffZugycOX3tUHW3uGhn5Cw0pj0fJDeIQf5oJ3EzZ-2vuj6Gg/viewform?entry.1274744182=https://twitter.com/GMalazgirt/status/1584905881854025729&entry.653903203=26428&usp=pp_url
",Negative,Yes,Yes,No,['Unemployment']
1388235183653011462,"https://docs.google.com/forms/d/e/1FAIpQLSffZugycOX3tUHW3uGhn5Cw0pj0fJDeIQf5oJ3EzZ-2vuj6Gg/viewform?entry.1274744182=https://twitter.com/tbzoc/status/1388235183653011462&entry.653903203=26428&usp=pp_url
",Neutral,Yes,No,No,['Sports']
1595871258985615361,"https://docs.google.com/forms/d/e/1FAIpQLSffZugycOX3tUHW3uGhn5Cw0pj0fJDeIQf5oJ3EzZ-2vuj6Gg/viewform?entry.1274744182=https://twitter.com/s_061974/status/1595871258985615361&entry.653903203=26428&usp=pp_url
",Negative,Yes,Yes,No,['Unemployment']
1590293724436697088,"https://docs.google.com/forms/d/e/1FAIpQLSffZugycOX3tUHW3uGhn5Cw0pj0fJDeIQf5oJ3EzZ-2vuj6Gg/viewform?entry.1274744182=https://twitter.com/harita95316379/status/1590293724436697088&entry.653903203=26428&usp=pp_url
",Negative,Yes,Yes,No,['Unemployment']
1594352902197354499,"https://docs.google.com/forms/d/e/1FAIpQLSffZugycOX3tUHW3uGhn5Cw0pj0fJDeIQf5oJ3EzZ-2vuj6Gg/viewform?entry.1274744182=https://twitter.com/mehay97/status/1594352902197354499&entry.653903203=26428&usp=pp_url
",Positive,Yes,Yes,No,"['Economy', 'Unemployment', 'Education']"
1596175729087111172,"https://docs.google.com/forms/d/e/1FAIpQLSffZugycOX3tUHW3uGhn5Cw0pj0fJDeIQf5oJ3EzZ-2vuj6Gg/viewform?entry.1274744182=https://twitter.com/HafikGulu/status/1596175729087111172&entry.653903203=26428&usp=pp_url
",Positive,No,Yes,No,['Unemployment']
1595152315673026560,"https://docs.google.com/forms/d/e/1FAIpQLSffZugycOX3tUHW3uGhn5Cw0pj0fJDeIQf5oJ3EzZ-2vuj6Gg/viewform?entry.1274744182=https://twitter.com/Mcht3506/status/1595152315673026560&entry.653903203=26428&usp=pp_url
",Negative,Yes,Yes,Yes,"['Economy', 'Health']"
1427339600083791885,"https://docs.google.com/forms/d/e/1FAIpQLSffZugycOX3tUHW3uGhn5Cw0pj0fJDeIQf5oJ3EzZ-2vuj6Gg/viewform?entry.1274744182=https://twitter.com/YunusGn52/status/1427339600083791885&entry.653903203=26428&usp=pp_url
",Positive,Yes,No,Yes,['Sports']
1585218692538695680,"https://docs.google.com/forms/d/e/1FAIpQLSffZugycOX3tUHW3uGhn5Cw0pj0fJDeIQf5oJ3EzZ-2vuj6Gg/viewform?entry.1274744182=https://twitter.com/Aa1Mehmetoglu/status/1585218692538695680&entry.653903203=26428&usp=pp_url
",Negative,Yes,Yes,Yes,"['Corruption', 'Foreignpolicy']"
1584215167633887232,"https://docs.google.com/forms/d/e/1FAIpQLSffZugycOX3tUHW3uGhn5Cw0pj0fJDeIQf5oJ3EzZ-2vuj6Gg/viewform?entry.1274744182=https://twitter.com/omeriskin/status/1584215167633887232&entry.653903203=26428&usp=pp_url
",Neutral,No,Yes,No,"['Democracy', 'Election']"
1596881553023324162,"https://docs.google.com/forms/d/e/1FAIpQLSffZugycOX3tUHW3uGhn5Cw0pj0fJDeIQf5oJ3EzZ-2vuj6Gg/viewform?entry.1274744182=https://twitter.com/10_kartal_10/status/1596881553023324162&entry.653903203=26428&usp=pp_url
",Positive,Yes,Yes,Yes,"['Economy', 'Democracy']"
1586360774858940416,"https://docs.google.com/forms/d/e/1FAIpQLSffZugycOX3tUHW3uGhn5Cw0pj0fJDeIQf5oJ3EzZ-2vuj6Gg/viewform?entry.1274744182=https://twitter.com/SerhatTrker1/status/1586360774858940416&entry.653903203=26428&usp=pp_url
",Negative,Yes,Yes,No,['Unemployment']
1372502121598308353,"https://docs.google.com/forms/d/e/1FAIpQLSffZugycOX3tUHW3uGhn5Cw0pj0fJDeIQf5oJ3EzZ-2vuj6Gg/viewform?entry.1274744182=https://twitter.com/par4d1sejae/status/1372502121598308353&entry.653903203=26428&usp=pp_url
",Positive,Yes,No,No,['Music&TV']
1595386559989178370,"https://docs.google.com/forms/d/e/1FAIpQLSffZugycOX3tUHW3uGhn5Cw0pj0fJDeIQf5oJ3EzZ-2vuj6Gg/viewform?entry.1274744182=https://twitter.com/frh_kzr/status/1595386559989178370&entry.653903203=26428&usp=pp_url
",Negative,Yes,Yes,No,['Unemployment']
1445809195941568512,"https://docs.google.com/forms/d/e/1FAIpQLSffZugycOX3tUHW3uGhn5Cw0pj0fJDeIQf5oJ3EzZ-2vuj6Gg/viewform?entry.1274744182=https://twitter.com/zibidiajan/status/1445809195941568512&entry.653903203=26428&usp=pp_url
",Positive,Yes,No,No,['nan']
1358110538484563969,"https://docs.google.com/forms/d/e/1FAIpQLSffZugycOX3tUHW3uGhn5Cw0pj0fJDeIQf5oJ3EzZ-2vuj6Gg/viewform?entry.1274744182=https://twitter.com/can_kaan01/status/1358110538484563969&entry.653903203=26428&usp=pp_url
",Positive,Yes,No,No,['nan']
1588627766102339585,"https://docs.google.com/forms/d/e/1FAIpQLSffZugycOX3tUHW3uGhn5Cw0pj0fJDeIQf5oJ3EzZ-2vuj6Gg/viewform?entry.1274744182=https://twitter.com/adman32129740/status/1588627766102339585&entry.653903203=26428&usp=pp_url
",Negative,Yes,Yes,No,"['Corruption', 'Health', 'Nationalsecurity']"
1578441027270369280,"https://docs.google.com/forms/d/e/1FAIpQLSffZugycOX3tUHW3uGhn5Cw0pj0fJDeIQf5oJ3EzZ-2vuj6Gg/viewform?entry.1274744182=https://twitter.com/josephineVV5/status/1578441027270369280&entry.653903203=26428&usp=pp_url
",Negative,Yes,Yes,Yes,"['News', 'Democracy', 'Election', 'Nationalsecurity', 'Foreignpolicy']"
1594242562537443331,"https://docs.google.com/forms/d/e/1FAIpQLSffZugycOX3tUHW3uGhn5Cw0pj0fJDeIQf5oJ3EzZ-2vuj6Gg/viewform?entry.1274744182=https://twitter.com/300ccc300/status/1594242562537443331&entry.653903203=26428&usp=pp_url
",Negative,Yes,No,No,"['News', 'Corruption', 'Health', 'Crime&justice', 'Nationalsecurity']"
1414937364015767552,"https://docs.google.com/forms/d/e/1FAIpQLSffZugycOX3tUHW3uGhn5Cw0pj0fJDeIQf5oJ3EzZ-2vuj6Gg/viewform?entry.1274744182=https://twitter.com/kadirrcetin1/status/1414937364015767552&entry.653903203=26428&usp=pp_url
",Negative,Yes,Yes,Yes,"['News', 'Corruption', 'Democracy', 'Crime&justice', 'Immigration&refugees', 'Nationalsecurity']"
1562058834834870272,"https://docs.google.com/forms/d/e/1FAIpQLSffZugycOX3tUHW3uGhn5Cw0pj0fJDeIQf5oJ3EzZ-2vuj6Gg/viewform?entry.1274744182=https://twitter.com/torosturk/status/1562058834834870272&entry.653903203=26428&usp=pp_url
",Positive,Yes,Yes,No,"['Democracy', 'Election']"
1364888204923535363,"https://docs.google.com/forms/d/e/1FAIpQLSffZugycOX3tUHW3uGhn5Cw0pj0fJDeIQf5oJ3EzZ-2vuj6Gg/viewform?entry.1274744182=https://twitter.com/atanacakburcu/status/1364888204923535363&entry.653903203=26428&usp=pp_url
",Negative,Yes,Yes,No,"['Economy', 'Inflation&poverty', 'Unemployment', 'Education']"
1587371855643643906,"https://docs.google.com/forms/d/e/1FAIpQLSffZugycOX3tUHW3uGhn5Cw0pj0fJDeIQf5oJ3EzZ-2vuj6Gg/viewform?entry.1274744182=https://twitter.com/insaatmuhb/status/1587371855643643906&entry.653903203=26428&usp=pp_url
",Negative,Yes,Yes,No,"['News', 'Economy', 'Unemployment']"
1597330237892616192,"https://docs.google.com/forms/d/e/1FAIpQLSffZugycOX3tUHW3uGhn5Cw0pj0fJDeIQf5oJ3EzZ-2vuj6Gg/viewform?entry.1274744182=https://twitter.com/Glaye47867603/status/1597330237892616192&entry.653903203=26428&usp=pp_url
",Neutral,No,Yes,No,"['Economy', 'Inflation&poverty', 'Unemployment']"
1578448632533028865,"https://docs.google.com/forms/d/e/1FAIpQLSffZugycOX3tUHW3uGhn5Cw0pj0fJDeIQf5oJ3EzZ-2vuj6Gg/viewform?entry.1274744182=https://twitter.com/osman43026850/status/1578448632533028865&entry.653903203=26428&usp=pp_url
",Negative,Yes,Yes,No,"['Economy', 'Inflation&poverty', 'Unemployment']"
1589686451725221888,"https://docs.google.com/forms/d/e/1FAIpQLSffZugycOX3tUHW3uGhn5Cw0pj0fJDeIQf5oJ3EzZ-2vuj6Gg/viewform?entry.1274744182=https://twitter.com/muhendishanim20/status/1589686451725221888&entry.653903203=26428&usp=pp_url
",Negative,Yes,Yes,No,"['News', 'Economy', 'Inflation&poverty']"
1592950704175714304,"https://docs.google.com/forms/d/e/1FAIpQLSffZugycOX3tUHW3uGhn5Cw0pj0fJDeIQf5oJ3EzZ-2vuj6Gg/viewform?entry.1274744182=https://twitter.com/Fizikchi35/status/1592950704175714304&entry.653903203=26428&usp=pp_url
",Negative,Yes,Yes,No,"['Economy', 'Unemployment', 'Education']"
1361016368225746944,"https://docs.google.com/forms/d/e/1FAIpQLSffZugycOX3tUHW3uGhn5Cw0pj0fJDeIQf5oJ3EzZ-2vuj6Gg/viewform?entry.1274744182=https://twitter.com/senuras/status/1361016368225746944&entry.653903203=26428&usp=pp_url
",,,,,
1585651759204208642,"https://docs.google.com/forms/d/e/1FAIpQLSffZugycOX3tUHW3uGhn5Cw0pj0fJDeIQf5oJ3EzZ-2vuj6Gg/viewform?entry.1274744182=https://twitter.com/Seyhannky/status/1585651759204208642&entry.653903203=26428&usp=pp_url
",Negative,Yes,Yes,No,"['News', 'Unemployment', 'Health']"
1364517561384259586,"https://docs.google.com/forms/d/e/1FAIpQLSffZugycOX3tUHW3uGhn5Cw0pj0fJDeIQf5oJ3EzZ-2vuj6Gg/viewform?entry.1274744182=https://twitter.com/sanaaaneki/status/1364517561384259586&entry.653903203=26428&usp=pp_url
",Negative,Yes,No,Yes,"['Music&TV', 'Advertisement']"
1583339932633821185,"https://docs.google.com/forms/d/e/1FAIpQLSffZugycOX3tUHW3uGhn5Cw0pj0fJDeIQf5oJ3EzZ-2vuj6Gg/viewform?entry.1274744182=https://twitter.com/hakankaleli/status/1583339932633821185&entry.653903203=26428&usp=pp_url
",Negative,Yes,Yes,Yes,['Democracy']
1588915997859545089,"https://docs.google.com/forms/d/e/1FAIpQLSffZugycOX3tUHW3uGhn5Cw0pj0fJDeIQf5oJ3EzZ-2vuj6Gg/viewform?entry.1274744182=https://twitter.com/MalcokFatih/status/1588915997859545089&entry.653903203=26428&usp=pp_url
",Negative,Yes,Yes,No,"['Crime&justice', 'Nationalsecurity']"
1594362766206570496,"https://docs.google.com/forms/d/e/1FAIpQLSffZugycOX3tUHW3uGhn5Cw0pj0fJDeIQf5oJ3EzZ-2vuj6Gg/viewform?entry.1274744182=https://twitter.com/0cnska0/status/1594362766206570496&entry.653903203=26428&usp=pp_url
",Positive,Yes,Yes,No,"['Unemployment', 'Education']"
1434787703783051264,"https://docs.google.com/forms/d/e/1FAIpQLSffZugycOX3tUHW3uGhn5Cw0pj0fJDeIQf5oJ3EzZ-2vuj6Gg/viewform?entry.1274744182=https://twitter.com/jerviajeon/status/1434787703783051264&entry.653903203=26428&usp=pp_url
",Positive,Yes,No,No,['nan']
1563610060752048128,"https://docs.google.com/forms/d/e/1FAIpQLSffZugycOX3tUHW3uGhn5Cw0pj0fJDeIQf5oJ3EzZ-2vuj6Gg/viewform?entry.1274744182=https://twitter.com/Nisa27390742/status/1563610060752048128&entry.653903203=26428&usp=pp_url
",Negative,Yes,Yes,No,"['Music&TV', 'Unemployment']"
1404031411934404617,"https://docs.google.com/forms/d/e/1FAIpQLSffZugycOX3tUHW3uGhn5Cw0pj0fJDeIQf5oJ3EzZ-2vuj6Gg/viewform?entry.1274744182=https://twitter.com/komiksoon/status/1404031411934404617&entry.653903203=26428&usp=pp_url
",Negative,Yes,No,Yes,['nan']
1587513781541797888,"https://docs.google.com/forms/d/e/1FAIpQLSffZugycOX3tUHW3uGhn5Cw0pj0fJDeIQf5oJ3EzZ-2vuj6Gg/viewform?entry.1274744182=https://twitter.com/Husrevzade/status/1587513781541797888&entry.653903203=26428&usp=pp_url
",Negative,Yes,Yes,No,"['Corruption', 'Health', 'Democracy', 'Nationalsecurity']"
1577287881860579328,"https://docs.google.com/forms/d/e/1FAIpQLSffZugycOX3tUHW3uGhn5Cw0pj0fJDeIQf5oJ3EzZ-2vuj6Gg/viewform?entry.1274744182=https://twitter.com/ssenikkk/status/1577287881860579328&entry.653903203=26428&usp=pp_url
",Negative,Yes,Yes,No,"['Economy', 'Unemployment', 'Health']"
1367571642604544000,"https://docs.google.com/forms/d/e/1FAIpQLSffZugycOX3tUHW3uGhn5Cw0pj0fJDeIQf5oJ3EzZ-2vuj6Gg/viewform?entry.1274744182=https://twitter.com/BakiDiren/status/1367571642604544000&entry.653903203=26428&usp=pp_url
",Positive,Yes,No,No,['nan']
1597150178804277248,"https://docs.google.com/forms/d/e/1FAIpQLSffZugycOX3tUHW3uGhn5Cw0pj0fJDeIQf5oJ3EzZ-2vuj6Gg/viewform?entry.1274744182=https://twitter.com/yunusutkucu/status/1597150178804277248&entry.653903203=26428&usp=pp_url
",Negative,Yes,Yes,No,"['Economy', 'Unemployment', 'Education']"
1596970015324278784,"https://docs.google.com/forms/d/e/1FAIpQLSffZugycOX3tUHW3uGhn5Cw0pj0fJDeIQf5oJ3EzZ-2vuj6Gg/viewform?entry.1274744182=https://twitter.com/EtQuelqun/status/1596970015324278784&entry.653903203=26428&usp=pp_url
",Negative,Yes,Yes,Yes,"['Democracy', 'Election']"
1592440587923632128,"https://docs.google.com/forms/d/e/1FAIpQLSffZugycOX3tUHW3uGhn5Cw0pj0fJDeIQf5oJ3EzZ-2vuj6Gg/viewform?entry.1274744182=https://twitter.com/AzizErguven/status/1592440587923632128&entry.653903203=26428&usp=pp_url
",Neutral,Yes,No,No,['nan']
1560971513645391873,"https://docs.google.com/forms/d/e/1FAIpQLSffZugycOX3tUHW3uGhn5Cw0pj0fJDeIQf5oJ3EzZ-2vuj6Gg/viewform?entry.1274744182=https://twitter.com/hsgldn20/status/1560971513645391873&entry.653903203=26428&usp=pp_url
",Negative,Yes,Yes,No,"['Unemployment', 'Education']"
1449501390578110466,"https://docs.google.com/forms/d/e/1FAIpQLSffZugycOX3tUHW3uGhn5Cw0pj0fJDeIQf5oJ3EzZ-2vuj6Gg/viewform?entry.1274744182=https://twitter.com/bkrusll/status/1449501390578110466&entry.653903203=26428&usp=pp_url
",Positive,Yes,No,No,['nan']
1395473482385960972,"https://docs.google.com/forms/d/e/1FAIpQLSffZugycOX3tUHW3uGhn5Cw0pj0fJDeIQf5oJ3EzZ-2vuj6Gg/viewform?entry.1274744182=https://twitter.com/matmazel659403/status/1395473482385960972&entry.653903203=26428&usp=pp_url
",Positive,Yes,No,No,['nan']
1592618335883386880,"https://docs.google.com/forms/d/e/1FAIpQLSffZugycOX3tUHW3uGhn5Cw0pj0fJDeIQf5oJ3EzZ-2vuj6Gg/viewform?entry.1274744182=https://twitter.com/fatihmetin/status/1592618335883386880&entry.653903203=26428&usp=pp_url
",Negative,Yes,Yes,No,"['Economy', 'Unemployment']"
1351264597169364992,"https://docs.google.com/forms/d/e/1FAIpQLSffZugycOX3tUHW3uGhn5Cw0pj0fJDeIQf5oJ3EzZ-2vuj6Gg/viewform?entry.1274744182=https://twitter.com/Shinoliaa/status/1351264597169364992&entry.653903203=26428&usp=pp_url
",Negative,Yes,No,Yes,['Minorities&discrimination']
1419633138167332865,"https://docs.google.com/forms/d/e/1FAIpQLSffZugycOX3tUHW3uGhn5Cw0pj0fJDeIQf5oJ3EzZ-2vuj6Gg/viewform?entry.1274744182=https://twitter.com/yagmurkitay/status/1419633138167332865&entry.653903203=26428&usp=pp_url
",Negative,Yes,No,No,['nan']
1567256445179117570,"https://docs.google.com/forms/d/e/1FAIpQLSffZugycOX3tUHW3uGhn5Cw0pj0fJDeIQf5oJ3EzZ-2vuj6Gg/viewform?entry.1274744182=https://twitter.com/mynet/status/1567256445179117570&entry.653903203=26428&usp=pp_url
",Neutral,No,Yes,No,"['News', 'Nationalsecurity']"
1356926480605982728,"https://docs.google.com/forms/d/e/1FAIpQLSffZugycOX3tUHW3uGhn5Cw0pj0fJDeIQf5oJ3EzZ-2vuj6Gg/viewform?entry.1274744182=https://twitter.com/Mucahityilmz61/status/1356926480605982728&entry.653903203=26428&usp=pp_url
",Positive,Yes,No,No,['nan']
1363229715037888516,"https://docs.google.com/forms/d/e/1FAIpQLSffZugycOX3tUHW3uGhn5Cw0pj0fJDeIQf5oJ3EzZ-2vuj6Gg/viewform?entry.1274744182=https://twitter.com/kacirilannuans/status/1363229715037888516&entry.653903203=26428&usp=pp_url
",Positive,Yes,No,No,['nan']
1555173242096189440,"https://docs.google.com/forms/d/e/1FAIpQLSffZugycOX3tUHW3uGhn5Cw0pj0fJDeIQf5oJ3EzZ-2vuj6Gg/viewform?entry.1274744182=https://twitter.com/cavdarm999/status/1555173242096189440&entry.653903203=26428&usp=pp_url
",Negative,Yes,Yes,No,"['Economy', 'Unemployment', 'Education']"
1383005118526844934,"https://docs.google.com/forms/d/e/1FAIpQLSffZugycOX3tUHW3uGhn5Cw0pj0fJDeIQf5oJ3EzZ-2vuj6Gg/viewform?entry.1274744182=https://twitter.com/kadiritu/status/1383005118526844934&entry.653903203=26428&usp=pp_url
",Neutral,No,No,No,['Minorities&discrimination']
1420407025847132171,"https://docs.google.com/forms/d/e/1FAIpQLSffZugycOX3tUHW3uGhn5Cw0pj0fJDeIQf5oJ3EzZ-2vuj6Gg/viewform?entry.1274744182=https://twitter.com/btsmembo/status/1420407025847132171&entry.653903203=26428&usp=pp_url
",,,,,
1555608244135120896,"https://docs.google.com/forms/d/e/1FAIpQLSffZugycOX3tUHW3uGhn5Cw0pj0fJDeIQf5oJ3EzZ-2vuj6Gg/viewform?entry.1274744182=https://twitter.com/Mustafa93394959/status/1555608244135120896&entry.653903203=26428&usp=pp_url
",Positive,Yes,No,No,['nan']
1564331667686395906,"https://docs.google.com/forms/d/e/1FAIpQLSffZugycOX3tUHW3uGhn5Cw0pj0fJDeIQf5oJ3EzZ-2vuj6Gg/viewform?entry.1274744182=https://twitter.com/idemKeser13/status/1564331667686395906&entry.653903203=26428&usp=pp_url
",Negative,Yes,Yes,No,['Education']
1589993032975544320,"https://docs.google.com/forms/d/e/1FAIpQLSffZugycOX3tUHW3uGhn5Cw0pj0fJDeIQf5oJ3EzZ-2vuj6Gg/viewform?entry.1274744182=https://twitter.com/hasannegr/status/1589993032975544320&entry.653903203=26428&usp=pp_url
",Negative,Yes,Yes,Yes,"['News', 'Democracy', 'Election']"
1551163840368414722,"https://docs.google.com/forms/d/e/1FAIpQLSffZugycOX3tUHW3uGhn5Cw0pj0fJDeIQf5oJ3EzZ-2vuj6Gg/viewform?entry.1274744182=https://twitter.com/SED58417690/status/1551163840368414722&entry.653903203=26428&usp=pp_url
",Negative,Yes,Yes,No,"['Economy', 'Unemployment', 'Education']"
1585506154251272193,"https://docs.google.com/forms/d/e/1FAIpQLSffZugycOX3tUHW3uGhn5Cw0pj0fJDeIQf5oJ3EzZ-2vuj6Gg/viewform?entry.1274744182=https://twitter.com/GedeneUmut/status/1585506154251272193&entry.653903203=26428&usp=pp_url
",Neutral,Yes,Yes,No,"['News', 'Democracy']"
1597995857961713664,"https://docs.google.com/forms/d/e/1FAIpQLSffZugycOX3tUHW3uGhn5Cw0pj0fJDeIQf5oJ3EzZ-2vuj6Gg/viewform?entry.1274744182=https://twitter.com/Muratbilim47/status/1597995857961713664&entry.653903203=26428&usp=pp_url
",Negative,Yes,No,Yes,"['Education', 'Health']"
1439991907279687683,"https://docs.google.com/forms/d/e/1FAIpQLSffZugycOX3tUHW3uGhn5Cw0pj0fJDeIQf5oJ3EzZ-2vuj6Gg/viewform?entry.1274744182=https://twitter.com/aydiinburaak/status/1439991907279687683&entry.653903203=26428&usp=pp_url
",Positive,Yes,No,No,['nan']
1597512443328167936,"https://docs.google.com/forms/d/e/1FAIpQLSffZugycOX3tUHW3uGhn5Cw0pj0fJDeIQf5oJ3EzZ-2vuj6Gg/viewform?entry.1274744182=https://twitter.com/MehmetA41362904/status/1597512443328167936&entry.653903203=26428&usp=pp_url
",Negative,Yes,Yes,No,"['Corruption', 'Democracy', 'Crime&justice']"
1596962004568141824,"https://docs.google.com/forms/d/e/1FAIpQLSffZugycOX3tUHW3uGhn5Cw0pj0fJDeIQf5oJ3EzZ-2vuj6Gg/viewform?entry.1274744182=https://twitter.com/zgr10821070/status/1596962004568141824&entry.653903203=26428&usp=pp_url
",Negative,Yes,Yes,No,"['Crime&justice', 'Nationalsecurity']"
1585383764737552384,"https://docs.google.com/forms/d/e/1FAIpQLSffZugycOX3tUHW3uGhn5Cw0pj0fJDeIQf5oJ3EzZ-2vuj6Gg/viewform?entry.1274744182=https://twitter.com/Lokmantrk13/status/1585383764737552384&entry.653903203=26428&usp=pp_url
",Neutral,Yes,Yes,No,"['News', 'Economy']"
1576514459161743360,"https://docs.google.com/forms/d/e/1FAIpQLSffZugycOX3tUHW3uGhn5Cw0pj0fJDeIQf5oJ3EzZ-2vuj6Gg/viewform?entry.1274744182=https://twitter.com/Mircimm/status/1576514459161743360&entry.653903203=26428&usp=pp_url
",Negative,Yes,Yes,No,"['Economy', 'Unemployment', 'Education', 'Health']"
1593947689955495936,"https://docs.google.com/forms/d/e/1FAIpQLSffZugycOX3tUHW3uGhn5Cw0pj0fJDeIQf5oJ3EzZ-2vuj6Gg/viewform?entry.1274744182=https://twitter.com/kenanyavuz/status/1593947689955495936&entry.653903203=26428&usp=pp_url
",Neutral,No,Yes,No,['nan']
1596118896209174528,"https://docs.google.com/forms/d/e/1FAIpQLSffZugycOX3tUHW3uGhn5Cw0pj0fJDeIQf5oJ3EzZ-2vuj6Gg/viewform?entry.1274744182=https://twitter.com/28sabrikontek/status/1596118896209174528&entry.653903203=26428&usp=pp_url
",Negative,Yes,Yes,Yes,"['Religion', 'News', 'Democracy', 'Minorities&discrimination']"
1562853131251118081,"https://docs.google.com/forms/d/e/1FAIpQLSffZugycOX3tUHW3uGhn5Cw0pj0fJDeIQf5oJ3EzZ-2vuj6Gg/viewform?entry.1274744182=https://twitter.com/akanturker/status/1562853131251118081&entry.653903203=26428&usp=pp_url
",Positive,Yes,Yes,No,"['News', 'Democracy', 'Election']"
1596931733529628672,"https://docs.google.com/forms/d/e/1FAIpQLSffZugycOX3tUHW3uGhn5Cw0pj0fJDeIQf5oJ3EzZ-2vuj6Gg/viewform?entry.1274744182=https://twitter.com/Diyaliz6334/status/1596931733529628672&entry.653903203=26428&usp=pp_url
",Negative,Yes,Yes,No,"['Economy', 'Inflation&poverty', 'Unemployment', 'Corruption', 'Crime&justice']"
1591797089134338048,"https://docs.google.com/forms/d/e/1FAIpQLSffZugycOX3tUHW3uGhn5Cw0pj0fJDeIQf5oJ3EzZ-2vuj6Gg/viewform?entry.1274744182=https://twitter.com/15binparamedik/status/1591797089134338048&entry.653903203=26428&usp=pp_url
",Neutral,Yes,Yes,No,"['Economy', 'Unemployment', 'Health']"
1591495410430152705,"https://docs.google.com/forms/d/e/1FAIpQLSffZugycOX3tUHW3uGhn5Cw0pj0fJDeIQf5oJ3EzZ-2vuj6Gg/viewform?entry.1274744182=https://twitter.com/SerkanKGM14/status/1591495410430152705&entry.653903203=26428&usp=pp_url
",,,,,
1392769743438991360,"https://docs.google.com/forms/d/e/1FAIpQLSffZugycOX3tUHW3uGhn5Cw0pj0fJDeIQf5oJ3EzZ-2vuj6Gg/viewform?entry.1274744182=https://twitter.com/itsnarcissuss/status/1392769743438991360&entry.653903203=26428&usp=pp_url
",Positive,Yes,No,No,['nan']
1433484780989976576,"https://docs.google.com/forms/d/e/1FAIpQLSffZugycOX3tUHW3uGhn5Cw0pj0fJDeIQf5oJ3EzZ-2vuj6Gg/viewform?entry.1274744182=https://twitter.com/amucamunoglu/status/1433484780989976576&entry.653903203=26428&usp=pp_url
",Negative,Yes,No,No,['Sports']
1590602499752448001,"https://docs.google.com/forms/d/e/1FAIpQLSffZugycOX3tUHW3uGhn5Cw0pj0fJDeIQf5oJ3EzZ-2vuj6Gg/viewform?entry.1274744182=https://twitter.com/mahmuthengil/status/1590602499752448001&entry.653903203=26428&usp=pp_url
",Positive,Yes,Yes,No,['nan']
1557293695493443584,"https://docs.google.com/forms/d/e/1FAIpQLSffZugycOX3tUHW3uGhn5Cw0pj0fJDeIQf5oJ3EzZ-2vuj6Gg/viewform?entry.1274744182=https://twitter.com/UmutALTINTA8/status/1557293695493443584&entry.653903203=26428&usp=pp_url
",Positive,Yes,Yes,No,"['Health', 'Terrorism', 'Nationalsecurity']"
1586025178920030208,"https://docs.google.com/forms/d/e/1FAIpQLSffZugycOX3tUHW3uGhn5Cw0pj0fJDeIQf5oJ3EzZ-2vuj6Gg/viewform?entry.1274744182=https://twitter.com/bozdemir_berkan/status/1586025178920030208&entry.653903203=26428&usp=pp_url
",Negative,Yes,Yes,No,"['Economy', 'Inflation&poverty', 'Unemployment', 'Corruption', 'Election']"
1587477503496577024,"https://docs.google.com/forms/d/e/1FAIpQLSffZugycOX3tUHW3uGhn5Cw0pj0fJDeIQf5oJ3EzZ-2vuj6Gg/viewform?entry.1274744182=https://twitter.com/_Kaya_Enes_/status/1587477503496577024&entry.653903203=26428&usp=pp_url
",Negative,Yes,Yes,No,"['Music&TV', 'Economy', 'Inflation&poverty', 'Unemployment']"
1584156866871193604,"https://docs.google.com/forms/d/e/1FAIpQLSffZugycOX3tUHW3uGhn5Cw0pj0fJDeIQf5oJ3EzZ-2vuj6Gg/viewform?entry.1274744182=https://twitter.com/EmrahBaykara12/status/1584156866871193604&entry.653903203=26428&usp=pp_url
",Negative,Yes,Yes,No,"['Unemployment', 'Democracy']"
1585971313977352199,"https://docs.google.com/forms/d/e/1FAIpQLSffZugycOX3tUHW3uGhn5Cw0pj0fJDeIQf5oJ3EzZ-2vuj6Gg/viewform?entry.1274744182=https://twitter.com/onemli_fatma_64/status/1585971313977352199&entry.653903203=26428&usp=pp_url
",Negative,Yes,Yes,No,"['Economy', 'Unemployment', 'Democracy', 'Crime&justice']"
1597502557793894403,"https://docs.google.com/forms/d/e/1FAIpQLSffZugycOX3tUHW3uGhn5Cw0pj0fJDeIQf5oJ3EzZ-2vuj6Gg/viewform?entry.1274744182=https://twitter.com/HulagHan4/status/1597502557793894403&entry.653903203=26428&usp=pp_url
",Neutral,No,Yes,No,['Democracy']
1547965200422187008,"https://docs.google.com/forms/d/e/1FAIpQLSffZugycOX3tUHW3uGhn5Cw0pj0fJDeIQf5oJ3EzZ-2vuj6Gg/viewform?entry.1274744182=https://twitter.com/AlperKalender34/status/1547965200422187008&entry.653903203=26428&usp=pp_url
",Neutral,No,Yes,No,['News']
1588452263047069697,"https://docs.google.com/forms/d/e/1FAIpQLSffZugycOX3tUHW3uGhn5Cw0pj0fJDeIQf5oJ3EzZ-2vuj6Gg/viewform?entry.1274744182=https://twitter.com/mtfdan/status/1588452263047069697&entry.653903203=26428&usp=pp_url
",Negative,Yes,No,Yes,"['Religion', 'News']"
1594246341969985544,"https://docs.google.com/forms/d/e/1FAIpQLSffZugycOX3tUHW3uGhn5Cw0pj0fJDeIQf5oJ3EzZ-2vuj6Gg/viewform?entry.1274744182=https://twitter.com/ibrahimavcu10/status/1594246341969985544&entry.653903203=26428&usp=pp_url
",Negative,Yes,Yes,No,['Economy']
1381735173016989702,"https://docs.google.com/forms/d/e/1FAIpQLSffZugycOX3tUHW3uGhn5Cw0pj0fJDeIQf5oJ3EzZ-2vuj6Gg/viewform?entry.1274744182=https://twitter.com/kyuhyunistan/status/1381735173016989702&entry.653903203=26428&usp=pp_url
",Positive,Yes,No,Yes,['Music&TV']
1596882503272628224,"https://docs.google.com/forms/d/e/1FAIpQLSffZugycOX3tUHW3uGhn5Cw0pj0fJDeIQf5oJ3EzZ-2vuj6Gg/viewform?entry.1274744182=https://twitter.com/FurkanE14427467/status/1596882503272628224&entry.653903203=26428&usp=pp_url
",Negative,Yes,Yes,No,"['Economy', 'Unemployment']"
1579558096833511424,"https://docs.google.com/forms/d/e/1FAIpQLSffZugycOX3tUHW3uGhn5Cw0pj0fJDeIQf5oJ3EzZ-2vuj6Gg/viewform?entry.1274744182=https://twitter.com/hiranur55508054/status/1579558096833511424&entry.653903203=26428&usp=pp_url
",Negative,Yes,Yes,No,"['Unemployment', 'Education', 'Crime&justice', 'Nationalsecurity']"
1573921791407542272,"https://docs.google.com/forms/d/e/1FAIpQLSffZugycOX3tUHW3uGhn5Cw0pj0fJDeIQf5oJ3EzZ-2vuj6Gg/viewform?entry.1274744182=https://twitter.com/kayabey0221/status/1573921791407542272&entry.653903203=26428&usp=pp_url
",Negative,Yes,Yes,No,"['Economy', 'Unemployment', 'Education', 'Crime&justice', 'Nationalsecurity']"
1364195504716795905,"https://docs.google.com/forms/d/e/1FAIpQLSffZugycOX3tUHW3uGhn5Cw0pj0fJDeIQf5oJ3EzZ-2vuj6Gg/viewform?entry.1274744182=https://twitter.com/semicheolo/status/1364195504716795905&entry.653903203=26428&usp=pp_url
",Neutral,No,No,No,['Music&TV']
1591481890208641024,"https://docs.google.com/forms/d/e/1FAIpQLSffZugycOX3tUHW3uGhn5Cw0pj0fJDeIQf5oJ3EzZ-2vuj6Gg/viewform?entry.1274744182=https://twitter.com/SonCaleb/status/1591481890208641024&entry.653903203=26428&usp=pp_url
",Neutral,No,No,No,['Advertisement']
1593528326571798529,"https://docs.google.com/forms/d/e/1FAIpQLSffZugycOX3tUHW3uGhn5Cw0pj0fJDeIQf5oJ3EzZ-2vuj6Gg/viewform?entry.1274744182=https://twitter.com/FarnanGolden/status/1593528326571798529&entry.653903203=26428&usp=pp_url
",Negative,Yes,Yes,Yes,"['News', 'Democracy']"
1403937640286769152,"https://docs.google.com/forms/d/e/1FAIpQLSffZugycOX3tUHW3uGhn5Cw0pj0fJDeIQf5oJ3EzZ-2vuj6Gg/viewform?entry.1274744182=https://twitter.com/melihtmbl/status/1403937640286769152&entry.653903203=26428&usp=pp_url
",Negative,Yes,Yes,Yes,"['News', 'Democracy']"
1593277405786931200,"https://docs.google.com/forms/d/e/1FAIpQLSffZugycOX3tUHW3uGhn5Cw0pj0fJDeIQf5oJ3EzZ-2vuj6Gg/viewform?entry.1274744182=https://twitter.com/iyilikiyidir01/status/1593277405786931200&entry.653903203=26428&usp=pp_url
",Negative,Yes,Yes,No,"['Democracy', 'Crime&justice']"
1424299102121173001,"https://docs.google.com/forms/d/e/1FAIpQLSffZugycOX3tUHW3uGhn5Cw0pj0fJDeIQf5oJ3EzZ-2vuj6Gg/viewform?entry.1274744182=https://twitter.com/suveyda58/status/1424299102121173001&entry.653903203=26428&usp=pp_url
",Negative,Yes,Yes,Yes,"['News', 'Democracy']"
1594269931608379392,"https://docs.google.com/forms/d/e/1FAIpQLSffZugycOX3tUHW3uGhn5Cw0pj0fJDeIQf5oJ3EzZ-2vuj6Gg/viewform?entry.1274744182=https://twitter.com/yasmin73059712/status/1594269931608379392&entry.653903203=26428&usp=pp_url
",Neutral,Yes,Yes,No,"['Unemployment', 'Education']"
1589286680795951105,"https://docs.google.com/forms/d/e/1FAIpQLSffZugycOX3tUHW3uGhn5Cw0pj0fJDeIQf5oJ3EzZ-2vuj6Gg/viewform?entry.1274744182=https://twitter.com/Ferdaevren1993/status/1589286680795951105&entry.653903203=26428&usp=pp_url
",,,,,
1377012057049022464,"https://docs.google.com/forms/d/e/1FAIpQLSffZugycOX3tUHW3uGhn5Cw0pj0fJDeIQf5oJ3EzZ-2vuj6Gg/viewform?entry.1274744182=https://twitter.com/FiKahlo/status/1377012057049022464&entry.653903203=26428&usp=pp_url
",Positive,Yes,No,No,"['Music&TV', 'Election']"
1387188930475433985,"https://docs.google.com/forms/d/e/1FAIpQLSffZugycOX3tUHW3uGhn5Cw0pj0fJDeIQf5oJ3EzZ-2vuj6Gg/viewform?entry.1274744182=https://twitter.com/bievkedisi/status/1387188930475433985&entry.653903203=26428&usp=pp_url
",Negative,Yes,No,No,['Health']
1584508447877656578,"https://docs.google.com/forms/d/e/1FAIpQLSffZugycOX3tUHW3uGhn5Cw0pj0fJDeIQf5oJ3EzZ-2vuj6Gg/viewform?entry.1274744182=https://twitter.com/Y89274228Mehmet/status/1584508447877656578&entry.653903203=26428&usp=pp_url
",Negative,Yes,Yes,No,"['Corruption', 'Democracy', 'Election', 'Crime&justice', 'Terrorism', 'Foreignpolicy']"
1597659961911570432,"https://docs.google.com/forms/d/e/1FAIpQLSffZugycOX3tUHW3uGhn5Cw0pj0fJDeIQf5oJ3EzZ-2vuj6Gg/viewform?entry.1274744182=https://twitter.com/KayraMete10/status/1597659961911570432&entry.653903203=26428&usp=pp_url
",Negative,Yes,Yes,No,"['Economy', 'Unemployment', 'Health']"
1576806427896606724,"https://docs.google.com/forms/d/e/1FAIpQLSffZugycOX3tUHW3uGhn5Cw0pj0fJDeIQf5oJ3EzZ-2vuj6Gg/viewform?entry.1274744182=https://twitter.com/hiranur55508054/status/1576806427896606724&entry.653903203=26428&usp=pp_url
",Negative,Yes,Yes,No,"['News', 'Unemployment', 'Education', 'Democracy', 'Crime&justice', 'Terrorism', 'Nationalsecurity']"
1584443709302910977,"https://docs.google.com/forms/d/e/1FAIpQLSffZugycOX3tUHW3uGhn5Cw0pj0fJDeIQf5oJ3EzZ-2vuj6Gg/viewform?entry.1274744182=https://twitter.com/_Lanet_KHK_/status/1584443709302910977&entry.653903203=26428&usp=pp_url
",Positive,Yes,Yes,No,"['News', 'Democracy', 'Election']"
1596454746797543424,"https://docs.google.com/forms/d/e/1FAIpQLSffZugycOX3tUHW3uGhn5Cw0pj0fJDeIQf5oJ3EzZ-2vuj6Gg/viewform?entry.1274744182=https://twitter.com/Nihat09008124/status/1596454746797543424&entry.653903203=26428&usp=pp_url
",Negative,Yes,Yes,Yes,"['News', 'Democracy', 'Nationalsecurity', 'Foreignpolicy']"
1591151944776970240,"https://docs.google.com/forms/d/e/1FAIpQLSffZugycOX3tUHW3uGhn5Cw0pj0fJDeIQf5oJ3EzZ-2vuj6Gg/viewform?entry.1274744182=https://twitter.com/Tamersoyer4/status/1591151944776970240&entry.653903203=26428&usp=pp_url
",Negative,Yes,Yes,No,"['Economy', 'Unemployment', 'Democracy', 'Crime&justice', 'Nationalsecurity']"
1427746815420604417,"https://docs.google.com/forms/d/e/1FAIpQLSffZugycOX3tUHW3uGhn5Cw0pj0fJDeIQf5oJ3EzZ-2vuj6Gg/viewform?entry.1274744182=https://twitter.com/venxzhan/status/1427746815420604417&entry.653903203=26428&usp=pp_url
",Negative,Yes,No,No,['Music&TV']
1574622581684162560,"https://docs.google.com/forms/d/e/1FAIpQLSffZugycOX3tUHW3uGhn5Cw0pj0fJDeIQf5oJ3EzZ-2vuj6Gg/viewform?entry.1274744182=https://twitter.com/MuratYigit89/status/1574622581684162560&entry.653903203=26428&usp=pp_url
",Positive,Yes,Yes,No,"['Democracy', 'Election']"
1551131589429559298,"https://docs.google.com/forms/d/e/1FAIpQLSffZugycOX3tUHW3uGhn5Cw0pj0fJDeIQf5oJ3EzZ-2vuj6Gg/viewform?entry.1274744182=https://twitter.com/CHPYenisehir33/status/1551131589429559298&entry.653903203=26428&usp=pp_url
",Neutral,No,Yes,No,"['News', 'Democracy', 'Election']"
1434166096614002691,"https://docs.google.com/forms/d/e/1FAIpQLSffZugycOX3tUHW3uGhn5Cw0pj0fJDeIQf5oJ3EzZ-2vuj6Gg/viewform?entry.1274744182=https://twitter.com/koroglusefik/status/1434166096614002691&entry.653903203=26428&usp=pp_url
",Positive,Yes,No,No,['nan']
1577024342268837888,"https://docs.google.com/forms/d/e/1FAIpQLSffZugycOX3tUHW3uGhn5Cw0pj0fJDeIQf5oJ3EzZ-2vuj6Gg/viewform?entry.1274744182=https://twitter.com/HasAngarali/status/1577024342268837888&entry.653903203=26428&usp=pp_url
",Negative,Yes,Yes,Yes,"['News', 'Corruption', 'Democracy']"
1399356605515407365,"https://docs.google.com/forms/d/e/1FAIpQLSffZugycOX3tUHW3uGhn5Cw0pj0fJDeIQf5oJ3EzZ-2vuj6Gg/viewform?entry.1274744182=https://twitter.com/Fatina02679667/status/1399356605515407365&entry.653903203=26428&usp=pp_url
",Positive,No,No,No,['nan']
1589983265255206915,"https://docs.google.com/forms/d/e/1FAIpQLSffZugycOX3tUHW3uGhn5Cw0pj0fJDeIQf5oJ3EzZ-2vuj6Gg/viewform?entry.1274744182=https://twitter.com/EylemDe86555466/status/1589983265255206915&entry.653903203=26428&usp=pp_url
",Negative,Yes,Yes,No,"['Democracy', 'Crime&justice']"
1578467517307109376,"https://docs.google.com/forms/d/e/1FAIpQLSffZugycOX3tUHW3uGhn5Cw0pj0fJDeIQf5oJ3EzZ-2vuj6Gg/viewform?entry.1274744182=https://twitter.com/bar_sumeyye/status/1578467517307109376&entry.653903203=26428&usp=pp_url
",Negative,Yes,Yes,No,"['Economy', 'Unemployment', 'Health']"
1559963768372740098,"https://docs.google.com/forms/d/e/1FAIpQLSffZugycOX3tUHW3uGhn5Cw0pj0fJDeIQf5oJ3EzZ-2vuj6Gg/viewform?entry.1274744182=https://twitter.com/awfhdsr6/status/1559963768372740098&entry.653903203=26428&usp=pp_url
",Negative,Yes,Yes,No,"['News', 'Economy', 'Unemployment', 'Education', 'Health', 'Democracy', 'Crime&justice']"
1585766233491886081,"https://docs.google.com/forms/d/e/1FAIpQLSffZugycOX3tUHW3uGhn5Cw0pj0fJDeIQf5oJ3EzZ-2vuj6Gg/viewform?entry.1274744182=https://twitter.com/ekalkanli2023/status/1585766233491886081&entry.653903203=26428&usp=pp_url
",Negative,Yes,Yes,Yes,"['News', 'Unemployment', 'Corruption', 'Democracy', 'Election', 'Crime&justice']"
1591490357946195968,"https://docs.google.com/forms/d/e/1FAIpQLSffZugycOX3tUHW3uGhn5Cw0pj0fJDeIQf5oJ3EzZ-2vuj6Gg/viewform?entry.1274744182=https://twitter.com/betulozkn__/status/1591490357946195968&entry.653903203=26428&usp=pp_url
",Negative,Yes,Yes,No,"['News', 'Economy', 'Unemployment', 'Health', 'Crime&justice', 'Nationalsecurity']"
1589727165104676864,"https://docs.google.com/forms/d/e/1FAIpQLSffZugycOX3tUHW3uGhn5Cw0pj0fJDeIQf5oJ3EzZ-2vuj6Gg/viewform?entry.1274744182=https://twitter.com/AltanHa25967098/status/1589727165104676864&entry.653903203=26428&usp=pp_url
",Positive,Yes,Yes,No,"['Advertisement', 'News', 'Economy', 'Democracy', 'Election', 'Nationalsecurity', 'Foreignpolicy']"
1595500966983438346,"https://docs.google.com/forms/d/e/1FAIpQLSffZugycOX3tUHW3uGhn5Cw0pj0fJDeIQf5oJ3EzZ-2vuj6Gg/viewform?entry.1274744182=https://twitter.com/LaborantKbr/status/1595500966983438346&entry.653903203=26428&usp=pp_url
",Negative,Yes,Yes,No,"['Economy', 'Unemployment', 'Health', 'Democracy']"
1567137357110861827,"https://docs.google.com/forms/d/e/1FAIpQLSffZugycOX3tUHW3uGhn5Cw0pj0fJDeIQf5oJ3EzZ-2vuj6Gg/viewform?entry.1274744182=https://twitter.com/DevrimKRDLN/status/1567137357110861827&entry.653903203=26428&usp=pp_url
",Negative,Yes,Yes,No,"['News', 'Unemployment', 'Education', 'Crime&justice']"
1576338307772207105,"https://docs.google.com/forms/d/e/1FAIpQLSffZugycOX3tUHW3uGhn5Cw0pj0fJDeIQf5oJ3EzZ-2vuj6Gg/viewform?entry.1274744182=https://twitter.com/ozsoy_34/status/1576338307772207105&entry.653903203=26428&usp=pp_url
",Positive,Yes,Yes,No,"['News', 'Economy', 'Education', 'Democracy', 'Election']"
1365774231091499008,"https://docs.google.com/forms/d/e/1FAIpQLSffZugycOX3tUHW3uGhn5Cw0pj0fJDeIQf5oJ3EzZ-2vuj6Gg/viewform?entry.1274744182=https://twitter.com/Serhatkrky__/status/1365774231091499008&entry.653903203=26428&usp=pp_url
",Neutral,Yes,No,No,['nan']
1415032260571680768,"https://docs.google.com/forms/d/e/1FAIpQLSffZugycOX3tUHW3uGhn5Cw0pj0fJDeIQf5oJ3EzZ-2vuj6Gg/viewform?entry.1274744182=https://twitter.com/savasxozkan/status/1415032260571680768&entry.653903203=26428&usp=pp_url
",Positive,Yes,No,No,['nan']
1590664685925597184,"https://docs.google.com/forms/d/e/1FAIpQLSffZugycOX3tUHW3uGhn5Cw0pj0fJDeIQf5oJ3EzZ-2vuj6Gg/viewform?entry.1274744182=https://twitter.com/Neslihan961518/status/1590664685925597184&entry.653903203=26428&usp=pp_url
",Negative,Yes,Yes,No,"['Economy', 'Inflation&poverty', 'Unemployment', 'Democracy', 'Crime&justice', 'Minorities&discrimination']"
1597358508554743808,"https://docs.google.com/forms/d/e/1FAIpQLSffZugycOX3tUHW3uGhn5Cw0pj0fJDeIQf5oJ3EzZ-2vuj6Gg/viewform?entry.1274744182=https://twitter.com/lokmanozkum/status/1597358508554743808&entry.653903203=26428&usp=pp_url
",Positive,Yes,No,No,"['Religion', 'Terrorism', 'Nationalsecurity']"
1591134795379396608,"https://docs.google.com/forms/d/e/1FAIpQLSffZugycOX3tUHW3uGhn5Cw0pj0fJDeIQf5oJ3EzZ-2vuj6Gg/viewform?entry.1274744182=https://twitter.com/nurayytugbaa/status/1591134795379396608&entry.653903203=26428&usp=pp_url
",Negative,Yes,Yes,No,"['News', 'Economy', 'Unemployment']"
1571966189764579332,"https://docs.google.com/forms/d/e/1FAIpQLSffZugycOX3tUHW3uGhn5Cw0pj0fJDeIQf5oJ3EzZ-2vuj6Gg/viewform?entry.1274744182=https://twitter.com/ghostsolgiers/status/1571966189764579332&entry.653903203=26428&usp=pp_url
",Negative,Yes,Yes,No,"['Advertisement', 'News', 'Economy', 'Education', 'Democracy']"
1365726640416976906,"https://docs.google.com/forms/d/e/1FAIpQLSffZugycOX3tUHW3uGhn5Cw0pj0fJDeIQf5oJ3EzZ-2vuj6Gg/viewform?entry.1274744182=https://twitter.com/minminsoz/status/1365726640416976906&entry.653903203=26428&usp=pp_url
",Positive,Yes,No,No,['nan']
1589959511535923200,"https://docs.google.com/forms/d/e/1FAIpQLSffZugycOX3tUHW3uGhn5Cw0pj0fJDeIQf5oJ3EzZ-2vuj6Gg/viewform?entry.1274744182=https://twitter.com/Karlx53129954/status/1589959511535923200&entry.653903203=26428&usp=pp_url
",Negative,Yes,Yes,No,"['Music&TV', 'Democracy', 'Terrorism', 'Nationalsecurity']"
1585662582626598918,"https://docs.google.com/forms/d/e/1FAIpQLSffZugycOX3tUHW3uGhn5Cw0pj0fJDeIQf5oJ3EzZ-2vuj6Gg/viewform?entry.1274744182=https://twitter.com/Hasan0606Yalcin/status/1585662582626598918&entry.653903203=26428&usp=pp_url
",Positive,Yes,Yes,No,['Democracy']
1592110611722547200,"https://docs.google.com/forms/d/e/1FAIpQLSffZugycOX3tUHW3uGhn5Cw0pj0fJDeIQf5oJ3EzZ-2vuj6Gg/viewform?entry.1274744182=https://twitter.com/Srkn_VRL/status/1592110611722547200&entry.653903203=26428&usp=pp_url
",Negative,Yes,Yes,Yes,"['News', 'Democracy']"
1548636597628899328,"https://docs.google.com/forms/d/e/1FAIpQLSffZugycOX3tUHW3uGhn5Cw0pj0fJDeIQf5oJ3EzZ-2vuj6Gg/viewform?entry.1274744182=https://twitter.com/canbulut3460/status/1548636597628899328&entry.653903203=26428&usp=pp_url
",Neutral,No,Yes,No,['nan']
1591088345471651841,"https://docs.google.com/forms/d/e/1FAIpQLSffZugycOX3tUHW3uGhn5Cw0pj0fJDeIQf5oJ3EzZ-2vuj6Gg/viewform?entry.1274744182=https://twitter.com/erolhb38/status/1591088345471651841&entry.653903203=26428&usp=pp_url
",Negative,Yes,Yes,Yes,"['Corruption', 'Crime&justice', 'Terrorism', 'Foreignpolicy']"
1591099406811820032,"https://docs.google.com/forms/d/e/1FAIpQLSffZugycOX3tUHW3uGhn5Cw0pj0fJDeIQf5oJ3EzZ-2vuj6Gg/viewform?entry.1274744182=https://twitter.com/SinusMedya/status/1591099406811820032&entry.653903203=26428&usp=pp_url
",Neutral,No,Yes,No,"['News', 'Crime&justice']"
1439547067337256967,"https://docs.google.com/forms/d/e/1FAIpQLSffZugycOX3tUHW3uGhn5Cw0pj0fJDeIQf5oJ3EzZ-2vuj6Gg/viewform?entry.1274744182=https://twitter.com/_melek_3451/status/1439547067337256967&entry.653903203=26428&usp=pp_url
",Positive,Yes,No,No,['nan']
1585634359612420101,"https://docs.google.com/forms/d/e/1FAIpQLSffZugycOX3tUHW3uGhn5Cw0pj0fJDeIQf5oJ3EzZ-2vuj6Gg/viewform?entry.1274744182=https://twitter.com/mustafasenol45/status/1585634359612420101&entry.653903203=26428&usp=pp_url
",Negative,Yes,Yes,No,"['Corruption', 'Democracy', 'Election', 'Crime&justice', 'Nationalsecurity']"
1583778355715133442,"https://docs.google.com/forms/d/e/1FAIpQLSffZugycOX3tUHW3uGhn5Cw0pj0fJDeIQf5oJ3EzZ-2vuj6Gg/viewform?entry.1274744182=https://twitter.com/mehmetkrdnz1/status/1583778355715133442&entry.653903203=26428&usp=pp_url
",Negative,Yes,Yes,Yes,"['Democracy', 'Election', 'Foreignpolicy']"
1592599067800272896,"https://docs.google.com/forms/d/e/1FAIpQLSffZugycOX3tUHW3uGhn5Cw0pj0fJDeIQf5oJ3EzZ-2vuj6Gg/viewform?entry.1274744182=https://twitter.com/nn0707_nn/status/1592599067800272896&entry.653903203=26428&usp=pp_url
",Negative,Yes,Yes,No,"['Economy', 'Unemployment', 'Corruption']"
1593334341077278723,"https://docs.google.com/forms/d/e/1FAIpQLSffZugycOX3tUHW3uGhn5Cw0pj0fJDeIQf5oJ3EzZ-2vuj6Gg/viewform?entry.1274744182=https://twitter.com/AliSahin501/status/1593334341077278723&entry.653903203=26428&usp=pp_url
",Neutral,No,No,No,"['Advertisement', 'Education']"
1585868972901253120,"https://docs.google.com/forms/d/e/1FAIpQLSffZugycOX3tUHW3uGhn5Cw0pj0fJDeIQf5oJ3EzZ-2vuj6Gg/viewform?entry.1274744182=https://twitter.com/maltepeakparti/status/1585868972901253120&entry.653903203=26428&usp=pp_url
",Positive,Yes,Yes,No,"['Advertisement', 'Democracy', 'Election']"
1367365363357388803,"https://docs.google.com/forms/d/e/1FAIpQLSffZugycOX3tUHW3uGhn5Cw0pj0fJDeIQf5oJ3EzZ-2vuj6Gg/viewform?entry.1274744182=https://twitter.com/mertvura/status/1367365363357388803&entry.653903203=26428&usp=pp_url
",Positive,Yes,No,No,['nan']
1564926450096013313,"https://docs.google.com/forms/d/e/1FAIpQLSffZugycOX3tUHW3uGhn5Cw0pj0fJDeIQf5oJ3EzZ-2vuj6Gg/viewform?entry.1274744182=https://twitter.com/sbolusonsoz/status/1564926450096013313&entry.653903203=26428&usp=pp_url
",Neutral,No,No,No,"['Advertisement', 'News', 'Economy']"
1422148853592121346,"https://docs.google.com/forms/d/e/1FAIpQLSffZugycOX3tUHW3uGhn5Cw0pj0fJDeIQf5oJ3EzZ-2vuj6Gg/viewform?entry.1274744182=https://twitter.com/m_krat/status/1422148853592121346&entry.653903203=26428&usp=pp_url
",Negative,Yes,Yes,Yes,"['News', 'Economy', 'Crime&justice', 'Nationalsecurity']"
1595464338759983105,"https://docs.google.com/forms/d/e/1FAIpQLSffZugycOX3tUHW3uGhn5Cw0pj0fJDeIQf5oJ3EzZ-2vuj6Gg/viewform?entry.1274744182=https://twitter.com/OznurAkgun/status/1595464338759983105&entry.653903203=26428&usp=pp_url
",Negative,Yes,Yes,No,"['News', 'Democracy', 'Crime&justice', 'Terrorism', 'Nationalsecurity']"
1598022908789784576,"https://docs.google.com/forms/d/e/1FAIpQLSffZugycOX3tUHW3uGhn5Cw0pj0fJDeIQf5oJ3EzZ-2vuj6Gg/viewform?entry.1274744182=https://twitter.com/Trader_Murti/status/1598022908789784576&entry.653903203=26428&usp=pp_url
",Negative,Yes,Yes,No,"['Economy', 'Unemployment']"
1587539753771089921,"https://docs.google.com/forms/d/e/1FAIpQLSffZugycOX3tUHW3uGhn5Cw0pj0fJDeIQf5oJ3EzZ-2vuj6Gg/viewform?entry.1274744182=https://twitter.com/fermuarl/status/1587539753771089921&entry.653903203=26428&usp=pp_url
",Negative,Yes,Yes,No,"['News', 'Democracy', 'Election']"
1587191891388469248,"https://docs.google.com/forms/d/e/1FAIpQLSffZugycOX3tUHW3uGhn5Cw0pj0fJDeIQf5oJ3EzZ-2vuj6Gg/viewform?entry.1274744182=https://twitter.com/ayzunn/status/1587191891388469248&entry.653903203=26428&usp=pp_url
",Negative,Yes,Yes,No,"['News', 'Corruption', 'Democracy', 'Election']"
1593682766469730304,"https://docs.google.com/forms/d/e/1FAIpQLSffZugycOX3tUHW3uGhn5Cw0pj0fJDeIQf5oJ3EzZ-2vuj6Gg/viewform?entry.1274744182=https://twitter.com/MehmetSalihzer6/status/1593682766469730304&entry.653903203=26428&usp=pp_url
",Negative,Yes,Yes,No,"['News', 'Economy', 'Unemployment', 'Education', 'Democracy', 'Nationalsecurity']"
1597274845381029888,"https://docs.google.com/forms/d/e/1FAIpQLSffZugycOX3tUHW3uGhn5Cw0pj0fJDeIQf5oJ3EzZ-2vuj6Gg/viewform?entry.1274744182=https://twitter.com/ygzunsl/status/1597274845381029888&entry.653903203=26428&usp=pp_url
",Positive,Yes,Yes,Yes,"['Democracy', 'Crime&justice']"
1584885146033192962,"https://docs.google.com/forms/d/e/1FAIpQLSffZugycOX3tUHW3uGhn5Cw0pj0fJDeIQf5oJ3EzZ-2vuj6Gg/viewform?entry.1274744182=https://twitter.com/musavir_kgm/status/1584885146033192962&entry.653903203=26428&usp=pp_url
",Negative,Yes,Yes,No,"['Economy', 'Unemployment', 'Crime&justice']"
1597627612586971136,"https://docs.google.com/forms/d/e/1FAIpQLSffZugycOX3tUHW3uGhn5Cw0pj0fJDeIQf5oJ3EzZ-2vuj6Gg/viewform?entry.1274744182=https://twitter.com/Sevda83335850/status/1597627612586971136&entry.653903203=26428&usp=pp_url
",Positive,Yes,Yes,No,"['Education', 'Democracy']"
1598055833778409477,"https://docs.google.com/forms/d/e/1FAIpQLSffZugycOX3tUHW3uGhn5Cw0pj0fJDeIQf5oJ3EzZ-2vuj6Gg/viewform?entry.1274744182=https://twitter.com/Mn79246700/status/1598055833778409477&entry.653903203=26428&usp=pp_url
",Negative,Yes,Yes,No,"['Economy', 'Unemployment', 'Democracy']"
1441111333039001603,"https://docs.google.com/forms/d/e/1FAIpQLSffZugycOX3tUHW3uGhn5Cw0pj0fJDeIQf5oJ3EzZ-2vuj6Gg/viewform?entry.1274744182=https://twitter.com/bizzatkrispi/status/1441111333039001603&entry.653903203=26428&usp=pp_url
",Neutral,Yes,No,No,['nan']
1590438408316669952,"https://docs.google.com/forms/d/e/1FAIpQLSffZugycOX3tUHW3uGhn5Cw0pj0fJDeIQf5oJ3EzZ-2vuj6Gg/viewform?entry.1274744182=https://twitter.com/LKER350248291/status/1590438408316669952&entry.653903203=26428&usp=pp_url
",Negative,Yes,Yes,No,"['Economy', 'Democracy', 'Nationalsecurity']"
1589586208979460096,"https://docs.google.com/forms/d/e/1FAIpQLSffZugycOX3tUHW3uGhn5Cw0pj0fJDeIQf5oJ3EzZ-2vuj6Gg/viewform?entry.1274744182=https://twitter.com/043aa043/status/1589586208979460096&entry.653903203=26428&usp=pp_url
",Positive,Yes,Yes,No,"['Democracy', 'Election']"
1595350814708715520,"https://docs.google.com/forms/d/e/1FAIpQLSffZugycOX3tUHW3uGhn5Cw0pj0fJDeIQf5oJ3EzZ-2vuj6Gg/viewform?entry.1274744182=https://twitter.com/kamuranakmar1/status/1595350814708715520&entry.653903203=26428&usp=pp_url
",Negative,Yes,Yes,No,"['Economy', 'Unemployment', 'Education']"
1555844607082205184,"https://docs.google.com/forms/d/e/1FAIpQLSffZugycOX3tUHW3uGhn5Cw0pj0fJDeIQf5oJ3EzZ-2vuj6Gg/viewform?entry.1274744182=https://twitter.com/mgdgn68/status/1555844607082205184&entry.653903203=26428&usp=pp_url
",Positive,Yes,No,No,"['News', 'Health', 'Nationalsecurity']"
1596394245874647040,"https://docs.google.com/forms/d/e/1FAIpQLSffZugycOX3tUHW3uGhn5Cw0pj0fJDeIQf5oJ3EzZ-2vuj6Gg/viewform?entry.1274744182=https://twitter.com/efendi_inan/status/1596394245874647040&entry.653903203=26428&usp=pp_url
",Negative,Yes,Yes,Yes,"['News', 'Corruption', 'Nationalsecurity']"
1402113498054811654,"https://docs.google.com/forms/d/e/1FAIpQLSffZugycOX3tUHW3uGhn5Cw0pj0fJDeIQf5oJ3EzZ-2vuj6Gg/viewform?entry.1274744182=https://twitter.com/ercanari42/status/1402113498054811654&entry.653903203=26428&usp=pp_url
",Negative,Yes,No,Yes,"['News', 'Health', 'Crime&justice']"
1588647694377308160,"https://docs.google.com/forms/d/e/1FAIpQLSffZugycOX3tUHW3uGhn5Cw0pj0fJDeIQf5oJ3EzZ-2vuj6Gg/viewform?entry.1274744182=https://twitter.com/sabahazadi/status/1588647694377308160&entry.653903203=26428&usp=pp_url
",Negative,Yes,Yes,Yes,"['Terrorism', 'Nationalsecurity']"
1595145639863922688,"https://docs.google.com/forms/d/e/1FAIpQLSffZugycOX3tUHW3uGhn5Cw0pj0fJDeIQf5oJ3EzZ-2vuj6Gg/viewform?entry.1274744182=https://twitter.com/Eneserms42/status/1595145639863922688&entry.653903203=26428&usp=pp_url
",Positive,Yes,Yes,No,"['Economy', 'Unemployment', 'Health']"
1597221835158228995,"https://docs.google.com/forms/d/e/1FAIpQLSffZugycOX3tUHW3uGhn5Cw0pj0fJDeIQf5oJ3EzZ-2vuj6Gg/viewform?entry.1274744182=https://twitter.com/FerhatHosay/status/1597221835158228995&entry.653903203=26428&usp=pp_url
",Negative,Yes,No,No,"['News', 'Democracy']"
1584516888050401286,"https://docs.google.com/forms/d/e/1FAIpQLSffZugycOX3tUHW3uGhn5Cw0pj0fJDeIQf5oJ3EzZ-2vuj6Gg/viewform?entry.1274744182=https://twitter.com/OdedeYksl/status/1584516888050401286&entry.653903203=26428&usp=pp_url
",Negative,Yes,Yes,Yes,"['News', 'Health', 'Democracy', 'Crime&justice', 'Terrorism', 'Nationalsecurity']"
1434633716190560259,"https://docs.google.com/forms/d/e/1FAIpQLSffZugycOX3tUHW3uGhn5Cw0pj0fJDeIQf5oJ3EzZ-2vuj6Gg/viewform?entry.1274744182=https://twitter.com/rabiabede/status/1434633716190560259&entry.653903203=26428&usp=pp_url
",Positive,Yes,No,No,['nan']
1574824113016901647,"https://docs.google.com/forms/d/e/1FAIpQLSffZugycOX3tUHW3uGhn5Cw0pj0fJDeIQf5oJ3EzZ-2vuj6Gg/viewform?entry.1274744182=https://twitter.com/ZehraKirtekin/status/1574824113016901647&entry.653903203=26428&usp=pp_url
",Neutral,Yes,Yes,No,"['Music&TV', 'Advertisement', 'News']"
1352635736537882629,"https://docs.google.com/forms/d/e/1FAIpQLSffZugycOX3tUHW3uGhn5Cw0pj0fJDeIQf5oJ3EzZ-2vuj6Gg/viewform?entry.1274744182=https://twitter.com/Limit_less_Life/status/1352635736537882629&entry.653903203=26428&usp=pp_url
",Positive,Yes,No,No,"['News', 'Health']"
1555595849463463941,"https://docs.google.com/forms/d/e/1FAIpQLSffZugycOX3tUHW3uGhn5Cw0pj0fJDeIQf5oJ3EzZ-2vuj6Gg/viewform?entry.1274744182=https://twitter.com/szytrn/status/1555595849463463941&entry.653903203=26428&usp=pp_url
",Positive,Yes,Yes,No,"['News', 'Foreignpolicy']"
1570428119609139201,"https://docs.google.com/forms/d/e/1FAIpQLSffZugycOX3tUHW3uGhn5Cw0pj0fJDeIQf5oJ3EzZ-2vuj6Gg/viewform?entry.1274744182=https://twitter.com/HamitElKelle/status/1570428119609139201&entry.653903203=26428&usp=pp_url
",Negative,Yes,Yes,Yes,"['Democracy', 'Election', 'Crime&justice', 'Terrorism', 'Nationalsecurity']"
1565312596135354373,"https://docs.google.com/forms/d/e/1FAIpQLSffZugycOX3tUHW3uGhn5Cw0pj0fJDeIQf5oJ3EzZ-2vuj6Gg/viewform?entry.1274744182=https://twitter.com/Nursela60044416/status/1565312596135354373&entry.653903203=26428&usp=pp_url
",Positive,Yes,Yes,No,"['Democracy', 'Election']"
1580923232173326338,"https://docs.google.com/forms/d/e/1FAIpQLSffZugycOX3tUHW3uGhn5Cw0pj0fJDeIQf5oJ3EzZ-2vuj6Gg/viewform?entry.1274744182=https://twitter.com/ftma3253689/status/1580923232173326338&entry.653903203=26428&usp=pp_url
",Positive,Yes,Yes,No,"['Unemployment', 'Education', 'Minorities&discrimination']"
1421197778827546625,"https://docs.google.com/forms/d/e/1FAIpQLSffZugycOX3tUHW3uGhn5Cw0pj0fJDeIQf5oJ3EzZ-2vuj6Gg/viewform?entry.1274744182=https://twitter.com/yagmurakar0/status/1421197778827546625&entry.653903203=26428&usp=pp_url
",Negative,Yes,Yes,No,"['Unemployment', 'Democracy', 'Election', 'Crime&justice', 'Terrorism', 'Nationalsecurity']"
1591987769802645505,"https://docs.google.com/forms/d/e/1FAIpQLSffZugycOX3tUHW3uGhn5Cw0pj0fJDeIQf5oJ3EzZ-2vuj6Gg/viewform?entry.1274744182=https://twitter.com/nkulunk/status/1591987769802645505&entry.653903203=26428&usp=pp_url
",Positive,Yes,No,No,['Religion']
1593200204928675843,"https://docs.google.com/forms/d/e/1FAIpQLSffZugycOX3tUHW3uGhn5Cw0pj0fJDeIQf5oJ3EzZ-2vuj6Gg/viewform?entry.1274744182=https://twitter.com/akcantahir/status/1593200204928675843&entry.653903203=26428&usp=pp_url
",Positive,Yes,Yes,No,['Nationalsecurity']
1403302488862826497,"https://docs.google.com/forms/d/e/1FAIpQLSffZugycOX3tUHW3uGhn5Cw0pj0fJDeIQf5oJ3EzZ-2vuj6Gg/viewform?entry.1274744182=https://twitter.com/stephencurryFB/status/1403302488862826497&entry.653903203=26428&usp=pp_url
",Positive,Yes,No,No,['Sports']
1583477966373543936,"https://docs.google.com/forms/d/e/1FAIpQLSffZugycOX3tUHW3uGhn5Cw0pj0fJDeIQf5oJ3EzZ-2vuj6Gg/viewform?entry.1274744182=https://twitter.com/tr3424910214991/status/1583477966373543936&entry.653903203=26428&usp=pp_url
",Negative,Yes,Yes,No,"['News', 'Corruption', 'Democracy', 'Election', 'Crime&justice', 'Terrorism', 'Nationalsecurity']"
1592471203670740992,"https://docs.google.com/forms/d/e/1FAIpQLSffZugycOX3tUHW3uGhn5Cw0pj0fJDeIQf5oJ3EzZ-2vuj6Gg/viewform?entry.1274744182=https://twitter.com/Seyit_TORUN/status/1592471203670740992&entry.653903203=26428&usp=pp_url
",Negative,No,No,No,"['News', 'Crime&justice', 'Terrorism', 'Nationalsecurity']"
1590383542160482304,"https://docs.google.com/forms/d/e/1FAIpQLSffZugycOX3tUHW3uGhn5Cw0pj0fJDeIQf5oJ3EzZ-2vuj6Gg/viewform?entry.1274744182=https://twitter.com/Babamaafff/status/1590383542160482304&entry.653903203=26428&usp=pp_url
",Negative,Yes,Yes,No,"['News', 'Democracy', 'Crime&justice']"
1596501798839549953,"https://docs.google.com/forms/d/e/1FAIpQLSffZugycOX3tUHW3uGhn5Cw0pj0fJDeIQf5oJ3EzZ-2vuj6Gg/viewform?entry.1274744182=https://twitter.com/betl2_mina/status/1596501798839549953&entry.653903203=26428&usp=pp_url
",Negative,Yes,Yes,Yes,"['News', 'Corruption', 'Democracy', 'Election']"
1586618578953977856,"https://docs.google.com/forms/d/e/1FAIpQLSffZugycOX3tUHW3uGhn5Cw0pj0fJDeIQf5oJ3EzZ-2vuj6Gg/viewform?entry.1274744182=https://twitter.com/YeilKubbe5/status/1586618578953977856&entry.653903203=26428&usp=pp_url
",Positive,Yes,Yes,No,"['Democracy', 'Election']"
1584869579184295936,"https://docs.google.com/forms/d/e/1FAIpQLSffZugycOX3tUHW3uGhn5Cw0pj0fJDeIQf5oJ3EzZ-2vuj6Gg/viewform?entry.1274744182=https://twitter.com/hakanturker_/status/1584869579184295936&entry.653903203=26428&usp=pp_url
",Negative,Yes,Yes,No,"['Democracy', 'Election']"
1591083950969335809,"https://docs.google.com/forms/d/e/1FAIpQLSffZugycOX3tUHW3uGhn5Cw0pj0fJDeIQf5oJ3EzZ-2vuj6Gg/viewform?entry.1274744182=https://twitter.com/AdemCan08499183/status/1591083950969335809&entry.653903203=26428&usp=pp_url
",Negative,Yes,Yes,No,"['News', 'Economy', 'Inflation&poverty', 'Education', 'Democracy', 'Crime&justice']"
1586037546966212609,"https://docs.google.com/forms/d/e/1FAIpQLSffZugycOX3tUHW3uGhn5Cw0pj0fJDeIQf5oJ3EzZ-2vuj6Gg/viewform?entry.1274744182=https://twitter.com/Mesut344434/status/1586037546966212609&entry.653903203=26428&usp=pp_url
",Negative,Yes,Yes,Yes,"['Corruption', 'Democracy', 'Election']"
1589701527253704704,"https://docs.google.com/forms/d/e/1FAIpQLSffZugycOX3tUHW3uGhn5Cw0pj0fJDeIQf5oJ3EzZ-2vuj6Gg/viewform?entry.1274744182=https://twitter.com/ewremmm52/status/1589701527253704704&entry.653903203=26428&usp=pp_url
",Positive,Yes,Yes,No,"['Unemployment', 'Education']"
1351143747527041024,"https://docs.google.com/forms/d/e/1FAIpQLSffZugycOX3tUHW3uGhn5Cw0pj0fJDeIQf5oJ3EzZ-2vuj6Gg/viewform?entry.1274744182=https://twitter.com/PotterH92589096/status/1351143747527041024&entry.653903203=26428&usp=pp_url
",Positive,Yes,No,No,['Sports']
1586021183958704128,"https://docs.google.com/forms/d/e/1FAIpQLSffZugycOX3tUHW3uGhn5Cw0pj0fJDeIQf5oJ3EzZ-2vuj6Gg/viewform?entry.1274744182=https://twitter.com/spytron/status/1586021183958704128&entry.653903203=26428&usp=pp_url
",Positive,Yes,Yes,No,"['Democracy', 'Election', 'Nationalsecurity']"
1595491596090445826,"https://docs.google.com/forms/d/e/1FAIpQLSffZugycOX3tUHW3uGhn5Cw0pj0fJDeIQf5oJ3EzZ-2vuj6Gg/viewform?entry.1274744182=https://twitter.com/IstiyoAtama/status/1595491596090445826&entry.653903203=26428&usp=pp_url
",Negative,Yes,Yes,No,"['Economy', 'Unemployment', 'Education']"
1427744147008626688,"https://docs.google.com/forms/d/e/1FAIpQLSffZugycOX3tUHW3uGhn5Cw0pj0fJDeIQf5oJ3EzZ-2vuj6Gg/viewform?entry.1274744182=https://twitter.com/regenyama/status/1427744147008626688&entry.653903203=26428&usp=pp_url
",Negative,Yes,No,No,['Music&TV']
1592120408073203712,"https://docs.google.com/forms/d/e/1FAIpQLSffZugycOX3tUHW3uGhn5Cw0pj0fJDeIQf5oJ3EzZ-2vuj6Gg/viewform?entry.1274744182=https://twitter.com/shingensbanner/status/1592120408073203712&entry.653903203=26428&usp=pp_url
",Negative,Yes,Yes,Yes,"['Corruption', 'Democracy', 'Election', 'Crime&justice', 'Nationalsecurity']"
1593649159009099777,"https://docs.google.com/forms/d/e/1FAIpQLSffZugycOX3tUHW3uGhn5Cw0pj0fJDeIQf5oJ3EzZ-2vuj6Gg/viewform?entry.1274744182=https://twitter.com/Ahmetbaran70/status/1593649159009099777&entry.653903203=26428&usp=pp_url
",Negative,Yes,Yes,Yes,"['Corruption', 'Democracy', 'Election']"
1597870516005928960,"https://docs.google.com/forms/d/e/1FAIpQLSffZugycOX3tUHW3uGhn5Cw0pj0fJDeIQf5oJ3EzZ-2vuj6Gg/viewform?entry.1274744182=https://twitter.com/saklisecilmis/status/1597870516005928960&entry.653903203=26428&usp=pp_url
",Negative,Yes,Yes,No,"['Religion', 'News', 'Economy', 'Corruption', 'Democracy', 'Election']"
1548389114218614784,"https://docs.google.com/forms/d/e/1FAIpQLSffZugycOX3tUHW3uGhn5Cw0pj0fJDeIQf5oJ3EzZ-2vuj6Gg/viewform?entry.1274744182=https://twitter.com/encinsan/status/1548389114218614784&entry.653903203=26428&usp=pp_url
",Positive,Yes,Yes,No,"['News', 'Democracy', 'Election', 'Foreignpolicy']"
1444254098170208257,"https://docs.google.com/forms/d/e/1FAIpQLSffZugycOX3tUHW3uGhn5Cw0pj0fJDeIQf5oJ3EzZ-2vuj6Gg/viewform?entry.1274744182=https://twitter.com/SamFrodoGandalf/status/1444254098170208257&entry.653903203=26428&usp=pp_url
",Positive,Yes,No,No,"['Economy', 'Unemployment', 'Health']"
