,url,sentiment,isExperiential,isPolitical,isInsult,topics
1586630275391520775,"https://docs.google.com/forms/d/e/1FAIpQLSffZugycOX3tUHW3uGhn5Cw0pj0fJDeIQf5oJ3EzZ-2vuj6Gg/viewform?entry.1274744182=https://twitter.com/Ehb1Dilan/status/1586630275391520775&entry.653903203=26772&usp=pp_url
",Neutral,No,No,No,['Health']
1589554463203028992,"https://docs.google.com/forms/d/e/1FAIpQLSffZugycOX3tUHW3uGhn5Cw0pj0fJDeIQf5oJ3EzZ-2vuj6Gg/viewform?entry.1274744182=https://twitter.com/HarunCenkErman1/status/1589554463203028992&entry.653903203=26772&usp=pp_url
",Neutral,No,Yes,No,"['News', 'Economy', 'Inflation&poverty', 'Unemployment', 'Corruption', 'Democracy']"
1411330571272327168,"https://docs.google.com/forms/d/e/1FAIpQLSffZugycOX3tUHW3uGhn5Cw0pj0fJDeIQf5oJ3EzZ-2vuj6Gg/viewform?entry.1274744182=https://twitter.com/orderzeroo/status/1411330571272327168&entry.653903203=26772&usp=pp_url
",Neutral,No,No,No,"['Sports', 'Music&TV', 'News']"
1577024342268837888,"https://docs.google.com/forms/d/e/1FAIpQLSffZugycOX3tUHW3uGhn5Cw0pj0fJDeIQf5oJ3EzZ-2vuj6Gg/viewform?entry.1274744182=https://twitter.com/HasAngarali/status/1577024342268837888&entry.653903203=26772&usp=pp_url
",Negative,No,Yes,Yes,"['Religion', 'News', 'Corruption', 'Crime&justice', 'Nationalsecurity']"
1595445155796058113,"https://docs.google.com/forms/d/e/1FAIpQLSffZugycOX3tUHW3uGhn5Cw0pj0fJDeIQf5oJ3EzZ-2vuj6Gg/viewform?entry.1274744182=https://twitter.com/fen_zilan/status/1595445155796058113&entry.653903203=26772&usp=pp_url
",Positive,No,Yes,No,"['Unemployment', 'Democracy']"
1415032260571680768,"https://docs.google.com/forms/d/e/1FAIpQLSffZugycOX3tUHW3uGhn5Cw0pj0fJDeIQf5oJ3EzZ-2vuj6Gg/viewform?entry.1274744182=https://twitter.com/savasxozkan/status/1415032260571680768&entry.653903203=26772&usp=pp_url
",Neutral,No,No,No,['nan']
1572241855164579840,"https://docs.google.com/forms/d/e/1FAIpQLSffZugycOX3tUHW3uGhn5Cw0pj0fJDeIQf5oJ3EzZ-2vuj6Gg/viewform?entry.1274744182=https://twitter.com/BayMustafa21/status/1572241855164579840&entry.653903203=26772&usp=pp_url
",Neutral,No,No,No,"['News', 'Economy', 'Unemployment']"
1450395995343360002,"https://docs.google.com/forms/d/e/1FAIpQLSffZugycOX3tUHW3uGhn5Cw0pj0fJDeIQf5oJ3EzZ-2vuj6Gg/viewform?entry.1274744182=https://twitter.com/hakanipekk1/status/1450395995343360002&entry.653903203=26772&usp=pp_url
",Negative,No,No,Yes,['nan']
1562201031387549697,"https://docs.google.com/forms/d/e/1FAIpQLSffZugycOX3tUHW3uGhn5Cw0pj0fJDeIQf5oJ3EzZ-2vuj6Gg/viewform?entry.1274744182=https://twitter.com/_gdemir_/status/1562201031387549697&entry.653903203=26772&usp=pp_url
",Negative,No,Yes,Yes,['Election']
1567256445179117570,"https://docs.google.com/forms/d/e/1FAIpQLSffZugycOX3tUHW3uGhn5Cw0pj0fJDeIQf5oJ3EzZ-2vuj6Gg/viewform?entry.1274744182=https://twitter.com/mynet/status/1567256445179117570&entry.653903203=26772&usp=pp_url
",Neutral,No,No,No,"['News', 'Nationalsecurity', 'Foreignpolicy']"
1430270739110932485,"https://docs.google.com/forms/d/e/1FAIpQLSffZugycOX3tUHW3uGhn5Cw0pj0fJDeIQf5oJ3EzZ-2vuj6Gg/viewform?entry.1274744182=https://twitter.com/bbmyselff/status/1430270739110932485&entry.653903203=26772&usp=pp_url
",Neutral,No,No,No,['nan']
1409629420290256898,"https://docs.google.com/forms/d/e/1FAIpQLSffZugycOX3tUHW3uGhn5Cw0pj0fJDeIQf5oJ3EzZ-2vuj6Gg/viewform?entry.1274744182=https://twitter.com/BekoGs44/status/1409629420290256898&entry.653903203=26772&usp=pp_url
",Neutral,No,No,No,"['Sports', 'News']"
1584535930127323141,"https://docs.google.com/forms/d/e/1FAIpQLSffZugycOX3tUHW3uGhn5Cw0pj0fJDeIQf5oJ3EzZ-2vuj6Gg/viewform?entry.1274744182=https://twitter.com/Kpss202119/status/1584535930127323141&entry.653903203=26772&usp=pp_url
",Neutral,No,No,No,['Unemployment']
1560385630638669826,"https://docs.google.com/forms/d/e/1FAIpQLSffZugycOX3tUHW3uGhn5Cw0pj0fJDeIQf5oJ3EzZ-2vuj6Gg/viewform?entry.1274744182=https://twitter.com/ceyhu99binAlem/status/1560385630638669826&entry.653903203=26772&usp=pp_url
",Negative,No,No,No,"['News', 'Health', 'Crime&justice', 'Nationalsecurity']"
1588854499451756545,"https://docs.google.com/forms/d/e/1FAIpQLSffZugycOX3tUHW3uGhn5Cw0pj0fJDeIQf5oJ3EzZ-2vuj6Gg/viewform?entry.1274744182=https://twitter.com/HanAlp14/status/1588854499451756545&entry.653903203=26772&usp=pp_url
",Neutral,No,Yes,No,"['News', 'Election', 'Foreignpolicy', 'Minorities&discrimination']"
1586021183958704128,"https://docs.google.com/forms/d/e/1FAIpQLSffZugycOX3tUHW3uGhn5Cw0pj0fJDeIQf5oJ3EzZ-2vuj6Gg/viewform?entry.1274744182=https://twitter.com/spytron/status/1586021183958704128&entry.653903203=26772&usp=pp_url
",Neutral,No,Yes,No,"['Corruption', 'Democracy', 'Election']"
1595871258985615361,"https://docs.google.com/forms/d/e/1FAIpQLSffZugycOX3tUHW3uGhn5Cw0pj0fJDeIQf5oJ3EzZ-2vuj6Gg/viewform?entry.1274744182=https://twitter.com/s_061974/status/1595871258985615361&entry.653903203=26772&usp=pp_url
",Neutral,No,Yes,No,"['News', 'Economy', 'Unemployment', 'Democracy']"
1352544672758050817,"https://docs.google.com/forms/d/e/1FAIpQLSffZugycOX3tUHW3uGhn5Cw0pj0fJDeIQf5oJ3EzZ-2vuj6Gg/viewform?entry.1274744182=https://twitter.com/_La_Linea_/status/1352544672758050817&entry.653903203=26772&usp=pp_url
",Neutral,Yes,No,No,['News']
1552552850659708931,"https://docs.google.com/forms/d/e/1FAIpQLSffZugycOX3tUHW3uGhn5Cw0pj0fJDeIQf5oJ3EzZ-2vuj6Gg/viewform?entry.1274744182=https://twitter.com/lastmohicanss/status/1552552850659708931&entry.653903203=26772&usp=pp_url
",Negative,No,No,No,"['Sports', 'News', 'Crime&justice']"
1433803446994472964,"https://docs.google.com/forms/d/e/1FAIpQLSffZugycOX3tUHW3uGhn5Cw0pj0fJDeIQf5oJ3EzZ-2vuj6Gg/viewform?entry.1274744182=https://twitter.com/mehmet13163383/status/1433803446994472964&entry.653903203=26772&usp=pp_url
",Neutral,No,No,No,['nan']
1427339600083791885,"https://docs.google.com/forms/d/e/1FAIpQLSffZugycOX3tUHW3uGhn5Cw0pj0fJDeIQf5oJ3EzZ-2vuj6Gg/viewform?entry.1274744182=https://twitter.com/YunusGn52/status/1427339600083791885&entry.653903203=26772&usp=pp_url
",Neutral,Yes,No,Yes,['Sports']
1359966990694244352,"https://docs.google.com/forms/d/e/1FAIpQLSffZugycOX3tUHW3uGhn5Cw0pj0fJDeIQf5oJ3EzZ-2vuj6Gg/viewform?entry.1274744182=https://twitter.com/osmanulusoy006/status/1359966990694244352&entry.653903203=26772&usp=pp_url
",Positive,No,No,No,['nan']
1586463294365306882,"https://docs.google.com/forms/d/e/1FAIpQLSffZugycOX3tUHW3uGhn5Cw0pj0fJDeIQf5oJ3EzZ-2vuj6Gg/viewform?entry.1274744182=https://twitter.com/Mtn0611/status/1586463294365306882&entry.653903203=26772&usp=pp_url
",Neutral,No,No,No,"['News', 'Inflation&poverty', 'Unemployment', 'Democracy']"
1548391764007849984,"https://docs.google.com/forms/d/e/1FAIpQLSffZugycOX3tUHW3uGhn5Cw0pj0fJDeIQf5oJ3EzZ-2vuj6Gg/viewform?entry.1274744182=https://twitter.com/irfan__yayla/status/1548391764007849984&entry.653903203=26772&usp=pp_url
",Neutral,No,Yes,No,"['News', 'Economy', 'Inflation&poverty', 'Unemployment', 'Corruption', 'Health', 'Democracy']"
1579558096833511424,"https://docs.google.com/forms/d/e/1FAIpQLSffZugycOX3tUHW3uGhn5Cw0pj0fJDeIQf5oJ3EzZ-2vuj6Gg/viewform?entry.1274744182=https://twitter.com/hiranur55508054/status/1579558096833511424&entry.653903203=26772&usp=pp_url
",Neutral,No,No,No,['Unemployment']
1583403089100673025,"https://docs.google.com/forms/d/e/1FAIpQLSffZugycOX3tUHW3uGhn5Cw0pj0fJDeIQf5oJ3EzZ-2vuj6Gg/viewform?entry.1274744182=https://twitter.com/AliKiratli9/status/1583403089100673025&entry.653903203=26772&usp=pp_url
",Negative,No,Yes,No,"['News', 'Terrorism', 'Nationalsecurity']"
1594352902197354499,"https://docs.google.com/forms/d/e/1FAIpQLSffZugycOX3tUHW3uGhn5Cw0pj0fJDeIQf5oJ3EzZ-2vuj6Gg/viewform?entry.1274744182=https://twitter.com/mehay97/status/1594352902197354499&entry.653903203=26772&usp=pp_url
",Neutral,No,No,No,"['News', 'Unemployment']"
1585634359612420101,"https://docs.google.com/forms/d/e/1FAIpQLSffZugycOX3tUHW3uGhn5Cw0pj0fJDeIQf5oJ3EzZ-2vuj6Gg/viewform?entry.1274744182=https://twitter.com/mustafasenol45/status/1585634359612420101&entry.653903203=26772&usp=pp_url
",Negative,No,Yes,Yes,"['News', 'Terrorism', 'Nationalsecurity']"
1396788125343522817,"https://docs.google.com/forms/d/e/1FAIpQLSffZugycOX3tUHW3uGhn5Cw0pj0fJDeIQf5oJ3EzZ-2vuj6Gg/viewform?entry.1274744182=https://twitter.com/detonaasi/status/1396788125343522817&entry.653903203=26772&usp=pp_url
",Neutral,No,No,No,['nan']
1585919150182088705,"https://docs.google.com/forms/d/e/1FAIpQLSffZugycOX3tUHW3uGhn5Cw0pj0fJDeIQf5oJ3EzZ-2vuj6Gg/viewform?entry.1274744182=https://twitter.com/MuzaferNtas/status/1585919150182088705&entry.653903203=26772&usp=pp_url
",Neutral,No,Yes,No,"['Unemployment', 'Election']"
1398931797183025159,"https://docs.google.com/forms/d/e/1FAIpQLSffZugycOX3tUHW3uGhn5Cw0pj0fJDeIQf5oJ3EzZ-2vuj6Gg/viewform?entry.1274744182=https://twitter.com/lazovic5341/status/1398931797183025159&entry.653903203=26772&usp=pp_url
",Neutral,No,No,No,['nan']
1591987769802645505,"https://docs.google.com/forms/d/e/1FAIpQLSffZugycOX3tUHW3uGhn5Cw0pj0fJDeIQf5oJ3EzZ-2vuj6Gg/viewform?entry.1274744182=https://twitter.com/nkulunk/status/1591987769802645505&entry.653903203=26772&usp=pp_url
",Neutral,No,Yes,No,"['Religion', 'Terrorism', 'Nationalsecurity']"
1588537326291935232,"https://docs.google.com/forms/d/e/1FAIpQLSffZugycOX3tUHW3uGhn5Cw0pj0fJDeIQf5oJ3EzZ-2vuj6Gg/viewform?entry.1274744182=https://twitter.com/hdrcsknr/status/1588537326291935232&entry.653903203=26772&usp=pp_url
",Negative,No,Yes,Yes,"['Religion', 'News', 'Education']"
1596204558455558144,"https://docs.google.com/forms/d/e/1FAIpQLSffZugycOX3tUHW3uGhn5Cw0pj0fJDeIQf5oJ3EzZ-2vuj6Gg/viewform?entry.1274744182=https://twitter.com/impacttr/status/1596204558455558144&entry.653903203=26772&usp=pp_url
",Positive,No,No,No,"['News', 'Economy', 'Inflation&poverty', 'Unemployment']"
1417994426966806528,"https://docs.google.com/forms/d/e/1FAIpQLSffZugycOX3tUHW3uGhn5Cw0pj0fJDeIQf5oJ3EzZ-2vuj6Gg/viewform?entry.1274744182=https://twitter.com/kobinaMens2/status/1417994426966806528&entry.653903203=26772&usp=pp_url
",Neutral,No,No,No,['nan']
1354585702865006597,"https://docs.google.com/forms/d/e/1FAIpQLSffZugycOX3tUHW3uGhn5Cw0pj0fJDeIQf5oJ3EzZ-2vuj6Gg/viewform?entry.1274744182=https://twitter.com/yasam_ct/status/1354585702865006597&entry.653903203=26772&usp=pp_url
",Neutral,No,No,No,['nan']
1576792897395253248,"https://docs.google.com/forms/d/e/1FAIpQLSffZugycOX3tUHW3uGhn5Cw0pj0fJDeIQf5oJ3EzZ-2vuj6Gg/viewform?entry.1274744182=https://twitter.com/aysegul_staj/status/1576792897395253248&entry.653903203=26772&usp=pp_url
",Neutral,No,Yes,No,"['News', 'Economy', 'Inflation&poverty', 'Unemployment']"
1597512443328167936,"https://docs.google.com/forms/d/e/1FAIpQLSffZugycOX3tUHW3uGhn5Cw0pj0fJDeIQf5oJ3EzZ-2vuj6Gg/viewform?entry.1274744182=https://twitter.com/MehmetA41362904/status/1597512443328167936&entry.653903203=26772&usp=pp_url
",Negative,No,Yes,No,"['News', 'Economy', 'Inflation&poverty', 'Unemployment', 'Corruption', 'Democracy', 'Election', 'Crime&justice']"
1444014771171430411,"https://docs.google.com/forms/d/e/1FAIpQLSffZugycOX3tUHW3uGhn5Cw0pj0fJDeIQf5oJ3EzZ-2vuj6Gg/viewform?entry.1274744182=https://twitter.com/EyupGul28/status/1444014771171430411&entry.653903203=26772&usp=pp_url
",Positive,Yes,Yes,No,"['News', 'Economy', 'Inflation&poverty', 'Unemployment', 'Election']"
1553778347066408961,"https://docs.google.com/forms/d/e/1FAIpQLSffZugycOX3tUHW3uGhn5Cw0pj0fJDeIQf5oJ3EzZ-2vuj6Gg/viewform?entry.1274744182=https://twitter.com/odunatesipizza/status/1553778347066408961&entry.653903203=26772&usp=pp_url
",Neutral,No,Yes,No,"['Immigration&refugees', 'Minorities&discrimination']"
1598021956842184704,"https://docs.google.com/forms/d/e/1FAIpQLSffZugycOX3tUHW3uGhn5Cw0pj0fJDeIQf5oJ3EzZ-2vuj6Gg/viewform?entry.1274744182=https://twitter.com/duygu85920341/status/1598021956842184704&entry.653903203=26772&usp=pp_url
",Neutral,No,No,No,"['News', 'Economy', 'Inflation&poverty', 'Unemployment']"
1426537147952156672,"https://docs.google.com/forms/d/e/1FAIpQLSffZugycOX3tUHW3uGhn5Cw0pj0fJDeIQf5oJ3EzZ-2vuj6Gg/viewform?entry.1274744182=https://twitter.com/littllesiren/status/1426537147952156672&entry.653903203=26772&usp=pp_url
",Neutral,No,No,No,['nan']
1593900484867534848,"https://docs.google.com/forms/d/e/1FAIpQLSffZugycOX3tUHW3uGhn5Cw0pj0fJDeIQf5oJ3EzZ-2vuj6Gg/viewform?entry.1274744182=https://twitter.com/topaloglu2023/status/1593900484867534848&entry.653903203=26772&usp=pp_url
",Negative,No,Yes,Yes,"['Music&TV', 'News', 'Corruption', 'Democracy', 'Crime&justice', 'Nationalsecurity']"
1588139520716931072,"https://docs.google.com/forms/d/e/1FAIpQLSffZugycOX3tUHW3uGhn5Cw0pj0fJDeIQf5oJ3EzZ-2vuj6Gg/viewform?entry.1274744182=https://twitter.com/ce_tinceviz/status/1588139520716931072&entry.653903203=26772&usp=pp_url
",Neutral,No,No,No,"['News', 'Economy', 'Inflation&poverty', 'Unemployment']"
1585701178867912706,"https://docs.google.com/forms/d/e/1FAIpQLSffZugycOX3tUHW3uGhn5Cw0pj0fJDeIQf5oJ3EzZ-2vuj6Gg/viewform?entry.1274744182=https://twitter.com/aslan211724/status/1585701178867912706&entry.653903203=26772&usp=pp_url
",Neutral,No,No,No,"['News', 'Economy', 'Inflation&poverty', 'Unemployment']"
1559052954451206145,"https://docs.google.com/forms/d/e/1FAIpQLSffZugycOX3tUHW3uGhn5Cw0pj0fJDeIQf5oJ3EzZ-2vuj6Gg/viewform?entry.1274744182=https://twitter.com/Naz51257768/status/1559052954451206145&entry.653903203=26772&usp=pp_url
",Negative,No,Yes,No,"['Corruption', 'Election', 'Immigration&refugees', 'Minorities&discrimination']"
1591116487133052929,"https://docs.google.com/forms/d/e/1FAIpQLSffZugycOX3tUHW3uGhn5Cw0pj0fJDeIQf5oJ3EzZ-2vuj6Gg/viewform?entry.1274744182=https://twitter.com/IbrahimSediyani/status/1591116487133052929&entry.653903203=26772&usp=pp_url
",Neutral,No,No,No,['Religion']
1422138417329184768,"https://docs.google.com/forms/d/e/1FAIpQLSffZugycOX3tUHW3uGhn5Cw0pj0fJDeIQf5oJ3EzZ-2vuj6Gg/viewform?entry.1274744182=https://twitter.com/bianxcan/status/1422138417329184768&entry.653903203=26772&usp=pp_url
",Neutral,No,No,No,['Music&TV']
1427746815420604417,"https://docs.google.com/forms/d/e/1FAIpQLSffZugycOX3tUHW3uGhn5Cw0pj0fJDeIQf5oJ3EzZ-2vuj6Gg/viewform?entry.1274744182=https://twitter.com/venxzhan/status/1427746815420604417&entry.653903203=26772&usp=pp_url
",Negative,No,No,Yes,['Music&TV']
1596856604913455104,"https://docs.google.com/forms/d/e/1FAIpQLSffZugycOX3tUHW3uGhn5Cw0pj0fJDeIQf5oJ3EzZ-2vuj6Gg/viewform?entry.1274744182=https://twitter.com/TuranYayla11/status/1596856604913455104&entry.653903203=26772&usp=pp_url
",Neutral,No,Yes,No,"['News', 'Economy', 'Inflation&poverty', 'Unemployment']"
1595808159364415489,"https://docs.google.com/forms/d/e/1FAIpQLSffZugycOX3tUHW3uGhn5Cw0pj0fJDeIQf5oJ3EzZ-2vuj6Gg/viewform?entry.1274744182=https://twitter.com/HASANBA05897346/status/1595808159364415489&entry.653903203=26772&usp=pp_url
",Negative,No,Yes,Yes,"['News', 'Election']"
1590081992611495936,"https://docs.google.com/forms/d/e/1FAIpQLSffZugycOX3tUHW3uGhn5Cw0pj0fJDeIQf5oJ3EzZ-2vuj6Gg/viewform?entry.1274744182=https://twitter.com/FundaEmiroglu/status/1590081992611495936&entry.653903203=26772&usp=pp_url
",Neutral,No,No,No,['Crime&justice']
1596096710912401410,"https://docs.google.com/forms/d/e/1FAIpQLSffZugycOX3tUHW3uGhn5Cw0pj0fJDeIQf5oJ3EzZ-2vuj6Gg/viewform?entry.1274744182=https://twitter.com/chpmerkezyalova/status/1596096710912401410&entry.653903203=26772&usp=pp_url
",Positive,Yes,Yes,No,"['News', 'Education', 'Democracy', 'Election']"
1595357036925026306,"https://docs.google.com/forms/d/e/1FAIpQLSffZugycOX3tUHW3uGhn5Cw0pj0fJDeIQf5oJ3EzZ-2vuj6Gg/viewform?entry.1274744182=https://twitter.com/Zeynepvcl/status/1595357036925026306&entry.653903203=26772&usp=pp_url
",Neutral,No,Yes,No,['nan']
1585325866506424323,"https://docs.google.com/forms/d/e/1FAIpQLSffZugycOX3tUHW3uGhn5Cw0pj0fJDeIQf5oJ3EzZ-2vuj6Gg/viewform?entry.1274744182=https://twitter.com/Yusufyldz3566/status/1585325866506424323&entry.653903203=26772&usp=pp_url
",Neutral,No,Yes,Yes,['Election']
1582776477036077057,"https://docs.google.com/forms/d/e/1FAIpQLSffZugycOX3tUHW3uGhn5Cw0pj0fJDeIQf5oJ3EzZ-2vuj6Gg/viewform?entry.1274744182=https://twitter.com/True_Aktivist/status/1582776477036077057&entry.653903203=26772&usp=pp_url
",Neutral,No,Yes,No,"['News', 'Economy', 'Democracy', 'Election']"
1586674331987451905,"https://docs.google.com/forms/d/e/1FAIpQLSffZugycOX3tUHW3uGhn5Cw0pj0fJDeIQf5oJ3EzZ-2vuj6Gg/viewform?entry.1274744182=https://twitter.com/10Zekeriya/status/1586674331987451905&entry.653903203=26772&usp=pp_url
",Neutral,No,No,No,"['News', 'Economy', 'Inflation&poverty', 'Unemployment']"
1375014983239618563,"https://docs.google.com/forms/d/e/1FAIpQLSffZugycOX3tUHW3uGhn5Cw0pj0fJDeIQf5oJ3EzZ-2vuj6Gg/viewform?entry.1274744182=https://twitter.com/BadeGl4326/status/1375014983239618563&entry.653903203=26772&usp=pp_url
",Neutral,No,No,No,['nan']
1587349145433546753,"https://docs.google.com/forms/d/e/1FAIpQLSffZugycOX3tUHW3uGhn5Cw0pj0fJDeIQf5oJ3EzZ-2vuj6Gg/viewform?entry.1274744182=https://twitter.com/YALNIZIZ_2022/status/1587349145433546753&entry.653903203=26772&usp=pp_url
",Neutral,No,No,No,"['News', 'Economy', 'Inflation&poverty', 'Unemployment']"
1583477966373543936,"https://docs.google.com/forms/d/e/1FAIpQLSffZugycOX3tUHW3uGhn5Cw0pj0fJDeIQf5oJ3EzZ-2vuj6Gg/viewform?entry.1274744182=https://twitter.com/tr3424910214991/status/1583477966373543936&entry.653903203=26772&usp=pp_url
",Neutral,Yes,Yes,No,"['News', 'Corruption', 'Democracy', 'Election', 'Crime&justice', 'Terrorism', 'Nationalsecurity']"
1565312596135354373,"https://docs.google.com/forms/d/e/1FAIpQLSffZugycOX3tUHW3uGhn5Cw0pj0fJDeIQf5oJ3EzZ-2vuj6Gg/viewform?entry.1274744182=https://twitter.com/Nursela60044416/status/1565312596135354373&entry.653903203=26772&usp=pp_url
",Positive,No,Yes,No,"['News', 'Unemployment', 'Election']"
1586474020622725126,"https://docs.google.com/forms/d/e/1FAIpQLSffZugycOX3tUHW3uGhn5Cw0pj0fJDeIQf5oJ3EzZ-2vuj6Gg/viewform?entry.1274744182=https://twitter.com/istanbulite2020/status/1586474020622725126&entry.653903203=26772&usp=pp_url
",Negative,No,Yes,Yes,"['News', 'Election', 'Terrorism', 'Nationalsecurity']"
1587706621488152576,"https://docs.google.com/forms/d/e/1FAIpQLSffZugycOX3tUHW3uGhn5Cw0pj0fJDeIQf5oJ3EzZ-2vuj6Gg/viewform?entry.1274744182=https://twitter.com/42whitehead/status/1587706621488152576&entry.653903203=26772&usp=pp_url
",Neutral,No,No,No,"['News', 'Economy', 'Inflation&poverty', 'Unemployment']"
1597274845381029888,"https://docs.google.com/forms/d/e/1FAIpQLSffZugycOX3tUHW3uGhn5Cw0pj0fJDeIQf5oJ3EzZ-2vuj6Gg/viewform?entry.1274744182=https://twitter.com/ygzunsl/status/1597274845381029888&entry.653903203=26772&usp=pp_url
",Neutral,No,Yes,No,"['News', 'Crime&justice']"
1358824419507003399,"https://docs.google.com/forms/d/e/1FAIpQLSffZugycOX3tUHW3uGhn5Cw0pj0fJDeIQf5oJ3EzZ-2vuj6Gg/viewform?entry.1274744182=https://twitter.com/hbrrtv/status/1358824419507003399&entry.653903203=26772&usp=pp_url
",Neutral,No,No,No,"['Religion', 'News']"
1350874549966008325,"https://docs.google.com/forms/d/e/1FAIpQLSffZugycOX3tUHW3uGhn5Cw0pj0fJDeIQf5oJ3EzZ-2vuj6Gg/viewform?entry.1274744182=https://twitter.com/erm1755/status/1350874549966008325&entry.653903203=26772&usp=pp_url
",Negative,No,No,No,"['Sports', 'News']"
1366155206833172488,"https://docs.google.com/forms/d/e/1FAIpQLSffZugycOX3tUHW3uGhn5Cw0pj0fJDeIQf5oJ3EzZ-2vuj6Gg/viewform?entry.1274744182=https://twitter.com/tugceekayraak/status/1366155206833172488&entry.653903203=26772&usp=pp_url
",Neutral,No,No,No,['nan']
1583332985553965057,"https://docs.google.com/forms/d/e/1FAIpQLSffZugycOX3tUHW3uGhn5Cw0pj0fJDeIQf5oJ3EzZ-2vuj6Gg/viewform?entry.1274744182=https://twitter.com/Orhan197312/status/1583332985553965057&entry.653903203=26772&usp=pp_url
",Positive,No,Yes,No,"['News', 'Health', 'Election']"
1564216278797230080,"https://docs.google.com/forms/d/e/1FAIpQLSffZugycOX3tUHW3uGhn5Cw0pj0fJDeIQf5oJ3EzZ-2vuj6Gg/viewform?entry.1274744182=https://twitter.com/aysekkk31/status/1564216278797230080&entry.653903203=26772&usp=pp_url
",Neutral,No,No,No,"['News', 'Economy', 'Inflation&poverty', 'Unemployment']"
1563075697106898947,"https://docs.google.com/forms/d/e/1FAIpQLSffZugycOX3tUHW3uGhn5Cw0pj0fJDeIQf5oJ3EzZ-2vuj6Gg/viewform?entry.1274744182=https://twitter.com/Allahverdieffa2/status/1563075697106898947&entry.653903203=26772&usp=pp_url
",Positive,No,No,No,"['Religion', 'News', 'Nationalsecurity']"
1408197963059507202,"https://docs.google.com/forms/d/e/1FAIpQLSffZugycOX3tUHW3uGhn5Cw0pj0fJDeIQf5oJ3EzZ-2vuj6Gg/viewform?entry.1274744182=https://twitter.com/goktugceylan_1/status/1408197963059507202&entry.653903203=26772&usp=pp_url
",Negative,No,No,No,['nan']
1577721609766539282,"https://docs.google.com/forms/d/e/1FAIpQLSffZugycOX3tUHW3uGhn5Cw0pj0fJDeIQf5oJ3EzZ-2vuj6Gg/viewform?entry.1274744182=https://twitter.com/Karasahinnry/status/1577721609766539282&entry.653903203=26772&usp=pp_url
",Neutral,No,Yes,No,"['News', 'Economy', 'Inflation&poverty', 'Unemployment']"
1439547067337256967,"https://docs.google.com/forms/d/e/1FAIpQLSffZugycOX3tUHW3uGhn5Cw0pj0fJDeIQf5oJ3EzZ-2vuj6Gg/viewform?entry.1274744182=https://twitter.com/_melek_3451/status/1439547067337256967&entry.653903203=26772&usp=pp_url
",Positive,No,No,No,['nan']
1434787703783051264,"https://docs.google.com/forms/d/e/1FAIpQLSffZugycOX3tUHW3uGhn5Cw0pj0fJDeIQf5oJ3EzZ-2vuj6Gg/viewform?entry.1274744182=https://twitter.com/jerviajeon/status/1434787703783051264&entry.653903203=26772&usp=pp_url
",Positive,Yes,No,No,['Music&TV']
1420407025847132171,"https://docs.google.com/forms/d/e/1FAIpQLSffZugycOX3tUHW3uGhn5Cw0pj0fJDeIQf5oJ3EzZ-2vuj6Gg/viewform?entry.1274744182=https://twitter.com/btsmembo/status/1420407025847132171&entry.653903203=26772&usp=pp_url
",Neutral,No,No,No,['nan']
1595043673435250694,"https://docs.google.com/forms/d/e/1FAIpQLSffZugycOX3tUHW3uGhn5Cw0pj0fJDeIQf5oJ3EzZ-2vuj6Gg/viewform?entry.1274744182=https://twitter.com/kendimle1/status/1595043673435250694&entry.653903203=26772&usp=pp_url
",Neutral,No,Yes,No,"['Democracy', 'Election']"
1569589330544398336,"https://docs.google.com/forms/d/e/1FAIpQLSffZugycOX3tUHW3uGhn5Cw0pj0fJDeIQf5oJ3EzZ-2vuj6Gg/viewform?entry.1274744182=https://twitter.com/AhSuCilginUzman/status/1569589330544398336&entry.653903203=26772&usp=pp_url
",Neutral,No,No,No,"['News', 'Economy', 'Inflation&poverty', 'Unemployment', 'Nationalsecurity']"
1595069171435454464,"https://docs.google.com/forms/d/e/1FAIpQLSffZugycOX3tUHW3uGhn5Cw0pj0fJDeIQf5oJ3EzZ-2vuj6Gg/viewform?entry.1274744182=https://twitter.com/CaycSuleyman/status/1595069171435454464&entry.653903203=26772&usp=pp_url
",Negative,No,No,No,"['Religion', 'News', 'Corruption']"
1588387668060012549,"https://docs.google.com/forms/d/e/1FAIpQLSffZugycOX3tUHW3uGhn5Cw0pj0fJDeIQf5oJ3EzZ-2vuj6Gg/viewform?entry.1274744182=https://twitter.com/LeuterisDimako1/status/1588387668060012549&entry.653903203=26772&usp=pp_url
",Negative,No,Yes,No,"['News', 'Foreignpolicy']"
1443524603834511364,"https://docs.google.com/forms/d/e/1FAIpQLSffZugycOX3tUHW3uGhn5Cw0pj0fJDeIQf5oJ3EzZ-2vuj6Gg/viewform?entry.1274744182=https://twitter.com/reydastormborn/status/1443524603834511364&entry.653903203=26772&usp=pp_url
",Neutral,No,No,No,"['Sports', 'Music&TV']"
1548636597628899328,"https://docs.google.com/forms/d/e/1FAIpQLSffZugycOX3tUHW3uGhn5Cw0pj0fJDeIQf5oJ3EzZ-2vuj6Gg/viewform?entry.1274744182=https://twitter.com/canbulut3460/status/1548636597628899328&entry.653903203=26772&usp=pp_url
",Negative,No,Yes,Yes,"['Religion', 'News', 'Education', 'Immigration&refugees', 'Minorities&discrimination']"
1597590060190535681,"https://docs.google.com/forms/d/e/1FAIpQLSffZugycOX3tUHW3uGhn5Cw0pj0fJDeIQf5oJ3EzZ-2vuj6Gg/viewform?entry.1274744182=https://twitter.com/YASEMNKCK01/status/1597590060190535681&entry.653903203=26772&usp=pp_url
",Neutral,No,No,No,"['Economy', 'Inflation&poverty', 'Unemployment', 'Corruption']"
1585651759204208642,"https://docs.google.com/forms/d/e/1FAIpQLSffZugycOX3tUHW3uGhn5Cw0pj0fJDeIQf5oJ3EzZ-2vuj6Gg/viewform?entry.1274744182=https://twitter.com/Seyhannky/status/1585651759204208642&entry.653903203=26772&usp=pp_url
",Neutral,No,No,No,"['News', 'Economy', 'Inflation&poverty', 'Unemployment']"
1591085903275257861,"https://docs.google.com/forms/d/e/1FAIpQLSffZugycOX3tUHW3uGhn5Cw0pj0fJDeIQf5oJ3EzZ-2vuj6Gg/viewform?entry.1274744182=https://twitter.com/tamerzt53799261/status/1591085903275257861&entry.653903203=26772&usp=pp_url
",Neutral,No,Yes,No,"['News', 'Election', 'Nationalsecurity', 'Foreignpolicy', 'Minorities&discrimination']"
1416857759669231620,"https://docs.google.com/forms/d/e/1FAIpQLSffZugycOX3tUHW3uGhn5Cw0pj0fJDeIQf5oJ3EzZ-2vuj6Gg/viewform?entry.1274744182=https://twitter.com/Hiddeen85/status/1416857759669231620&entry.653903203=26772&usp=pp_url
",Neutral,No,No,No,['nan']
1401633202859565061,"https://docs.google.com/forms/d/e/1FAIpQLSffZugycOX3tUHW3uGhn5Cw0pj0fJDeIQf5oJ3EzZ-2vuj6Gg/viewform?entry.1274744182=https://twitter.com/UmulGaye/status/1401633202859565061&entry.653903203=26772&usp=pp_url
",Neutral,No,No,No,['Music&TV']
1567137357110861827,"https://docs.google.com/forms/d/e/1FAIpQLSffZugycOX3tUHW3uGhn5Cw0pj0fJDeIQf5oJ3EzZ-2vuj6Gg/viewform?entry.1274744182=https://twitter.com/DevrimKRDLN/status/1567137357110861827&entry.653903203=26772&usp=pp_url
",Neutral,No,No,No,"['News', 'Education']"
1596214144369594368,"https://docs.google.com/forms/d/e/1FAIpQLSffZugycOX3tUHW3uGhn5Cw0pj0fJDeIQf5oJ3EzZ-2vuj6Gg/viewform?entry.1274744182=https://twitter.com/OSMANEL26600119/status/1596214144369594368&entry.653903203=26772&usp=pp_url
",Neutral,No,Yes,No,"['News', 'Economy', 'Inflation&poverty', 'Unemployment']"
1369902561629720578,"https://docs.google.com/forms/d/e/1FAIpQLSffZugycOX3tUHW3uGhn5Cw0pj0fJDeIQf5oJ3EzZ-2vuj6Gg/viewform?entry.1274744182=https://twitter.com/cakabeyokullari/status/1369902561629720578&entry.653903203=26772&usp=pp_url
",Positive,No,No,No,['Education']
1598052226576306176,"https://docs.google.com/forms/d/e/1FAIpQLSffZugycOX3tUHW3uGhn5Cw0pj0fJDeIQf5oJ3EzZ-2vuj6Gg/viewform?entry.1274744182=https://twitter.com/akhis4545/status/1598052226576306176&entry.653903203=26772&usp=pp_url
",Neutral,No,Yes,No,"['News', 'Democracy', 'Election']"
1592232796273405953,"https://docs.google.com/forms/d/e/1FAIpQLSffZugycOX3tUHW3uGhn5Cw0pj0fJDeIQf5oJ3EzZ-2vuj6Gg/viewform?entry.1274744182=https://twitter.com/SinanDe46404380/status/1592232796273405953&entry.653903203=26772&usp=pp_url
",Negative,No,Yes,No,"['News', 'Democracy', 'Election', 'Crime&justice', 'Terrorism', 'Nationalsecurity', 'Minorities&discrimination']"
1365726640416976906,"https://docs.google.com/forms/d/e/1FAIpQLSffZugycOX3tUHW3uGhn5Cw0pj0fJDeIQf5oJ3EzZ-2vuj6Gg/viewform?entry.1274744182=https://twitter.com/minminsoz/status/1365726640416976906&entry.653903203=26772&usp=pp_url
",Neutral,No,No,No,['nan']
1592715025135067136,"https://docs.google.com/forms/d/e/1FAIpQLSffZugycOX3tUHW3uGhn5Cw0pj0fJDeIQf5oJ3EzZ-2vuj6Gg/viewform?entry.1274744182=https://twitter.com/neseerdan/status/1592715025135067136&entry.653903203=26772&usp=pp_url
",Neutral,No,Yes,No,"['News', 'Economy', 'Inflation&poverty', 'Unemployment', 'Election']"
1444204718230753280,"https://docs.google.com/forms/d/e/1FAIpQLSffZugycOX3tUHW3uGhn5Cw0pj0fJDeIQf5oJ3EzZ-2vuj6Gg/viewform?entry.1274744182=https://twitter.com/AydnBak182/status/1444204718230753280&entry.653903203=26772&usp=pp_url
",Negative,No,No,No,"['Religion', 'Inflation&poverty', 'Unemployment', 'Crime&justice']"
1564181068651061249,"https://docs.google.com/forms/d/e/1FAIpQLSffZugycOX3tUHW3uGhn5Cw0pj0fJDeIQf5oJ3EzZ-2vuj6Gg/viewform?entry.1274744182=https://twitter.com/SibelCe77265770/status/1564181068651061249&entry.653903203=26772&usp=pp_url
",Neutral,No,Yes,No,"['News', 'Economy', 'Inflation&poverty', 'Unemployment']"
1574076234883104771,"https://docs.google.com/forms/d/e/1FAIpQLSffZugycOX3tUHW3uGhn5Cw0pj0fJDeIQf5oJ3EzZ-2vuj6Gg/viewform?entry.1274744182=https://twitter.com/bedes0311/status/1574076234883104771&entry.653903203=26772&usp=pp_url
",Negative,No,Yes,No,"['Religion', 'News', 'Corruption', 'Election', 'Nationalsecurity', 'Foreignpolicy', 'Minorities&discrimination']"
1582797888052043777,"https://docs.google.com/forms/d/e/1FAIpQLSffZugycOX3tUHW3uGhn5Cw0pj0fJDeIQf5oJ3EzZ-2vuj6Gg/viewform?entry.1274744182=https://twitter.com/dilandemirr6/status/1582797888052043777&entry.653903203=26772&usp=pp_url
",Neutral,No,Yes,No,"['Religion', 'News', 'Economy', 'Inflation&poverty', 'Unemployment', 'Education']"
1591797089134338048,"https://docs.google.com/forms/d/e/1FAIpQLSffZugycOX3tUHW3uGhn5Cw0pj0fJDeIQf5oJ3EzZ-2vuj6Gg/viewform?entry.1274744182=https://twitter.com/15binparamedik/status/1591797089134338048&entry.653903203=26772&usp=pp_url
",Neutral,No,Yes,No,"['News', 'Economy', 'Inflation&poverty', 'Unemployment', 'Health']"
1585206598628433921,"https://docs.google.com/forms/d/e/1FAIpQLSffZugycOX3tUHW3uGhn5Cw0pj0fJDeIQf5oJ3EzZ-2vuj6Gg/viewform?entry.1274744182=https://twitter.com/MVK3425/status/1585206598628433921&entry.653903203=26772&usp=pp_url
",Negative,No,Yes,Yes,"['Religion', 'News', 'Education']"
1584151658572918784,"https://docs.google.com/forms/d/e/1FAIpQLSffZugycOX3tUHW3uGhn5Cw0pj0fJDeIQf5oJ3EzZ-2vuj6Gg/viewform?entry.1274744182=https://twitter.com/ibi1601/status/1584151658572918784&entry.653903203=26772&usp=pp_url
",Neutral,Yes,Yes,No,"['Religion', 'News', 'Corruption', 'Education', 'Democracy']"
1588915997859545089,"https://docs.google.com/forms/d/e/1FAIpQLSffZugycOX3tUHW3uGhn5Cw0pj0fJDeIQf5oJ3EzZ-2vuj6Gg/viewform?entry.1274744182=https://twitter.com/MalcokFatih/status/1588915997859545089&entry.653903203=26772&usp=pp_url
",Neutral,Yes,No,No,"['News', 'Corruption', 'Democracy', 'Crime&justice']"
1585614884405911552,"https://docs.google.com/forms/d/e/1FAIpQLSffZugycOX3tUHW3uGhn5Cw0pj0fJDeIQf5oJ3EzZ-2vuj6Gg/viewform?entry.1274744182=https://twitter.com/ozgursenturk2/status/1585614884405911552&entry.653903203=26772&usp=pp_url
",Neutral,No,No,No,"['Religion', 'News', 'Health', 'Crime&justice', 'Immigration&refugees', 'Terrorism', 'Nationalsecurity', 'Foreignpolicy', 'Minorities&discrimination']"
1572340973597851648,"https://docs.google.com/forms/d/e/1FAIpQLSffZugycOX3tUHW3uGhn5Cw0pj0fJDeIQf5oJ3EzZ-2vuj6Gg/viewform?entry.1274744182=https://twitter.com/apollo14532134/status/1572340973597851648&entry.653903203=26772&usp=pp_url
",Neutral,No,Yes,No,"['News', 'Inflation&poverty', 'Unemployment', 'Corruption', 'Nationalsecurity', 'Foreignpolicy']"
1596501798839549953,"https://docs.google.com/forms/d/e/1FAIpQLSffZugycOX3tUHW3uGhn5Cw0pj0fJDeIQf5oJ3EzZ-2vuj6Gg/viewform?entry.1274744182=https://twitter.com/betl2_mina/status/1596501798839549953&entry.653903203=26772&usp=pp_url
",Neutral,No,Yes,Yes,"['News', 'Election']"
1571966189764579332,"https://docs.google.com/forms/d/e/1FAIpQLSffZugycOX3tUHW3uGhn5Cw0pj0fJDeIQf5oJ3EzZ-2vuj6Gg/viewform?entry.1274744182=https://twitter.com/ghostsolgiers/status/1571966189764579332&entry.653903203=26772&usp=pp_url
",Neutral,Yes,Yes,No,"['News', 'Education', 'Democracy']"
1585361558196011010,"https://docs.google.com/forms/d/e/1FAIpQLSffZugycOX3tUHW3uGhn5Cw0pj0fJDeIQf5oJ3EzZ-2vuj6Gg/viewform?entry.1274744182=https://twitter.com/81_nicat/status/1585361558196011010&entry.653903203=26772&usp=pp_url
",Neutral,No,No,No,"['Sports', 'News', 'Democracy', 'Crime&justice']"
1584581534824075264,"https://docs.google.com/forms/d/e/1FAIpQLSffZugycOX3tUHW3uGhn5Cw0pj0fJDeIQf5oJ3EzZ-2vuj6Gg/viewform?entry.1274744182=https://twitter.com/HasanKarayoluk2/status/1584581534824075264&entry.653903203=26772&usp=pp_url
",Neutral,No,Yes,No,['Election']
1587516077554147330,"https://docs.google.com/forms/d/e/1FAIpQLSffZugycOX3tUHW3uGhn5Cw0pj0fJDeIQf5oJ3EzZ-2vuj6Gg/viewform?entry.1274744182=https://twitter.com/erdalaltunoglu/status/1587516077554147330&entry.653903203=26772&usp=pp_url
",Neutral,Yes,No,No,"['News', 'Education', 'Democracy']"
1559963768372740098,"https://docs.google.com/forms/d/e/1FAIpQLSffZugycOX3tUHW3uGhn5Cw0pj0fJDeIQf5oJ3EzZ-2vuj6Gg/viewform?entry.1274744182=https://twitter.com/awfhdsr6/status/1559963768372740098&entry.653903203=26772&usp=pp_url
",Neutral,No,Yes,No,"['News', 'Economy', 'Inflation&poverty', 'Unemployment']"
1564926450096013313,"https://docs.google.com/forms/d/e/1FAIpQLSffZugycOX3tUHW3uGhn5Cw0pj0fJDeIQf5oJ3EzZ-2vuj6Gg/viewform?entry.1274744182=https://twitter.com/sbolusonsoz/status/1564926450096013313&entry.653903203=26772&usp=pp_url
",Positive,Yes,No,No,"['Advertisement', 'News', 'Foreignpolicy']"
1598010630380093440,"https://docs.google.com/forms/d/e/1FAIpQLSffZugycOX3tUHW3uGhn5Cw0pj0fJDeIQf5oJ3EzZ-2vuj6Gg/viewform?entry.1274744182=https://twitter.com/esraacaaglar/status/1598010630380093440&entry.653903203=26772&usp=pp_url
",Neutral,No,No,No,"['News', 'Economy', 'Inflation&poverty', 'Unemployment']"
1388235183653011462,"https://docs.google.com/forms/d/e/1FAIpQLSffZugycOX3tUHW3uGhn5Cw0pj0fJDeIQf5oJ3EzZ-2vuj6Gg/viewform?entry.1274744182=https://twitter.com/tbzoc/status/1388235183653011462&entry.653903203=26772&usp=pp_url
",Neutral,No,No,No,"['Sports', 'Music&TV']"
1587890145474510849,"https://docs.google.com/forms/d/e/1FAIpQLSffZugycOX3tUHW3uGhn5Cw0pj0fJDeIQf5oJ3EzZ-2vuj6Gg/viewform?entry.1274744182=https://twitter.com/eliffo1472/status/1587890145474510849&entry.653903203=26772&usp=pp_url
",Neutral,No,No,No,"['News', 'Economy', 'Inflation&poverty', 'Unemployment']"
1591764875034124290,"https://docs.google.com/forms/d/e/1FAIpQLSffZugycOX3tUHW3uGhn5Cw0pj0fJDeIQf5oJ3EzZ-2vuj6Gg/viewform?entry.1274744182=https://twitter.com/MalcokFatih/status/1591764875034124290&entry.653903203=26772&usp=pp_url
",Neutral,Yes,No,No,"['News', 'Corruption', 'Crime&justice']"
1585199500989063168,"https://docs.google.com/forms/d/e/1FAIpQLSffZugycOX3tUHW3uGhn5Cw0pj0fJDeIQf5oJ3EzZ-2vuj6Gg/viewform?entry.1274744182=https://twitter.com/39190739n/status/1585199500989063168&entry.653903203=26772&usp=pp_url
",Neutral,No,No,No,"['News', 'Economy', 'Corruption', 'Democracy', 'Election']"
1576653232323317760,"https://docs.google.com/forms/d/e/1FAIpQLSffZugycOX3tUHW3uGhn5Cw0pj0fJDeIQf5oJ3EzZ-2vuj6Gg/viewform?entry.1274744182=https://twitter.com/beththemac/status/1576653232323317760&entry.653903203=26772&usp=pp_url
",Neutral,No,No,No,"['News', 'Economy', 'Inflation&poverty', 'Unemployment', 'Health']"
1591134795379396608,"https://docs.google.com/forms/d/e/1FAIpQLSffZugycOX3tUHW3uGhn5Cw0pj0fJDeIQf5oJ3EzZ-2vuj6Gg/viewform?entry.1274744182=https://twitter.com/nurayytugbaa/status/1591134795379396608&entry.653903203=26772&usp=pp_url
",Neutral,No,No,No,"['News', 'Economy', 'Inflation&poverty', 'Unemployment']"
1596856005651898368,"https://docs.google.com/forms/d/e/1FAIpQLSffZugycOX3tUHW3uGhn5Cw0pj0fJDeIQf5oJ3EzZ-2vuj6Gg/viewform?entry.1274744182=https://twitter.com/anadolu0891/status/1596856005651898368&entry.653903203=26772&usp=pp_url
",Negative,No,Yes,Yes,"['News', 'Election']"
1542930453002346497,"https://docs.google.com/forms/d/e/1FAIpQLSffZugycOX3tUHW3uGhn5Cw0pj0fJDeIQf5oJ3EzZ-2vuj6Gg/viewform?entry.1274744182=https://twitter.com/Felsefe33444/status/1542930453002346497&entry.653903203=26772&usp=pp_url
",Neutral,No,Yes,No,"['News', 'Economy', 'Inflation&poverty', 'Unemployment']"
1589877905563475968,"https://docs.google.com/forms/d/e/1FAIpQLSffZugycOX3tUHW3uGhn5Cw0pj0fJDeIQf5oJ3EzZ-2vuj6Gg/viewform?entry.1274744182=https://twitter.com/NesrinAras141/status/1589877905563475968&entry.653903203=26772&usp=pp_url
",Neutral,No,No,No,"['News', 'Economy', 'Inflation&poverty', 'Unemployment', 'Health']"
1352635736537882629,"https://docs.google.com/forms/d/e/1FAIpQLSffZugycOX3tUHW3uGhn5Cw0pj0fJDeIQf5oJ3EzZ-2vuj6Gg/viewform?entry.1274744182=https://twitter.com/Limit_less_Life/status/1352635736537882629&entry.653903203=26772&usp=pp_url
",Positive,No,No,No,"['News', 'Health']"
1367571642604544000,"https://docs.google.com/forms/d/e/1FAIpQLSffZugycOX3tUHW3uGhn5Cw0pj0fJDeIQf5oJ3EzZ-2vuj6Gg/viewform?entry.1274744182=https://twitter.com/BakiDiren/status/1367571642604544000&entry.653903203=26772&usp=pp_url
",Positive,No,No,No,['nan']
1597634628579655680,"https://docs.google.com/forms/d/e/1FAIpQLSffZugycOX3tUHW3uGhn5Cw0pj0fJDeIQf5oJ3EzZ-2vuj6Gg/viewform?entry.1274744182=https://twitter.com/Memogre/status/1597634628579655680&entry.653903203=26772&usp=pp_url
",Positive,No,No,No,"['News', 'Economy', 'Inflation&poverty', 'Unemployment']"
1584942070040780803,"https://docs.google.com/forms/d/e/1FAIpQLSffZugycOX3tUHW3uGhn5Cw0pj0fJDeIQf5oJ3EzZ-2vuj6Gg/viewform?entry.1274744182=https://twitter.com/kural_erturk/status/1584942070040780803&entry.653903203=26772&usp=pp_url
",Neutral,No,No,No,"['Economy', 'Inflation&poverty', 'Unemployment', 'Corruption']"
1588940813895364609,"https://docs.google.com/forms/d/e/1FAIpQLSffZugycOX3tUHW3uGhn5Cw0pj0fJDeIQf5oJ3EzZ-2vuj6Gg/viewform?entry.1274744182=https://twitter.com/aliyldz24929221/status/1588940813895364609&entry.653903203=26772&usp=pp_url
",Neutral,No,No,No,"['News', 'Economy', 'Inflation&poverty', 'Unemployment']"
1546190342340444160,"https://docs.google.com/forms/d/e/1FAIpQLSffZugycOX3tUHW3uGhn5Cw0pj0fJDeIQf5oJ3EzZ-2vuj6Gg/viewform?entry.1274744182=https://twitter.com/rdblgc/status/1546190342340444160&entry.653903203=26772&usp=pp_url
",Neutral,No,Yes,Yes,"['Immigration&refugees', 'Nationalsecurity', 'Foreignpolicy', 'Minorities&discrimination']"
1595096089488949251,"https://docs.google.com/forms/d/e/1FAIpQLSffZugycOX3tUHW3uGhn5Cw0pj0fJDeIQf5oJ3EzZ-2vuj6Gg/viewform?entry.1274744182=https://twitter.com/Mutluilhan15/status/1595096089488949251&entry.653903203=26772&usp=pp_url
",Neutral,No,Yes,Yes,"['Election', 'Terrorism', 'Minorities&discrimination']"
1593485278420684800,"https://docs.google.com/forms/d/e/1FAIpQLSffZugycOX3tUHW3uGhn5Cw0pj0fJDeIQf5oJ3EzZ-2vuj6Gg/viewform?entry.1274744182=https://twitter.com/yagmurs888/status/1593485278420684800&entry.653903203=26772&usp=pp_url
",Positive,No,No,No,"['News', 'Economy', 'Inflation&poverty', 'Unemployment', 'Education', 'Health']"
1583858041887543296,"https://docs.google.com/forms/d/e/1FAIpQLSffZugycOX3tUHW3uGhn5Cw0pj0fJDeIQf5oJ3EzZ-2vuj6Gg/viewform?entry.1274744182=https://twitter.com/ekpssmuallime/status/1583858041887543296&entry.653903203=26772&usp=pp_url
",Neutral,No,No,No,"['News', 'Economy', 'Inflation&poverty', 'Unemployment']"
1589993032975544320,"https://docs.google.com/forms/d/e/1FAIpQLSffZugycOX3tUHW3uGhn5Cw0pj0fJDeIQf5oJ3EzZ-2vuj6Gg/viewform?entry.1274744182=https://twitter.com/hasannegr/status/1589993032975544320&entry.653903203=26772&usp=pp_url
",Neutral,No,Yes,No,"['Corruption', 'Democracy', 'Election', 'Terrorism', 'Nationalsecurity', 'Minorities&discrimination']"
1587081625850068992,"https://docs.google.com/forms/d/e/1FAIpQLSffZugycOX3tUHW3uGhn5Cw0pj0fJDeIQf5oJ3EzZ-2vuj6Gg/viewform?entry.1274744182=https://twitter.com/hiranur55508054/status/1587081625850068992&entry.653903203=26772&usp=pp_url
",Neutral,No,No,No,"['News', 'Economy', 'Inflation&poverty', 'Unemployment']"
1589685881186967552,"https://docs.google.com/forms/d/e/1FAIpQLSffZugycOX3tUHW3uGhn5Cw0pj0fJDeIQf5oJ3EzZ-2vuj6Gg/viewform?entry.1274744182=https://twitter.com/osmansonmez19/status/1589685881186967552&entry.653903203=26772&usp=pp_url
",Neutral,No,Yes,No,"['News', 'Economy', 'Inflation&poverty', 'Unemployment']"
1597999109553950721,"https://docs.google.com/forms/d/e/1FAIpQLSffZugycOX3tUHW3uGhn5Cw0pj0fJDeIQf5oJ3EzZ-2vuj6Gg/viewform?entry.1274744182=https://twitter.com/Ysf21kbn47/status/1597999109553950721&entry.653903203=26772&usp=pp_url
",Neutral,No,No,No,"['News', 'Economy', 'Inflation&poverty', 'Unemployment']"
1587628518330011649,"https://docs.google.com/forms/d/e/1FAIpQLSffZugycOX3tUHW3uGhn5Cw0pj0fJDeIQf5oJ3EzZ-2vuj6Gg/viewform?entry.1274744182=https://twitter.com/Marshallnamee/status/1587628518330011649&entry.653903203=26772&usp=pp_url
",Neutral,No,Yes,No,"['News', 'Corruption', 'Democracy', 'Election']"
1405553339039948800,"https://docs.google.com/forms/d/e/1FAIpQLSffZugycOX3tUHW3uGhn5Cw0pj0fJDeIQf5oJ3EzZ-2vuj6Gg/viewform?entry.1274744182=https://twitter.com/kediseokjin/status/1405553339039948800&entry.653903203=26772&usp=pp_url
",Neutral,Yes,No,No,['Education']
1429400917204512769,"https://docs.google.com/forms/d/e/1FAIpQLSffZugycOX3tUHW3uGhn5Cw0pj0fJDeIQf5oJ3EzZ-2vuj6Gg/viewform?entry.1274744182=https://twitter.com/problemnedirrrr/status/1429400917204512769&entry.653903203=26772&usp=pp_url
",Positive,No,No,No,['nan']
1593649159009099777,"https://docs.google.com/forms/d/e/1FAIpQLSffZugycOX3tUHW3uGhn5Cw0pj0fJDeIQf5oJ3EzZ-2vuj6Gg/viewform?entry.1274744182=https://twitter.com/Ahmetbaran70/status/1593649159009099777&entry.653903203=26772&usp=pp_url
",Neutral,Yes,Yes,No,"['News', 'Economy', 'Inflation&poverty', 'Unemployment', 'Corruption', 'Election']"
1597194231143370752,"https://docs.google.com/forms/d/e/1FAIpQLSffZugycOX3tUHW3uGhn5Cw0pj0fJDeIQf5oJ3EzZ-2vuj6Gg/viewform?entry.1274744182=https://twitter.com/melisyy6/status/1597194231143370752&entry.653903203=26772&usp=pp_url
",Neutral,No,No,No,"['News', 'Economy', 'Inflation&poverty', 'Unemployment', 'Health']"
1551163840368414722,"https://docs.google.com/forms/d/e/1FAIpQLSffZugycOX3tUHW3uGhn5Cw0pj0fJDeIQf5oJ3EzZ-2vuj6Gg/viewform?entry.1274744182=https://twitter.com/SED58417690/status/1551163840368414722&entry.653903203=26772&usp=pp_url
",Neutral,No,No,No,"['News', 'Economy', 'Inflation&poverty', 'Unemployment', 'Education', 'Health']"
1588733062564937730,"https://docs.google.com/forms/d/e/1FAIpQLSffZugycOX3tUHW3uGhn5Cw0pj0fJDeIQf5oJ3EzZ-2vuj6Gg/viewform?entry.1274744182=https://twitter.com/cancakir4444/status/1588733062564937730&entry.653903203=26772&usp=pp_url
",Neutral,No,Yes,No,"['News', 'Economy', 'Corruption', 'Election', 'Crime&justice']"
1425586840300576768,"https://docs.google.com/forms/d/e/1FAIpQLSffZugycOX3tUHW3uGhn5Cw0pj0fJDeIQf5oJ3EzZ-2vuj6Gg/viewform?entry.1274744182=https://twitter.com/witchsoeur/status/1425586840300576768&entry.653903203=26772&usp=pp_url
",Neutral,No,No,No,['nan']
1595764174377963522,"https://docs.google.com/forms/d/e/1FAIpQLSffZugycOX3tUHW3uGhn5Cw0pj0fJDeIQf5oJ3EzZ-2vuj6Gg/viewform?entry.1274744182=https://twitter.com/AnkaraMasasi/status/1595764174377963522&entry.653903203=26772&usp=pp_url
",Neutral,No,No,No,"['News', 'Election', 'Crime&justice']"
1588663824345083904,"https://docs.google.com/forms/d/e/1FAIpQLSffZugycOX3tUHW3uGhn5Cw0pj0fJDeIQf5oJ3EzZ-2vuj6Gg/viewform?entry.1274744182=https://twitter.com/kilickan2/status/1588663824345083904&entry.653903203=26772&usp=pp_url
",Neutral,No,Yes,No,"['News', 'Economy', 'Inflation&poverty', 'Unemployment', 'Corruption', 'Democracy', 'Election', 'Nationalsecurity', 'Foreignpolicy']"
1356926480605982728,"https://docs.google.com/forms/d/e/1FAIpQLSffZugycOX3tUHW3uGhn5Cw0pj0fJDeIQf5oJ3EzZ-2vuj6Gg/viewform?entry.1274744182=https://twitter.com/Mucahityilmz61/status/1356926480605982728&entry.653903203=26772&usp=pp_url
",Positive,No,No,No,['nan']
1362140698821206018,"https://docs.google.com/forms/d/e/1FAIpQLSffZugycOX3tUHW3uGhn5Cw0pj0fJDeIQf5oJ3EzZ-2vuj6Gg/viewform?entry.1274744182=https://twitter.com/ndeshyyyy/status/1362140698821206018&entry.653903203=26772&usp=pp_url
",Positive,No,No,No,['nan']
1587156796875087872,"https://docs.google.com/forms/d/e/1FAIpQLSffZugycOX3tUHW3uGhn5Cw0pj0fJDeIQf5oJ3EzZ-2vuj6Gg/viewform?entry.1274744182=https://twitter.com/anilkartt/status/1587156796875087872&entry.653903203=26772&usp=pp_url
",Neutral,No,Yes,No,"['News', 'Economy', 'Inflation&poverty', 'Unemployment', 'Election']"
1558869732660494342,"https://docs.google.com/forms/d/e/1FAIpQLSffZugycOX3tUHW3uGhn5Cw0pj0fJDeIQf5oJ3EzZ-2vuj6Gg/viewform?entry.1274744182=https://twitter.com/Buket20903643/status/1558869732660494342&entry.653903203=26772&usp=pp_url
",Positive,No,Yes,No,['Election']
1380239007754387458,"https://docs.google.com/forms/d/e/1FAIpQLSffZugycOX3tUHW3uGhn5Cw0pj0fJDeIQf5oJ3EzZ-2vuj6Gg/viewform?entry.1274744182=https://twitter.com/Samir_Zoltrix/status/1380239007754387458&entry.653903203=26772&usp=pp_url
",Positive,No,No,No,['nan']
1562853131251118081,"https://docs.google.com/forms/d/e/1FAIpQLSffZugycOX3tUHW3uGhn5Cw0pj0fJDeIQf5oJ3EzZ-2vuj6Gg/viewform?entry.1274744182=https://twitter.com/akanturker/status/1562853131251118081&entry.653903203=26772&usp=pp_url
",Positive,No,No,No,"['News', 'Democracy', 'Election']"
1559232513746386948,"https://docs.google.com/forms/d/e/1FAIpQLSffZugycOX3tUHW3uGhn5Cw0pj0fJDeIQf5oJ3EzZ-2vuj6Gg/viewform?entry.1274744182=https://twitter.com/GAlpsoylu/status/1559232513746386948&entry.653903203=26772&usp=pp_url
",Neutral,No,No,No,"['News', 'Economy', 'Inflation&poverty', 'Unemployment', 'Education']"
1595565514939666433,"https://docs.google.com/forms/d/e/1FAIpQLSffZugycOX3tUHW3uGhn5Cw0pj0fJDeIQf5oJ3EzZ-2vuj6Gg/viewform?entry.1274744182=https://twitter.com/hecanersin/status/1595565514939666433&entry.653903203=26772&usp=pp_url
",Negative,Yes,Yes,Yes,"['News', 'Crime&justice', 'Immigration&refugees', 'Terrorism', 'Minorities&discrimination']"
1574004830393319424,"https://docs.google.com/forms/d/e/1FAIpQLSffZugycOX3tUHW3uGhn5Cw0pj0fJDeIQf5oJ3EzZ-2vuj6Gg/viewform?entry.1274744182=https://twitter.com/psikolog777/status/1574004830393319424&entry.653903203=26772&usp=pp_url
",Neutral,No,Yes,No,"['News', 'Economy', 'Inflation&poverty', 'Unemployment', 'Health']"
1597940081548922880,"https://docs.google.com/forms/d/e/1FAIpQLSffZugycOX3tUHW3uGhn5Cw0pj0fJDeIQf5oJ3EzZ-2vuj6Gg/viewform?entry.1274744182=https://twitter.com/llxzranr/status/1597940081548922880&entry.653903203=26772&usp=pp_url
",Neutral,No,No,No,['Music&TV']
1588452263047069697,"https://docs.google.com/forms/d/e/1FAIpQLSffZugycOX3tUHW3uGhn5Cw0pj0fJDeIQf5oJ3EzZ-2vuj6Gg/viewform?entry.1274744182=https://twitter.com/mtfdan/status/1588452263047069697&entry.653903203=26772&usp=pp_url
",Neutral,No,No,No,"['News', 'Democracy', 'Minorities&discrimination']"
1584987517195280385,"https://docs.google.com/forms/d/e/1FAIpQLSffZugycOX3tUHW3uGhn5Cw0pj0fJDeIQf5oJ3EzZ-2vuj6Gg/viewform?entry.1274744182=https://twitter.com/Fatos17425358/status/1584987517195280385&entry.653903203=26772&usp=pp_url
",Neutral,No,Yes,No,"['News', 'Economy', 'Inflation&poverty', 'Unemployment']"
1357061263289892873,"https://docs.google.com/forms/d/e/1FAIpQLSffZugycOX3tUHW3uGhn5Cw0pj0fJDeIQf5oJ3EzZ-2vuj6Gg/viewform?entry.1274744182=https://twitter.com/AKocak57/status/1357061263289892873&entry.653903203=26772&usp=pp_url
",Neutral,No,No,No,['nan']
1580972644937404417,"https://docs.google.com/forms/d/e/1FAIpQLSffZugycOX3tUHW3uGhn5Cw0pj0fJDeIQf5oJ3EzZ-2vuj6Gg/viewform?entry.1274744182=https://twitter.com/sanatveinsan/status/1580972644937404417&entry.653903203=26772&usp=pp_url
",Neutral,No,No,No,"['News', 'Economy', 'Inflation&poverty', 'Unemployment']"
1585396891675942912,"https://docs.google.com/forms/d/e/1FAIpQLSffZugycOX3tUHW3uGhn5Cw0pj0fJDeIQf5oJ3EzZ-2vuj6Gg/viewform?entry.1274744182=https://twitter.com/CKurubal34/status/1585396891675942912&entry.653903203=26772&usp=pp_url
",Negative,No,Yes,Yes,"['News', 'Corruption', 'Election', 'Terrorism', 'Minorities&discrimination']"
1585230947259416577,"https://docs.google.com/forms/d/e/1FAIpQLSffZugycOX3tUHW3uGhn5Cw0pj0fJDeIQf5oJ3EzZ-2vuj6Gg/viewform?entry.1274744182=https://twitter.com/milliangarali/status/1585230947259416577&entry.653903203=26772&usp=pp_url
",Neutral,No,Yes,No,"['Advertisement', 'News', 'Economy', 'Corruption', 'Education', 'Democracy', 'Election']"
1590013840141737985,"https://docs.google.com/forms/d/e/1FAIpQLSffZugycOX3tUHW3uGhn5Cw0pj0fJDeIQf5oJ3EzZ-2vuj6Gg/viewform?entry.1274744182=https://twitter.com/minel_naml/status/1590013840141737985&entry.653903203=26772&usp=pp_url
",Neutral,No,No,No,"['News', 'Economy', 'Inflation&poverty', 'Unemployment', 'Education']"
1349119441355890690,"https://docs.google.com/forms/d/e/1FAIpQLSffZugycOX3tUHW3uGhn5Cw0pj0fJDeIQf5oJ3EzZ-2vuj6Gg/viewform?entry.1274744182=https://twitter.com/lavantabakani/status/1349119441355890690&entry.653903203=26772&usp=pp_url
",Neutral,No,No,No,['Music&TV']
1552430392195547136,"https://docs.google.com/forms/d/e/1FAIpQLSffZugycOX3tUHW3uGhn5Cw0pj0fJDeIQf5oJ3EzZ-2vuj6Gg/viewform?entry.1274744182=https://twitter.com/MMustafaEksi53/status/1552430392195547136&entry.653903203=26772&usp=pp_url
",Negative,No,Yes,Yes,"['Religion', 'News', 'Election', 'Immigration&refugees', 'Foreignpolicy', 'Minorities&discrimination']"
1597660343375138816,"https://docs.google.com/forms/d/e/1FAIpQLSffZugycOX3tUHW3uGhn5Cw0pj0fJDeIQf5oJ3EzZ-2vuj6Gg/viewform?entry.1274744182=https://twitter.com/akp_go_home/status/1597660343375138816&entry.653903203=26772&usp=pp_url
",Neutral,No,Yes,No,"['News', 'Economy', 'Inflation&poverty', 'Unemployment', 'Corruption', 'Democracy', 'Election']"
1591352935044161537,"https://docs.google.com/forms/d/e/1FAIpQLSffZugycOX3tUHW3uGhn5Cw0pj0fJDeIQf5oJ3EzZ-2vuj6Gg/viewform?entry.1274744182=https://twitter.com/KabasakalHac/status/1591352935044161537&entry.653903203=26772&usp=pp_url
",Neutral,No,Yes,No,"['News', 'Unemployment', 'Corruption', 'Election', 'Crime&justice', 'Immigration&refugees', 'Terrorism', 'Nationalsecurity', 'Minorities&discrimination']"
1594246341969985544,"https://docs.google.com/forms/d/e/1FAIpQLSffZugycOX3tUHW3uGhn5Cw0pj0fJDeIQf5oJ3EzZ-2vuj6Gg/viewform?entry.1274744182=https://twitter.com/ibrahimavcu10/status/1594246341969985544&entry.653903203=26772&usp=pp_url
",Neutral,No,No,No,['nan']
1595021919987826688,"https://docs.google.com/forms/d/e/1FAIpQLSffZugycOX3tUHW3uGhn5Cw0pj0fJDeIQf5oJ3EzZ-2vuj6Gg/viewform?entry.1274744182=https://twitter.com/SgkKadroBekliyo/status/1595021919987826688&entry.653903203=26772&usp=pp_url
",Neutral,No,No,No,"['News', 'Economy', 'Inflation&poverty', 'Unemployment']"
1595484674515951616,"https://docs.google.com/forms/d/e/1FAIpQLSffZugycOX3tUHW3uGhn5Cw0pj0fJDeIQf5oJ3EzZ-2vuj6Gg/viewform?entry.1274744182=https://twitter.com/Satozdemir3737/status/1595484674515951616&entry.653903203=26772&usp=pp_url
",Neutral,No,Yes,No,"['News', 'Economy', 'Inflation&poverty', 'Unemployment']"
1434819259218153472,"https://docs.google.com/forms/d/e/1FAIpQLSffZugycOX3tUHW3uGhn5Cw0pj0fJDeIQf5oJ3EzZ-2vuj6Gg/viewform?entry.1274744182=https://twitter.com/chanel_leio/status/1434819259218153472&entry.653903203=26772&usp=pp_url
",Neutral,No,No,No,['nan']
1578448632533028865,"https://docs.google.com/forms/d/e/1FAIpQLSffZugycOX3tUHW3uGhn5Cw0pj0fJDeIQf5oJ3EzZ-2vuj6Gg/viewform?entry.1274744182=https://twitter.com/osman43026850/status/1578448632533028865&entry.653903203=26772&usp=pp_url
",Neutral,No,No,No,"['News', 'Economy', 'Inflation&poverty', 'Unemployment']"
1589166984146870273,"https://docs.google.com/forms/d/e/1FAIpQLSffZugycOX3tUHW3uGhn5Cw0pj0fJDeIQf5oJ3EzZ-2vuj6Gg/viewform?entry.1274744182=https://twitter.com/zndeekrhnn/status/1589166984146870273&entry.653903203=26772&usp=pp_url
",Neutral,No,No,No,"['News', 'Economy', 'Inflation&poverty', 'Unemployment', 'Education']"
1594242562537443331,"https://docs.google.com/forms/d/e/1FAIpQLSffZugycOX3tUHW3uGhn5Cw0pj0fJDeIQf5oJ3EzZ-2vuj6Gg/viewform?entry.1274744182=https://twitter.com/300ccc300/status/1594242562537443331&entry.653903203=26772&usp=pp_url
",Neutral,No,Yes,No,"['News', 'Education']"
1596394245874647040,"https://docs.google.com/forms/d/e/1FAIpQLSffZugycOX3tUHW3uGhn5Cw0pj0fJDeIQf5oJ3EzZ-2vuj6Gg/viewform?entry.1274744182=https://twitter.com/efendi_inan/status/1596394245874647040&entry.653903203=26772&usp=pp_url
",Neutral,No,No,No,"['News', 'Economy', 'Inflation&poverty', 'Unemployment']"
1403358510935650310,"https://docs.google.com/forms/d/e/1FAIpQLSffZugycOX3tUHW3uGhn5Cw0pj0fJDeIQf5oJ3EzZ-2vuj6Gg/viewform?entry.1274744182=https://twitter.com/ambarad_/status/1403358510935650310&entry.653903203=26772&usp=pp_url
",Negative,No,No,No,"['Sports', 'Music&TV', 'Advertisement']"
1373035580888612877,"https://docs.google.com/forms/d/e/1FAIpQLSffZugycOX3tUHW3uGhn5Cw0pj0fJDeIQf5oJ3EzZ-2vuj6Gg/viewform?entry.1274744182=https://twitter.com/bedirhanhacii/status/1373035580888612877&entry.653903203=26772&usp=pp_url
",Negative,No,No,No,['nan']
1593233299941765120,"https://docs.google.com/forms/d/e/1FAIpQLSffZugycOX3tUHW3uGhn5Cw0pj0fJDeIQf5oJ3EzZ-2vuj6Gg/viewform?entry.1274744182=https://twitter.com/kisacazeze/status/1593233299941765120&entry.653903203=26772&usp=pp_url
",Neutral,No,Yes,No,"['News', 'Corruption', 'Nationalsecurity']"
1592120408073203712,"https://docs.google.com/forms/d/e/1FAIpQLSffZugycOX3tUHW3uGhn5Cw0pj0fJDeIQf5oJ3EzZ-2vuj6Gg/viewform?entry.1274744182=https://twitter.com/shingensbanner/status/1592120408073203712&entry.653903203=26772&usp=pp_url
",Negative,Yes,Yes,Yes,"['News', 'Corruption', 'Democracy', 'Election', 'Crime&justice', 'Immigration&refugees', 'Terrorism', 'Nationalsecurity', 'Foreignpolicy', 'Minorities&discrimination']"
1588523562553708544,"https://docs.google.com/forms/d/e/1FAIpQLSffZugycOX3tUHW3uGhn5Cw0pj0fJDeIQf5oJ3EzZ-2vuj6Gg/viewform?entry.1274744182=https://twitter.com/iyilikiyidir01/status/1588523562553708544&entry.653903203=26772&usp=pp_url
",Neutral,Yes,No,No,"['News', 'Corruption', 'Democracy', 'Election', 'Crime&justice', 'Immigration&refugees', 'Nationalsecurity', 'Foreignpolicy', 'Minorities&discrimination']"
1589040659867893760,"https://docs.google.com/forms/d/e/1FAIpQLSffZugycOX3tUHW3uGhn5Cw0pj0fJDeIQf5oJ3EzZ-2vuj6Gg/viewform?entry.1274744182=https://twitter.com/Akinux1/status/1589040659867893760&entry.653903203=26772&usp=pp_url
",Negative,No,Yes,No,"['News', 'Election', 'Immigration&refugees', 'Terrorism', 'Nationalsecurity', 'Foreignpolicy', 'Minorities&discrimination']"
1587851154397929472,"https://docs.google.com/forms/d/e/1FAIpQLSffZugycOX3tUHW3uGhn5Cw0pj0fJDeIQf5oJ3EzZ-2vuj6Gg/viewform?entry.1274744182=https://twitter.com/Ismail12064786/status/1587851154397929472&entry.653903203=26772&usp=pp_url
",Neutral,No,No,No,"['News', 'Economy', 'Inflation&poverty']"
1555885479131860992,"https://docs.google.com/forms/d/e/1FAIpQLSffZugycOX3tUHW3uGhn5Cw0pj0fJDeIQf5oJ3EzZ-2vuj6Gg/viewform?entry.1274744182=https://twitter.com/yetenk/status/1555885479131860992&entry.653903203=26772&usp=pp_url
",Negative,No,Yes,No,"['News', 'Corruption', 'Democracy', 'Election', 'Immigration&refugees', 'Nationalsecurity', 'Minorities&discrimination']"
1592436958877605894,"https://docs.google.com/forms/d/e/1FAIpQLSffZugycOX3tUHW3uGhn5Cw0pj0fJDeIQf5oJ3EzZ-2vuj6Gg/viewform?entry.1274744182=https://twitter.com/fcankaracaoglan/status/1592436958877605894&entry.653903203=26772&usp=pp_url
",Positive,Yes,Yes,No,"['News', 'Democracy', 'Election', 'Crime&justice', 'Terrorism', 'Nationalsecurity', 'Foreignpolicy']"
1570428119609139201,"https://docs.google.com/forms/d/e/1FAIpQLSffZugycOX3tUHW3uGhn5Cw0pj0fJDeIQf5oJ3EzZ-2vuj6Gg/viewform?entry.1274744182=https://twitter.com/HamitElKelle/status/1570428119609139201&entry.653903203=26772&usp=pp_url
",Negative,Yes,Yes,No,"['News', 'Corruption', 'Terrorism', 'Nationalsecurity', 'Foreignpolicy', 'Minorities&discrimination']"
1560353219905294336,"https://docs.google.com/forms/d/e/1FAIpQLSffZugycOX3tUHW3uGhn5Cw0pj0fJDeIQf5oJ3EzZ-2vuj6Gg/viewform?entry.1274744182=https://twitter.com/DNZGKC2678/status/1560353219905294336&entry.653903203=26772&usp=pp_url
",Neutral,No,No,No,['nan']
1588568792984346624,"https://docs.google.com/forms/d/e/1FAIpQLSffZugycOX3tUHW3uGhn5Cw0pj0fJDeIQf5oJ3EzZ-2vuj6Gg/viewform?entry.1274744182=https://twitter.com/Maviruh_/status/1588568792984346624&entry.653903203=26772&usp=pp_url
",Neutral,No,No,No,"['Economy', 'Inflation&poverty', 'Unemployment', 'Corruption']"
1595474802587963398,"https://docs.google.com/forms/d/e/1FAIpQLSffZugycOX3tUHW3uGhn5Cw0pj0fJDeIQf5oJ3EzZ-2vuj6Gg/viewform?entry.1274744182=https://twitter.com/Fadimez72579168/status/1595474802587963398&entry.653903203=26772&usp=pp_url
",Neutral,No,Yes,No,"['News', 'Economy', 'Inflation&poverty', 'Unemployment']"
1597953829508894721,"https://docs.google.com/forms/d/e/1FAIpQLSffZugycOX3tUHW3uGhn5Cw0pj0fJDeIQf5oJ3EzZ-2vuj6Gg/viewform?entry.1274744182=https://twitter.com/bjk_1903198/status/1597953829508894721&entry.653903203=26772&usp=pp_url
",Neutral,Yes,No,No,"['News', 'Economy', 'Inflation&poverty', 'Unemployment', 'Education', 'Health']"
1440907983102300161,"https://docs.google.com/forms/d/e/1FAIpQLSffZugycOX3tUHW3uGhn5Cw0pj0fJDeIQf5oJ3EzZ-2vuj6Gg/viewform?entry.1274744182=https://twitter.com/chivassextra/status/1440907983102300161&entry.653903203=26772&usp=pp_url
",Neutral,Yes,No,No,['nan']
1593743039264358400,"https://docs.google.com/forms/d/e/1FAIpQLSffZugycOX3tUHW3uGhn5Cw0pj0fJDeIQf5oJ3EzZ-2vuj6Gg/viewform?entry.1274744182=https://twitter.com/dogan137askin/status/1593743039264358400&entry.653903203=26772&usp=pp_url
",Negative,No,Yes,Yes,"['News', 'Democracy', 'Election']"
1585766233491886081,"https://docs.google.com/forms/d/e/1FAIpQLSffZugycOX3tUHW3uGhn5Cw0pj0fJDeIQf5oJ3EzZ-2vuj6Gg/viewform?entry.1274744182=https://twitter.com/ekalkanli2023/status/1585766233491886081&entry.653903203=26772&usp=pp_url
",Neutral,No,Yes,No,"['News', 'Corruption', 'Democracy', 'Election', 'Terrorism', 'Minorities&discrimination']"
1596508764701614086,"https://docs.google.com/forms/d/e/1FAIpQLSffZugycOX3tUHW3uGhn5Cw0pj0fJDeIQf5oJ3EzZ-2vuj6Gg/viewform?entry.1274744182=https://twitter.com/Fatima92742598/status/1596508764701614086&entry.653903203=26772&usp=pp_url
",Positive,Yes,Yes,No,"['Religion', 'News', 'Election']"
1593694443458203648,"https://docs.google.com/forms/d/e/1FAIpQLSffZugycOX3tUHW3uGhn5Cw0pj0fJDeIQf5oJ3EzZ-2vuj6Gg/viewform?entry.1274744182=https://twitter.com/EmreAkkus_38/status/1593694443458203648&entry.653903203=26772&usp=pp_url
",Neutral,Yes,Yes,No,"['Economy', 'Inflation&poverty', 'Unemployment', 'Corruption']"
1574030309909495808,"https://docs.google.com/forms/d/e/1FAIpQLSffZugycOX3tUHW3uGhn5Cw0pj0fJDeIQf5oJ3EzZ-2vuj6Gg/viewform?entry.1274744182=https://twitter.com/Muhamme09865020/status/1574030309909495808&entry.653903203=26772&usp=pp_url
",Neutral,Yes,Yes,No,"['News', 'Unemployment', 'Education', 'Democracy', 'Crime&justice']"
1583414053447569408,"https://docs.google.com/forms/d/e/1FAIpQLSffZugycOX3tUHW3uGhn5Cw0pj0fJDeIQf5oJ3EzZ-2vuj6Gg/viewform?entry.1274744182=https://twitter.com/Evrendilek35/status/1583414053447569408&entry.653903203=26772&usp=pp_url
",Neutral,No,No,No,['News']
1592440587923632128,"https://docs.google.com/forms/d/e/1FAIpQLSffZugycOX3tUHW3uGhn5Cw0pj0fJDeIQf5oJ3EzZ-2vuj6Gg/viewform?entry.1274744182=https://twitter.com/AzizErguven/status/1592440587923632128&entry.653903203=26772&usp=pp_url
",Neutral,Yes,Yes,No,"['News', 'Corruption', 'Election']"
1552954430907113472,"https://docs.google.com/forms/d/e/1FAIpQLSffZugycOX3tUHW3uGhn5Cw0pj0fJDeIQf5oJ3EzZ-2vuj6Gg/viewform?entry.1274744182=https://twitter.com/ZehraKkaliolu1/status/1552954430907113472&entry.653903203=26772&usp=pp_url
",Neutral,No,Yes,No,"['News', 'Election', 'Immigration&refugees', 'Nationalsecurity', 'Foreignpolicy', 'Minorities&discrimination']"
1429749702128541700,"https://docs.google.com/forms/d/e/1FAIpQLSffZugycOX3tUHW3uGhn5Cw0pj0fJDeIQf5oJ3EzZ-2vuj6Gg/viewform?entry.1274744182=https://twitter.com/MEyydesen/status/1429749702128541700&entry.653903203=26772&usp=pp_url
",Positive,No,No,No,['nan']
1591435821231796229,"https://docs.google.com/forms/d/e/1FAIpQLSffZugycOX3tUHW3uGhn5Cw0pj0fJDeIQf5oJ3EzZ-2vuj6Gg/viewform?entry.1274744182=https://twitter.com/brahimMuratoul1/status/1591435821231796229&entry.653903203=26772&usp=pp_url
",Neutral,No,Yes,No,"['News', 'Economy', 'Inflation&poverty', 'Unemployment']"
1345873593650081792,"https://docs.google.com/forms/d/e/1FAIpQLSffZugycOX3tUHW3uGhn5Cw0pj0fJDeIQf5oJ3EzZ-2vuj6Gg/viewform?entry.1274744182=https://twitter.com/Lvschxr/status/1345873593650081792&entry.653903203=26772&usp=pp_url
",Positive,No,No,No,['nan']
1583565408543481856,"https://docs.google.com/forms/d/e/1FAIpQLSffZugycOX3tUHW3uGhn5Cw0pj0fJDeIQf5oJ3EzZ-2vuj6Gg/viewform?entry.1274744182=https://twitter.com/Atlibatur1/status/1583565408543481856&entry.653903203=26772&usp=pp_url
",Neutral,No,No,No,['Health']
1418861974277042182,"https://docs.google.com/forms/d/e/1FAIpQLSffZugycOX3tUHW3uGhn5Cw0pj0fJDeIQf5oJ3EzZ-2vuj6Gg/viewform?entry.1274744182=https://twitter.com/KimsesizCahit/status/1418861974277042182&entry.653903203=26772&usp=pp_url
",Positive,No,Yes,No,"['News', 'Election']"
