,url,isOrganizational,isBot,isTroll,gender
nedenburdaysam,"https://docs.google.com/forms/d/e/1FAIpQLSeFf-DH8zs9gbESljXLtJb1g2xBtRpLgIOEwwvN6BeyDADq4w/viewform?entry.471770043=https://twitter.com/nedenburdaysam&entry.1108662262=26850&usp=pp_url
",No,No,No,Female
muratabdi52,"https://docs.google.com/forms/d/e/1FAIpQLSeFf-DH8zs9gbESljXLtJb1g2xBtRpLgIOEwwvN6BeyDADq4w/viewform?entry.471770043=https://twitter.com/muratabdi52&entry.1108662262=26850&usp=pp_url
",No,No,Yes,Male
0387cenk,"https://docs.google.com/forms/d/e/1FAIpQLSeFf-DH8zs9gbESljXLtJb1g2xBtRpLgIOEwwvN6BeyDADq4w/viewform?entry.471770043=https://twitter.com/0387Cenk&entry.1108662262=26850&usp=pp_url
",No,No,No,Male
alparsl27435232,"https://docs.google.com/forms/d/e/1FAIpQLSeFf-DH8zs9gbESljXLtJb1g2xBtRpLgIOEwwvN6BeyDADq4w/viewform?entry.471770043=https://twitter.com/Alparsl27435232&entry.1108662262=26850&usp=pp_url
",No,No,Yes,Male
atatrk41940814,"https://docs.google.com/forms/d/e/1FAIpQLSeFf-DH8zs9gbESljXLtJb1g2xBtRpLgIOEwwvN6BeyDADq4w/viewform?entry.471770043=https://twitter.com/AtaTrk41940814&entry.1108662262=26850&usp=pp_url
",No,No,Yes,Male
iser2121,"https://docs.google.com/forms/d/e/1FAIpQLSeFf-DH8zs9gbESljXLtJb1g2xBtRpLgIOEwwvN6BeyDADq4w/viewform?entry.471770043=https://twitter.com/iser2121&entry.1108662262=26850&usp=pp_url
",No,Yes,No,Not sure
yalcingg,"https://docs.google.com/forms/d/e/1FAIpQLSeFf-DH8zs9gbESljXLtJb1g2xBtRpLgIOEwwvN6BeyDADq4w/viewform?entry.471770043=https://twitter.com/Yalcingg&entry.1108662262=26850&usp=pp_url
",No,No,No,Male
kirimali,"https://docs.google.com/forms/d/e/1FAIpQLSeFf-DH8zs9gbESljXLtJb1g2xBtRpLgIOEwwvN6BeyDADq4w/viewform?entry.471770043=https://twitter.com/kirimali&entry.1108662262=26850&usp=pp_url
",No,No,Yes,Male
bygumuspala6060,"https://docs.google.com/forms/d/e/1FAIpQLSeFf-DH8zs9gbESljXLtJb1g2xBtRpLgIOEwwvN6BeyDADq4w/viewform?entry.471770043=https://twitter.com/bygumuspala6060&entry.1108662262=26850&usp=pp_url
",No,No,Yes,Not sure
kose_samet,"https://docs.google.com/forms/d/e/1FAIpQLSeFf-DH8zs9gbESljXLtJb1g2xBtRpLgIOEwwvN6BeyDADq4w/viewform?entry.471770043=https://twitter.com/kose_samet&entry.1108662262=26850&usp=pp_url
",No,No,Not sure,Male
gaspadin251,"https://docs.google.com/forms/d/e/1FAIpQLSeFf-DH8zs9gbESljXLtJb1g2xBtRpLgIOEwwvN6BeyDADq4w/viewform?entry.471770043=https://twitter.com/gaspadin251&entry.1108662262=26850&usp=pp_url
",No,Yes,Yes,Not sure
fasgumus,"https://docs.google.com/forms/d/e/1FAIpQLSeFf-DH8zs9gbESljXLtJb1g2xBtRpLgIOEwwvN6BeyDADq4w/viewform?entry.471770043=https://twitter.com/FAsgumus&entry.1108662262=26850&usp=pp_url
",No,Not sure,Yes,Male
svgiiciimmm,"https://docs.google.com/forms/d/e/1FAIpQLSeFf-DH8zs9gbESljXLtJb1g2xBtRpLgIOEwwvN6BeyDADq4w/viewform?entry.471770043=https://twitter.com/svgiiciimmm&entry.1108662262=26850&usp=pp_url
",No,No,No,Female
arifayd89909179,"https://docs.google.com/forms/d/e/1FAIpQLSeFf-DH8zs9gbESljXLtJb1g2xBtRpLgIOEwwvN6BeyDADq4w/viewform?entry.471770043=https://twitter.com/ArifAyd89909179&entry.1108662262=26850&usp=pp_url
",No,Yes,No,Not sure
salihavcolu6,"https://docs.google.com/forms/d/e/1FAIpQLSeFf-DH8zs9gbESljXLtJb1g2xBtRpLgIOEwwvN6BeyDADq4w/viewform?entry.471770043=https://twitter.com/SalihAvcolu6&entry.1108662262=26850&usp=pp_url
",No,Yes,Yes,Male
turkiye1980,"https://docs.google.com/forms/d/e/1FAIpQLSeFf-DH8zs9gbESljXLtJb1g2xBtRpLgIOEwwvN6BeyDADq4w/viewform?entry.471770043=https://twitter.com/turkiye1980&entry.1108662262=26850&usp=pp_url
",No,Yes,Yes,Not sure
yavuzsanisoglu,"https://docs.google.com/forms/d/e/1FAIpQLSeFf-DH8zs9gbESljXLtJb1g2xBtRpLgIOEwwvN6BeyDADq4w/viewform?entry.471770043=https://twitter.com/yavuzsanisoglu&entry.1108662262=26850&usp=pp_url
",No,Yes,Yes,Male
davut_sandikci,"https://docs.google.com/forms/d/e/1FAIpQLSeFf-DH8zs9gbESljXLtJb1g2xBtRpLgIOEwwvN6BeyDADq4w/viewform?entry.471770043=https://twitter.com/davut_sandikci&entry.1108662262=26850&usp=pp_url
",No,No,No,Male
birkomikpanda,"https://docs.google.com/forms/d/e/1FAIpQLSeFf-DH8zs9gbESljXLtJb1g2xBtRpLgIOEwwvN6BeyDADq4w/viewform?entry.471770043=https://twitter.com/birkomikpanda&entry.1108662262=26850&usp=pp_url
",No,No,No,Female
rabisdyeebri,"https://docs.google.com/forms/d/e/1FAIpQLSeFf-DH8zs9gbESljXLtJb1g2xBtRpLgIOEwwvN6BeyDADq4w/viewform?entry.471770043=https://twitter.com/rabisdyeebri&entry.1108662262=26850&usp=pp_url
",No,No,No,Female
kgmbora,"https://docs.google.com/forms/d/e/1FAIpQLSeFf-DH8zs9gbESljXLtJb1g2xBtRpLgIOEwwvN6BeyDADq4w/viewform?entry.471770043=https://twitter.com/KgmBora&entry.1108662262=26850&usp=pp_url
",No,Yes,No,Not sure
gkdnzsari,"https://docs.google.com/forms/d/e/1FAIpQLSeFf-DH8zs9gbESljXLtJb1g2xBtRpLgIOEwwvN6BeyDADq4w/viewform?entry.471770043=https://twitter.com/gkdnzsari&entry.1108662262=26850&usp=pp_url
",No,Not sure,Not sure,Male
vahit421,"https://docs.google.com/forms/d/e/1FAIpQLSeFf-DH8zs9gbESljXLtJb1g2xBtRpLgIOEwwvN6BeyDADq4w/viewform?entry.471770043=https://twitter.com/Vahit421&entry.1108662262=26850&usp=pp_url
",No,Yes,Yes,Not sure
misstubiii,"https://docs.google.com/forms/d/e/1FAIpQLSeFf-DH8zs9gbESljXLtJb1g2xBtRpLgIOEwwvN6BeyDADq4w/viewform?entry.471770043=https://twitter.com/misstubiii&entry.1108662262=26850&usp=pp_url
",No,No,Not sure,Female
mvnez,"https://docs.google.com/forms/d/e/1FAIpQLSeFf-DH8zs9gbESljXLtJb1g2xBtRpLgIOEwwvN6BeyDADq4w/viewform?entry.471770043=https://twitter.com/mvnez&entry.1108662262=26850&usp=pp_url
",No,No,No,Female
suatiyisoy1,"https://docs.google.com/forms/d/e/1FAIpQLSeFf-DH8zs9gbESljXLtJb1g2xBtRpLgIOEwwvN6BeyDADq4w/viewform?entry.471770043=https://twitter.com/Suatiyisoy1&entry.1108662262=26850&usp=pp_url
",No,Yes,Yes,Male
sunayildizoglu,"https://docs.google.com/forms/d/e/1FAIpQLSeFf-DH8zs9gbESljXLtJb1g2xBtRpLgIOEwwvN6BeyDADq4w/viewform?entry.471770043=https://twitter.com/SunaYildizoglu&entry.1108662262=26850&usp=pp_url
",No,No,No,Female
brahimg77016159,"https://docs.google.com/forms/d/e/1FAIpQLSeFf-DH8zs9gbESljXLtJb1g2xBtRpLgIOEwwvN6BeyDADq4w/viewform?entry.471770043=https://twitter.com/brahimg77016159&entry.1108662262=26850&usp=pp_url
",No,No,Yes,Male
okyayuluer,"https://docs.google.com/forms/d/e/1FAIpQLSeFf-DH8zs9gbESljXLtJb1g2xBtRpLgIOEwwvN6BeyDADq4w/viewform?entry.471770043=https://twitter.com/OkyayUluer&entry.1108662262=26850&usp=pp_url
",No,No,Yes,Male
esref_1981,"https://docs.google.com/forms/d/e/1FAIpQLSeFf-DH8zs9gbESljXLtJb1g2xBtRpLgIOEwwvN6BeyDADq4w/viewform?entry.471770043=https://twitter.com/Esref_1981&entry.1108662262=26850&usp=pp_url
",No,Yes,Yes,Not sure
iremmhoca,"https://docs.google.com/forms/d/e/1FAIpQLSeFf-DH8zs9gbESljXLtJb1g2xBtRpLgIOEwwvN6BeyDADq4w/viewform?entry.471770043=https://twitter.com/iremmhoca&entry.1108662262=26850&usp=pp_url
",No,Not sure,No,Female
yilmazeynep34,"https://docs.google.com/forms/d/e/1FAIpQLSeFf-DH8zs9gbESljXLtJb1g2xBtRpLgIOEwwvN6BeyDADq4w/viewform?entry.471770043=https://twitter.com/yilmazeynep34&entry.1108662262=26850&usp=pp_url
",No,No,Yes,Female
utkumeral11,"https://docs.google.com/forms/d/e/1FAIpQLSeFf-DH8zs9gbESljXLtJb1g2xBtRpLgIOEwwvN6BeyDADq4w/viewform?entry.471770043=https://twitter.com/UtkuMeral11&entry.1108662262=26850&usp=pp_url
",No,No,Yes,Male
esraerim12,"https://docs.google.com/forms/d/e/1FAIpQLSeFf-DH8zs9gbESljXLtJb1g2xBtRpLgIOEwwvN6BeyDADq4w/viewform?entry.471770043=https://twitter.com/EsraErim12&entry.1108662262=26850&usp=pp_url
",No,Yes,Yes,Female
peri_7070,"https://docs.google.com/forms/d/e/1FAIpQLSeFf-DH8zs9gbESljXLtJb1g2xBtRpLgIOEwwvN6BeyDADq4w/viewform?entry.471770043=https://twitter.com/peri_7070&entry.1108662262=26850&usp=pp_url
",No,Yes,No,Not sure
_sevgiyldz,"https://docs.google.com/forms/d/e/1FAIpQLSeFf-DH8zs9gbESljXLtJb1g2xBtRpLgIOEwwvN6BeyDADq4w/viewform?entry.471770043=https://twitter.com/_sevgiyldz&entry.1108662262=26850&usp=pp_url
",No,No,No,Female
vighnar1655,"https://docs.google.com/forms/d/e/1FAIpQLSeFf-DH8zs9gbESljXLtJb1g2xBtRpLgIOEwwvN6BeyDADq4w/viewform?entry.471770043=https://twitter.com/Vighnar1655&entry.1108662262=26850&usp=pp_url
",No,No,No,Not sure
06hyuksel,"https://docs.google.com/forms/d/e/1FAIpQLSeFf-DH8zs9gbESljXLtJb1g2xBtRpLgIOEwwvN6BeyDADq4w/viewform?entry.471770043=https://twitter.com/06hyuksel&entry.1108662262=26850&usp=pp_url
",No,Yes,Yes,Male
mustafaarst,"https://docs.google.com/forms/d/e/1FAIpQLSeFf-DH8zs9gbESljXLtJb1g2xBtRpLgIOEwwvN6BeyDADq4w/viewform?entry.471770043=https://twitter.com/MustafaArst&entry.1108662262=26850&usp=pp_url
",No,No,No,Male
kursunsalh,"https://docs.google.com/forms/d/e/1FAIpQLSeFf-DH8zs9gbESljXLtJb1g2xBtRpLgIOEwwvN6BeyDADq4w/viewform?entry.471770043=https://twitter.com/kursunsalh&entry.1108662262=26850&usp=pp_url
",No,Yes,No,Male
kovan02,"https://docs.google.com/forms/d/e/1FAIpQLSeFf-DH8zs9gbESljXLtJb1g2xBtRpLgIOEwwvN6BeyDADq4w/viewform?entry.471770043=https://twitter.com/kovan02&entry.1108662262=26850&usp=pp_url
",No,Yes,No,Not sure
borahan1903,"https://docs.google.com/forms/d/e/1FAIpQLSeFf-DH8zs9gbESljXLtJb1g2xBtRpLgIOEwwvN6BeyDADq4w/viewform?entry.471770043=https://twitter.com/borahan1903&entry.1108662262=26850&usp=pp_url
",No,No,Yes,Male
enastaenistera,"https://docs.google.com/forms/d/e/1FAIpQLSeFf-DH8zs9gbESljXLtJb1g2xBtRpLgIOEwwvN6BeyDADq4w/viewform?entry.471770043=https://twitter.com/enastaenistera&entry.1108662262=26850&usp=pp_url
",No,No,Not sure,Female
mus582,"https://docs.google.com/forms/d/e/1FAIpQLSeFf-DH8zs9gbESljXLtJb1g2xBtRpLgIOEwwvN6BeyDADq4w/viewform?entry.471770043=https://twitter.com/mus582&entry.1108662262=26850&usp=pp_url
",No,No,Yes,Male
serdarbedirhan3,"https://docs.google.com/forms/d/e/1FAIpQLSeFf-DH8zs9gbESljXLtJb1g2xBtRpLgIOEwwvN6BeyDADq4w/viewform?entry.471770043=https://twitter.com/serdarbedirhan3&entry.1108662262=26850&usp=pp_url
",No,Not sure,Not sure,Not sure
mussy_33,"https://docs.google.com/forms/d/e/1FAIpQLSeFf-DH8zs9gbESljXLtJb1g2xBtRpLgIOEwwvN6BeyDADq4w/viewform?entry.471770043=https://twitter.com/Mussy_33&entry.1108662262=26850&usp=pp_url
",No,No,Yes,Not sure
gokhanmirall,"https://docs.google.com/forms/d/e/1FAIpQLSeFf-DH8zs9gbESljXLtJb1g2xBtRpLgIOEwwvN6BeyDADq4w/viewform?entry.471770043=https://twitter.com/gokhanmirall&entry.1108662262=26850&usp=pp_url
",No,No,No,Male
sudebayani,"https://docs.google.com/forms/d/e/1FAIpQLSeFf-DH8zs9gbESljXLtJb1g2xBtRpLgIOEwwvN6BeyDADq4w/viewform?entry.471770043=https://twitter.com/sudebayani&entry.1108662262=26850&usp=pp_url
",No,No,No,Female
bayx_1453,"https://docs.google.com/forms/d/e/1FAIpQLSeFf-DH8zs9gbESljXLtJb1g2xBtRpLgIOEwwvN6BeyDADq4w/viewform?entry.471770043=https://twitter.com/Bayx_1453&entry.1108662262=26850&usp=pp_url
",No,Yes,Yes,Not sure
wendesday21_s,"https://docs.google.com/forms/d/e/1FAIpQLSeFf-DH8zs9gbESljXLtJb1g2xBtRpLgIOEwwvN6BeyDADq4w/viewform?entry.471770043=https://twitter.com/wendesday21_s&entry.1108662262=26850&usp=pp_url
",No,Yes,No,Not sure
aytaasl07787580,"https://docs.google.com/forms/d/e/1FAIpQLSeFf-DH8zs9gbESljXLtJb1g2xBtRpLgIOEwwvN6BeyDADq4w/viewform?entry.471770043=https://twitter.com/AytaAsl07787580&entry.1108662262=26850&usp=pp_url
",No,Yes,Yes,Male
aycankrtfnk,"https://docs.google.com/forms/d/e/1FAIpQLSeFf-DH8zs9gbESljXLtJb1g2xBtRpLgIOEwwvN6BeyDADq4w/viewform?entry.471770043=https://twitter.com/Aycankrtfnk&entry.1108662262=26850&usp=pp_url
",No,No,No,Female
mminbicil2,"https://docs.google.com/forms/d/e/1FAIpQLSeFf-DH8zs9gbESljXLtJb1g2xBtRpLgIOEwwvN6BeyDADq4w/viewform?entry.471770043=https://twitter.com/MminBicil2&entry.1108662262=26850&usp=pp_url
",No,No,Yes,Male
denizlihabercom,"https://docs.google.com/forms/d/e/1FAIpQLSeFf-DH8zs9gbESljXLtJb1g2xBtRpLgIOEwwvN6BeyDADq4w/viewform?entry.471770043=https://twitter.com/denizlihabercom&entry.1108662262=26850&usp=pp_url
",Yes,No,No,Not sure
ercankusoglu,"https://docs.google.com/forms/d/e/1FAIpQLSeFf-DH8zs9gbESljXLtJb1g2xBtRpLgIOEwwvN6BeyDADq4w/viewform?entry.471770043=https://twitter.com/ercankusoglu&entry.1108662262=26850&usp=pp_url
",No,No,Yes,Male
g0dsanzu,"https://docs.google.com/forms/d/e/1FAIpQLSeFf-DH8zs9gbESljXLtJb1g2xBtRpLgIOEwwvN6BeyDADq4w/viewform?entry.471770043=https://twitter.com/g0dsanzu&entry.1108662262=26850&usp=pp_url
",No,No,No,Female
konstantin_tekf,"https://docs.google.com/forms/d/e/1FAIpQLSeFf-DH8zs9gbESljXLtJb1g2xBtRpLgIOEwwvN6BeyDADq4w/viewform?entry.471770043=https://twitter.com/Konstantin_Tekf&entry.1108662262=26850&usp=pp_url
",No,No,Yes,Male
parabolarf,"https://docs.google.com/forms/d/e/1FAIpQLSeFf-DH8zs9gbESljXLtJb1g2xBtRpLgIOEwwvN6BeyDADq4w/viewform?entry.471770043=https://twitter.com/ParabolArf&entry.1108662262=26850&usp=pp_url
",No,No,No,Male
vesimbaran2,"https://docs.google.com/forms/d/e/1FAIpQLSeFf-DH8zs9gbESljXLtJb1g2xBtRpLgIOEwwvN6BeyDADq4w/viewform?entry.471770043=https://twitter.com/VESiMBARAN2&entry.1108662262=26850&usp=pp_url
",No,Yes,Not sure,Not sure
blue_4006,"https://docs.google.com/forms/d/e/1FAIpQLSeFf-DH8zs9gbESljXLtJb1g2xBtRpLgIOEwwvN6BeyDADq4w/viewform?entry.471770043=https://twitter.com/blue_4006&entry.1108662262=26850&usp=pp_url
",No,Yes,Yes,Not sure
nabiyonyevrum,"https://docs.google.com/forms/d/e/1FAIpQLSeFf-DH8zs9gbESljXLtJb1g2xBtRpLgIOEwwvN6BeyDADq4w/viewform?entry.471770043=https://twitter.com/nabiyonyevrum&entry.1108662262=26850&usp=pp_url
",No,No,No,Female
bilgekizayd,"https://docs.google.com/forms/d/e/1FAIpQLSeFf-DH8zs9gbESljXLtJb1g2xBtRpLgIOEwwvN6BeyDADq4w/viewform?entry.471770043=https://twitter.com/bilgekizayd&entry.1108662262=26850&usp=pp_url
",No,No,Yes,Female
dabylondope,"https://docs.google.com/forms/d/e/1FAIpQLSeFf-DH8zs9gbESljXLtJb1g2xBtRpLgIOEwwvN6BeyDADq4w/viewform?entry.471770043=https://twitter.com/dabylondope&entry.1108662262=26850&usp=pp_url
",No,No,Not sure,Female
bilgin21604923,"https://docs.google.com/forms/d/e/1FAIpQLSeFf-DH8zs9gbESljXLtJb1g2xBtRpLgIOEwwvN6BeyDADq4w/viewform?entry.471770043=https://twitter.com/Bilgin21604923&entry.1108662262=26850&usp=pp_url
",No,Not sure,Yes,Male
571akkaya,"https://docs.google.com/forms/d/e/1FAIpQLSeFf-DH8zs9gbESljXLtJb1g2xBtRpLgIOEwwvN6BeyDADq4w/viewform?entry.471770043=https://twitter.com/571Akkaya&entry.1108662262=26850&usp=pp_url
",No,No,Yes,Male
panda234uwu,"https://docs.google.com/forms/d/e/1FAIpQLSeFf-DH8zs9gbESljXLtJb1g2xBtRpLgIOEwwvN6BeyDADq4w/viewform?entry.471770043=https://twitter.com/Panda234uwu&entry.1108662262=26850&usp=pp_url
",No,Not sure,Not sure,Not sure
damlavlonyaa,"https://docs.google.com/forms/d/e/1FAIpQLSeFf-DH8zs9gbESljXLtJb1g2xBtRpLgIOEwwvN6BeyDADq4w/viewform?entry.471770043=https://twitter.com/damlavlonyaa&entry.1108662262=26850&usp=pp_url
",No,No,No,Not sure
asabihayalet,"https://docs.google.com/forms/d/e/1FAIpQLSeFf-DH8zs9gbESljXLtJb1g2xBtRpLgIOEwwvN6BeyDADq4w/viewform?entry.471770043=https://twitter.com/AsabiHayalet&entry.1108662262=26850&usp=pp_url
",No,Yes,Yes,Not sure
engelliogrtmn00,"https://docs.google.com/forms/d/e/1FAIpQLSeFf-DH8zs9gbESljXLtJb1g2xBtRpLgIOEwwvN6BeyDADq4w/viewform?entry.471770043=https://twitter.com/engelliogrtmn00&entry.1108662262=26850&usp=pp_url
",No,Yes,Yes,Not sure
maazibrahimoglu,"https://docs.google.com/forms/d/e/1FAIpQLSeFf-DH8zs9gbESljXLtJb1g2xBtRpLgIOEwwvN6BeyDADq4w/viewform?entry.471770043=https://twitter.com/maazibrahimoglu&entry.1108662262=26850&usp=pp_url
",No,No,No,Male
burcu22867204,"https://docs.google.com/forms/d/e/1FAIpQLSeFf-DH8zs9gbESljXLtJb1g2xBtRpLgIOEwwvN6BeyDADq4w/viewform?entry.471770043=https://twitter.com/Burcu22867204&entry.1108662262=26850&usp=pp_url
",No,Yes,No,Not sure
fm28700691,"https://docs.google.com/forms/d/e/1FAIpQLSeFf-DH8zs9gbESljXLtJb1g2xBtRpLgIOEwwvN6BeyDADq4w/viewform?entry.471770043=https://twitter.com/Fm28700691&entry.1108662262=26850&usp=pp_url
",No,Yes,Yes,Not sure
_sydneycarton_,"https://docs.google.com/forms/d/e/1FAIpQLSeFf-DH8zs9gbESljXLtJb1g2xBtRpLgIOEwwvN6BeyDADq4w/viewform?entry.471770043=https://twitter.com/_SydneyCarton_&entry.1108662262=26850&usp=pp_url
",No,No,Yes,Not sure
d_carpe_diem_,"https://docs.google.com/forms/d/e/1FAIpQLSeFf-DH8zs9gbESljXLtJb1g2xBtRpLgIOEwwvN6BeyDADq4w/viewform?entry.471770043=https://twitter.com/D_Carpe_Diem_&entry.1108662262=26850&usp=pp_url
",No,Not sure,Yes,Female
akinyilmaz6671,"https://docs.google.com/forms/d/e/1FAIpQLSeFf-DH8zs9gbESljXLtJb1g2xBtRpLgIOEwwvN6BeyDADq4w/viewform?entry.471770043=https://twitter.com/AkinYilmaz6671&entry.1108662262=26850&usp=pp_url
",No,No,Yes,Male
kluvert81,"https://docs.google.com/forms/d/e/1FAIpQLSeFf-DH8zs9gbESljXLtJb1g2xBtRpLgIOEwwvN6BeyDADq4w/viewform?entry.471770043=https://twitter.com/kluvert81&entry.1108662262=26850&usp=pp_url
",No,No,Yes,Male
matlda_,"https://docs.google.com/forms/d/e/1FAIpQLSeFf-DH8zs9gbESljXLtJb1g2xBtRpLgIOEwwvN6BeyDADq4w/viewform?entry.471770043=https://twitter.com/matlda_&entry.1108662262=26850&usp=pp_url
",No,Yes,Yes,Not sure
ahmetuz04093226,"https://docs.google.com/forms/d/e/1FAIpQLSeFf-DH8zs9gbESljXLtJb1g2xBtRpLgIOEwwvN6BeyDADq4w/viewform?entry.471770043=https://twitter.com/AhmetUZ04093226&entry.1108662262=26850&usp=pp_url
",No,Yes,Yes,Male
azkalsin,"https://docs.google.com/forms/d/e/1FAIpQLSeFf-DH8zs9gbESljXLtJb1g2xBtRpLgIOEwwvN6BeyDADq4w/viewform?entry.471770043=https://twitter.com/azkalsin&entry.1108662262=26850&usp=pp_url
",No,No,No,Not sure
harlunoshi,"https://docs.google.com/forms/d/e/1FAIpQLSeFf-DH8zs9gbESljXLtJb1g2xBtRpLgIOEwwvN6BeyDADq4w/viewform?entry.471770043=https://twitter.com/Harlunoshi&entry.1108662262=26850&usp=pp_url
",No,No,Yes,Not sure
nasreenakhan006,"https://docs.google.com/forms/d/e/1FAIpQLSeFf-DH8zs9gbESljXLtJb1g2xBtRpLgIOEwwvN6BeyDADq4w/viewform?entry.471770043=https://twitter.com/NasreenaKhan006&entry.1108662262=26850&usp=pp_url
",No,Not sure,Yes,Not sure
savunmasanayist,"https://docs.google.com/forms/d/e/1FAIpQLSeFf-DH8zs9gbESljXLtJb1g2xBtRpLgIOEwwvN6BeyDADq4w/viewform?entry.471770043=https://twitter.com/SavunmaSanayiST&entry.1108662262=26850&usp=pp_url
",Yes,No,No,Not sure
gokyar_nihat,"https://docs.google.com/forms/d/e/1FAIpQLSeFf-DH8zs9gbESljXLtJb1g2xBtRpLgIOEwwvN6BeyDADq4w/viewform?entry.471770043=https://twitter.com/gokyar_nihat&entry.1108662262=26850&usp=pp_url
",No,Yes,No,Male
drmconal,"https://docs.google.com/forms/d/e/1FAIpQLSeFf-DH8zs9gbESljXLtJb1g2xBtRpLgIOEwwvN6BeyDADq4w/viewform?entry.471770043=https://twitter.com/DRMCONAL&entry.1108662262=26850&usp=pp_url
",No,No,Yes,Male
harunmursel,"https://docs.google.com/forms/d/e/1FAIpQLSeFf-DH8zs9gbESljXLtJb1g2xBtRpLgIOEwwvN6BeyDADq4w/viewform?entry.471770043=https://twitter.com/harunmursel&entry.1108662262=26850&usp=pp_url
",No,No,Yes,Male
yunusem42866145,"https://docs.google.com/forms/d/e/1FAIpQLSeFf-DH8zs9gbESljXLtJb1g2xBtRpLgIOEwwvN6BeyDADq4w/viewform?entry.471770043=https://twitter.com/YunusEm42866145&entry.1108662262=26850&usp=pp_url
",No,Yes,No,Not sure
zerrin_nergis,"https://docs.google.com/forms/d/e/1FAIpQLSeFf-DH8zs9gbESljXLtJb1g2xBtRpLgIOEwwvN6BeyDADq4w/viewform?entry.471770043=https://twitter.com/zerrin_nergis&entry.1108662262=26850&usp=pp_url
",No,No,Yes,Female
hseyink42305996,"https://docs.google.com/forms/d/e/1FAIpQLSeFf-DH8zs9gbESljXLtJb1g2xBtRpLgIOEwwvN6BeyDADq4w/viewform?entry.471770043=https://twitter.com/HseyinK42305996&entry.1108662262=26850&usp=pp_url
",No,Yes,Yes,Male
ensonuncu0,"https://docs.google.com/forms/d/e/1FAIpQLSeFf-DH8zs9gbESljXLtJb1g2xBtRpLgIOEwwvN6BeyDADq4w/viewform?entry.471770043=https://twitter.com/ensonuncu0&entry.1108662262=26850&usp=pp_url
",No,No,Yes,Male
laciner_hamdi,"https://docs.google.com/forms/d/e/1FAIpQLSeFf-DH8zs9gbESljXLtJb1g2xBtRpLgIOEwwvN6BeyDADq4w/viewform?entry.471770043=https://twitter.com/laciner_hamdi&entry.1108662262=26850&usp=pp_url
",No,No,Not sure,Male
efecan16613512,"https://docs.google.com/forms/d/e/1FAIpQLSeFf-DH8zs9gbESljXLtJb1g2xBtRpLgIOEwwvN6BeyDADq4w/viewform?entry.471770043=https://twitter.com/efecan16613512&entry.1108662262=26850&usp=pp_url
",No,Yes,Not sure,Not sure
hseynugur,"https://docs.google.com/forms/d/e/1FAIpQLSeFf-DH8zs9gbESljXLtJb1g2xBtRpLgIOEwwvN6BeyDADq4w/viewform?entry.471770043=https://twitter.com/hseynugur&entry.1108662262=26850&usp=pp_url
",No,Yes,Yes,Not sure
qara118,"https://docs.google.com/forms/d/e/1FAIpQLSeFf-DH8zs9gbESljXLtJb1g2xBtRpLgIOEwwvN6BeyDADq4w/viewform?entry.471770043=https://twitter.com/qara118&entry.1108662262=26850&usp=pp_url
",No,No,Yes,Female
ilkmate,"https://docs.google.com/forms/d/e/1FAIpQLSeFf-DH8zs9gbESljXLtJb1g2xBtRpLgIOEwwvN6BeyDADq4w/viewform?entry.471770043=https://twitter.com/ilkmate&entry.1108662262=26850&usp=pp_url
",No,Yes,No,Not sure
rirtekin,"https://docs.google.com/forms/d/e/1FAIpQLSeFf-DH8zs9gbESljXLtJb1g2xBtRpLgIOEwwvN6BeyDADq4w/viewform?entry.471770043=https://twitter.com/RIrtekin&entry.1108662262=26850&usp=pp_url
",No,Yes,Yes,Not sure
delidemir33,"https://docs.google.com/forms/d/e/1FAIpQLSeFf-DH8zs9gbESljXLtJb1g2xBtRpLgIOEwwvN6BeyDADq4w/viewform?entry.471770043=https://twitter.com/delidemir33&entry.1108662262=26850&usp=pp_url
",No,Yes,Yes,Not sure
yorukoglu799,"https://docs.google.com/forms/d/e/1FAIpQLSeFf-DH8zs9gbESljXLtJb1g2xBtRpLgIOEwwvN6BeyDADq4w/viewform?entry.471770043=https://twitter.com/yorukoglu799&entry.1108662262=26850&usp=pp_url
",No,Yes,Yes,Not sure
mustafatrker8,"https://docs.google.com/forms/d/e/1FAIpQLSeFf-DH8zs9gbESljXLtJb1g2xBtRpLgIOEwwvN6BeyDADq4w/viewform?entry.471770043=https://twitter.com/mustafatrker8&entry.1108662262=26850&usp=pp_url
",No,Yes,Yes,Not sure
sakaryaelektrik,"https://docs.google.com/forms/d/e/1FAIpQLSeFf-DH8zs9gbESljXLtJb1g2xBtRpLgIOEwwvN6BeyDADq4w/viewform?entry.471770043=https://twitter.com/sakaryaelektrik&entry.1108662262=26850&usp=pp_url
",Yes,No,No,Not sure
firatkeskinf1,"https://docs.google.com/forms/d/e/1FAIpQLSeFf-DH8zs9gbESljXLtJb1g2xBtRpLgIOEwwvN6BeyDADq4w/viewform?entry.471770043=https://twitter.com/FiratKeskinF1&entry.1108662262=26850&usp=pp_url
",No,No,No,Male
halil87875136,"https://docs.google.com/forms/d/e/1FAIpQLSeFf-DH8zs9gbESljXLtJb1g2xBtRpLgIOEwwvN6BeyDADq4w/viewform?entry.471770043=https://twitter.com/HALIL87875136&entry.1108662262=26850&usp=pp_url
",No,Not sure,Not sure,Not sure
biologselim,"https://docs.google.com/forms/d/e/1FAIpQLSeFf-DH8zs9gbESljXLtJb1g2xBtRpLgIOEwwvN6BeyDADq4w/viewform?entry.471770043=https://twitter.com/BIOLOGSELIM&entry.1108662262=26850&usp=pp_url
",No,Yes,Yes,Male
ibrahimkoray28,"https://docs.google.com/forms/d/e/1FAIpQLSeFf-DH8zs9gbESljXLtJb1g2xBtRpLgIOEwwvN6BeyDADq4w/viewform?entry.471770043=https://twitter.com/ibrahimkoray28&entry.1108662262=26850&usp=pp_url
",No,No,No,Male
sogultuna,"https://docs.google.com/forms/d/e/1FAIpQLSeFf-DH8zs9gbESljXLtJb1g2xBtRpLgIOEwwvN6BeyDADq4w/viewform?entry.471770043=https://twitter.com/sogultuna&entry.1108662262=26850&usp=pp_url
",No,No,No,Male
atcmka,"https://docs.google.com/forms/d/e/1FAIpQLSeFf-DH8zs9gbESljXLtJb1g2xBtRpLgIOEwwvN6BeyDADq4w/viewform?entry.471770043=https://twitter.com/atcMKA&entry.1108662262=26850&usp=pp_url
",No,Not sure,Yes,Not sure
farukhalit2,"https://docs.google.com/forms/d/e/1FAIpQLSeFf-DH8zs9gbESljXLtJb1g2xBtRpLgIOEwwvN6BeyDADq4w/viewform?entry.471770043=https://twitter.com/FarukHalit2&entry.1108662262=26850&usp=pp_url
",No,No,Yes,Male
asiyesatir55,"https://docs.google.com/forms/d/e/1FAIpQLSeFf-DH8zs9gbESljXLtJb1g2xBtRpLgIOEwwvN6BeyDADq4w/viewform?entry.471770043=https://twitter.com/AsiyeSatir55&entry.1108662262=26850&usp=pp_url
",No,No,Yes,Female
yakupaktaas,"https://docs.google.com/forms/d/e/1FAIpQLSeFf-DH8zs9gbESljXLtJb1g2xBtRpLgIOEwwvN6BeyDADq4w/viewform?entry.471770043=https://twitter.com/yakupaktaas&entry.1108662262=26850&usp=pp_url
",No,Yes,Yes,Male
erkan_cevik10,"https://docs.google.com/forms/d/e/1FAIpQLSeFf-DH8zs9gbESljXLtJb1g2xBtRpLgIOEwwvN6BeyDADq4w/viewform?entry.471770043=https://twitter.com/erkan_cevik10&entry.1108662262=26850&usp=pp_url
",No,No,Yes,Male
yusufak63712920,"https://docs.google.com/forms/d/e/1FAIpQLSeFf-DH8zs9gbESljXLtJb1g2xBtRpLgIOEwwvN6BeyDADq4w/viewform?entry.471770043=https://twitter.com/YusufAk63712920&entry.1108662262=26850&usp=pp_url
",No,Yes,Yes,Male
ugurss45,"https://docs.google.com/forms/d/e/1FAIpQLSeFf-DH8zs9gbESljXLtJb1g2xBtRpLgIOEwwvN6BeyDADq4w/viewform?entry.471770043=https://twitter.com/ugurss45&entry.1108662262=26850&usp=pp_url
",No,Yes,Yes,Not sure
turkiye_1903,"https://docs.google.com/forms/d/e/1FAIpQLSeFf-DH8zs9gbESljXLtJb1g2xBtRpLgIOEwwvN6BeyDADq4w/viewform?entry.471770043=https://twitter.com/Turkiye_1903&entry.1108662262=26850&usp=pp_url
",No,Yes,Yes,Not sure
mlkcrp,"https://docs.google.com/forms/d/e/1FAIpQLSeFf-DH8zs9gbESljXLtJb1g2xBtRpLgIOEwwvN6BeyDADq4w/viewform?entry.471770043=https://twitter.com/mlkcrp&entry.1108662262=26850&usp=pp_url
",No,Yes,Not sure,Not sure
gnstrkk,"https://docs.google.com/forms/d/e/1FAIpQLSeFf-DH8zs9gbESljXLtJb1g2xBtRpLgIOEwwvN6BeyDADq4w/viewform?entry.471770043=https://twitter.com/Gnstrkk&entry.1108662262=26850&usp=pp_url
",No,No,Yes,Not sure
ercag17,"https://docs.google.com/forms/d/e/1FAIpQLSeFf-DH8zs9gbESljXLtJb1g2xBtRpLgIOEwwvN6BeyDADq4w/viewform?entry.471770043=https://twitter.com/Ercag17&entry.1108662262=26850&usp=pp_url
",No,Yes,No,Not sure
erka_dal,"https://docs.google.com/forms/d/e/1FAIpQLSeFf-DH8zs9gbESljXLtJb1g2xBtRpLgIOEwwvN6BeyDADq4w/viewform?entry.471770043=https://twitter.com/erka_dal&entry.1108662262=26850&usp=pp_url
",No,No,Not sure,Male
yzyilmaz55,"https://docs.google.com/forms/d/e/1FAIpQLSeFf-DH8zs9gbESljXLtJb1g2xBtRpLgIOEwwvN6BeyDADq4w/viewform?entry.471770043=https://twitter.com/yzyilmaz55&entry.1108662262=26850&usp=pp_url
",No,No,No,Male
cdsu16,"https://docs.google.com/forms/d/e/1FAIpQLSeFf-DH8zs9gbESljXLtJb1g2xBtRpLgIOEwwvN6BeyDADq4w/viewform?entry.471770043=https://twitter.com/Cdsu16&entry.1108662262=26850&usp=pp_url
",No,Yes,No,Not sure
uzdrnesrinunal,"https://docs.google.com/forms/d/e/1FAIpQLSeFf-DH8zs9gbESljXLtJb1g2xBtRpLgIOEwwvN6BeyDADq4w/viewform?entry.471770043=https://twitter.com/uzdrnesrinunal&entry.1108662262=26850&usp=pp_url
",No,No,Yes,Female
theanswers_2,"https://docs.google.com/forms/d/e/1FAIpQLSeFf-DH8zs9gbESljXLtJb1g2xBtRpLgIOEwwvN6BeyDADq4w/viewform?entry.471770043=https://twitter.com/theanswers_2&entry.1108662262=26850&usp=pp_url
",No,No,Yes,Male
kirikkaleson71,"https://docs.google.com/forms/d/e/1FAIpQLSeFf-DH8zs9gbESljXLtJb1g2xBtRpLgIOEwwvN6BeyDADq4w/viewform?entry.471770043=https://twitter.com/kirikkaleson71&entry.1108662262=26850&usp=pp_url
",Yes,No,No,Not sure
ziraatm23929683,"https://docs.google.com/forms/d/e/1FAIpQLSeFf-DH8zs9gbESljXLtJb1g2xBtRpLgIOEwwvN6BeyDADq4w/viewform?entry.471770043=https://twitter.com/Ziraatm23929683&entry.1108662262=26850&usp=pp_url
",No,Yes,Yes,Not sure
gl21509653,"https://docs.google.com/forms/d/e/1FAIpQLSeFf-DH8zs9gbESljXLtJb1g2xBtRpLgIOEwwvN6BeyDADq4w/viewform?entry.471770043=https://twitter.com/Gl21509653&entry.1108662262=26850&usp=pp_url
",No,Yes,Yes,Not sure
glson09420724,"https://docs.google.com/forms/d/e/1FAIpQLSeFf-DH8zs9gbESljXLtJb1g2xBtRpLgIOEwwvN6BeyDADq4w/viewform?entry.471770043=https://twitter.com/Glson09420724&entry.1108662262=26850&usp=pp_url
",No,Yes,Yes,Not sure
emirgs19_05,"https://docs.google.com/forms/d/e/1FAIpQLSeFf-DH8zs9gbESljXLtJb1g2xBtRpLgIOEwwvN6BeyDADq4w/viewform?entry.471770043=https://twitter.com/EmirGS19_05&entry.1108662262=26850&usp=pp_url
",No,No,No,Male
tolgahankaya0,"https://docs.google.com/forms/d/e/1FAIpQLSeFf-DH8zs9gbESljXLtJb1g2xBtRpLgIOEwwvN6BeyDADq4w/viewform?entry.471770043=https://twitter.com/Tolgahankaya0&entry.1108662262=26850&usp=pp_url
",No,No,No,Male
ofansif10numara,"https://docs.google.com/forms/d/e/1FAIpQLSeFf-DH8zs9gbESljXLtJb1g2xBtRpLgIOEwwvN6BeyDADq4w/viewform?entry.471770043=https://twitter.com/ofansif10numara&entry.1108662262=26850&usp=pp_url
",No,No,No,Male
ismaturgut,"https://docs.google.com/forms/d/e/1FAIpQLSeFf-DH8zs9gbESljXLtJb1g2xBtRpLgIOEwwvN6BeyDADq4w/viewform?entry.471770043=https://twitter.com/IsmaTurgut&entry.1108662262=26850&usp=pp_url
",No,No,Yes,Male
ayemyasin,"https://docs.google.com/forms/d/e/1FAIpQLSeFf-DH8zs9gbESljXLtJb1g2xBtRpLgIOEwwvN6BeyDADq4w/viewform?entry.471770043=https://twitter.com/ayemyasin&entry.1108662262=26850&usp=pp_url
",No,No,No,Male
ceengiz76,"https://docs.google.com/forms/d/e/1FAIpQLSeFf-DH8zs9gbESljXLtJb1g2xBtRpLgIOEwwvN6BeyDADq4w/viewform?entry.471770043=https://twitter.com/ceengiz76&entry.1108662262=26850&usp=pp_url
",No,Yes,Yes,Not sure
muroooooooooo26,"https://docs.google.com/forms/d/e/1FAIpQLSeFf-DH8zs9gbESljXLtJb1g2xBtRpLgIOEwwvN6BeyDADq4w/viewform?entry.471770043=https://twitter.com/Muroooooooooo26&entry.1108662262=26850&usp=pp_url
",No,Yes,Yes,Male
gundemedairhs,"https://docs.google.com/forms/d/e/1FAIpQLSeFf-DH8zs9gbESljXLtJb1g2xBtRpLgIOEwwvN6BeyDADq4w/viewform?entry.471770043=https://twitter.com/gundemedairhs&entry.1108662262=26850&usp=pp_url
",Yes,No,No,Not sure
sceleboglu,"https://docs.google.com/forms/d/e/1FAIpQLSeFf-DH8zs9gbESljXLtJb1g2xBtRpLgIOEwwvN6BeyDADq4w/viewform?entry.471770043=https://twitter.com/SCeleboglu&entry.1108662262=26850&usp=pp_url
",No,No,Yes,Male
brahimzorba11,"https://docs.google.com/forms/d/e/1FAIpQLSeFf-DH8zs9gbESljXLtJb1g2xBtRpLgIOEwwvN6BeyDADq4w/viewform?entry.471770043=https://twitter.com/brahimzorba11&entry.1108662262=26850&usp=pp_url
",No,Yes,Yes,Male
sleyman25240212,"https://docs.google.com/forms/d/e/1FAIpQLSeFf-DH8zs9gbESljXLtJb1g2xBtRpLgIOEwwvN6BeyDADq4w/viewform?entry.471770043=https://twitter.com/Sleyman25240212&entry.1108662262=26850&usp=pp_url
",No,Yes,No,Not sure
bensuveyda_,"https://docs.google.com/forms/d/e/1FAIpQLSeFf-DH8zs9gbESljXLtJb1g2xBtRpLgIOEwwvN6BeyDADq4w/viewform?entry.471770043=https://twitter.com/bensuveyda_&entry.1108662262=26850&usp=pp_url
",No,No,No,Female
yutarcher,"https://docs.google.com/forms/d/e/1FAIpQLSeFf-DH8zs9gbESljXLtJb1g2xBtRpLgIOEwwvN6BeyDADq4w/viewform?entry.471770043=https://twitter.com/yutarcher&entry.1108662262=26850&usp=pp_url
",No,No,Not sure,Female
kadirozgen38,"https://docs.google.com/forms/d/e/1FAIpQLSeFf-DH8zs9gbESljXLtJb1g2xBtRpLgIOEwwvN6BeyDADq4w/viewform?entry.471770043=https://twitter.com/kadirozgen38&entry.1108662262=26850&usp=pp_url
",No,No,Yes,Male
memurpostasi,"https://docs.google.com/forms/d/e/1FAIpQLSeFf-DH8zs9gbESljXLtJb1g2xBtRpLgIOEwwvN6BeyDADq4w/viewform?entry.471770043=https://twitter.com/memurpostasi&entry.1108662262=26850&usp=pp_url
",Yes,No,No,Not sure
napcansenbeniab,"https://docs.google.com/forms/d/e/1FAIpQLSeFf-DH8zs9gbESljXLtJb1g2xBtRpLgIOEwwvN6BeyDADq4w/viewform?entry.471770043=https://twitter.com/napcansenbeniab&entry.1108662262=26850&usp=pp_url
",No,Not sure,Not sure,Not sure
alpar_kaan,"https://docs.google.com/forms/d/e/1FAIpQLSeFf-DH8zs9gbESljXLtJb1g2xBtRpLgIOEwwvN6BeyDADq4w/viewform?entry.471770043=https://twitter.com/alpar_kaan&entry.1108662262=26850&usp=pp_url
",No,No,No,Male
sunshine8871,"https://docs.google.com/forms/d/e/1FAIpQLSeFf-DH8zs9gbESljXLtJb1g2xBtRpLgIOEwwvN6BeyDADq4w/viewform?entry.471770043=https://twitter.com/sunshine8871&entry.1108662262=26850&usp=pp_url
",No,Yes,No,Not sure
nadya83803746,"https://docs.google.com/forms/d/e/1FAIpQLSeFf-DH8zs9gbESljXLtJb1g2xBtRpLgIOEwwvN6BeyDADq4w/viewform?entry.471770043=https://twitter.com/Nadya83803746&entry.1108662262=26850&usp=pp_url
",No,Yes,Yes,Not sure
ercanveteriner,"https://docs.google.com/forms/d/e/1FAIpQLSeFf-DH8zs9gbESljXLtJb1g2xBtRpLgIOEwwvN6BeyDADq4w/viewform?entry.471770043=https://twitter.com/ErcanVeteriner&entry.1108662262=26850&usp=pp_url
",No,No,Yes,Male
amergolddd,"https://docs.google.com/forms/d/e/1FAIpQLSeFf-DH8zs9gbESljXLtJb1g2xBtRpLgIOEwwvN6BeyDADq4w/viewform?entry.471770043=https://twitter.com/amergolddd&entry.1108662262=26850&usp=pp_url
",No,No,No,Female
mehmetyldzc,"https://docs.google.com/forms/d/e/1FAIpQLSeFf-DH8zs9gbESljXLtJb1g2xBtRpLgIOEwwvN6BeyDADq4w/viewform?entry.471770043=https://twitter.com/Mehmetyldzc&entry.1108662262=26850&usp=pp_url
",No,Yes,Yes,Male
gencaga08,"https://docs.google.com/forms/d/e/1FAIpQLSeFf-DH8zs9gbESljXLtJb1g2xBtRpLgIOEwwvN6BeyDADq4w/viewform?entry.471770043=https://twitter.com/GENCAGA08&entry.1108662262=26850&usp=pp_url
",No,No,Yes,Male
corasalih,"https://docs.google.com/forms/d/e/1FAIpQLSeFf-DH8zs9gbESljXLtJb1g2xBtRpLgIOEwwvN6BeyDADq4w/viewform?entry.471770043=https://twitter.com/corasalih&entry.1108662262=26850&usp=pp_url
",No,No,No,Male
scorpiehoez,"https://docs.google.com/forms/d/e/1FAIpQLSeFf-DH8zs9gbESljXLtJb1g2xBtRpLgIOEwwvN6BeyDADq4w/viewform?entry.471770043=https://twitter.com/SCORPIEHOEZ&entry.1108662262=26850&usp=pp_url
",No,No,No,Female
ali01347454,"https://docs.google.com/forms/d/e/1FAIpQLSeFf-DH8zs9gbESljXLtJb1g2xBtRpLgIOEwwvN6BeyDADq4w/viewform?entry.471770043=https://twitter.com/Ali01347454&entry.1108662262=26850&usp=pp_url
",No,Yes,Yes,Not sure
x_qz_asfuz1881,"https://docs.google.com/forms/d/e/1FAIpQLSeFf-DH8zs9gbESljXLtJb1g2xBtRpLgIOEwwvN6BeyDADq4w/viewform?entry.471770043=https://twitter.com/X_QZ_asfuz1881&entry.1108662262=26850&usp=pp_url
",No,No,Yes,Female
osman_aygunn,"https://docs.google.com/forms/d/e/1FAIpQLSeFf-DH8zs9gbESljXLtJb1g2xBtRpLgIOEwwvN6BeyDADq4w/viewform?entry.471770043=https://twitter.com/Osman_AYGUNN&entry.1108662262=26850&usp=pp_url
",No,No,Yes,Male
jorgejesuss2,"https://docs.google.com/forms/d/e/1FAIpQLSeFf-DH8zs9gbESljXLtJb1g2xBtRpLgIOEwwvN6BeyDADq4w/viewform?entry.471770043=https://twitter.com/jorgejesuss2&entry.1108662262=26850&usp=pp_url
",No,No,No,Male
hagimetinoktay,"https://docs.google.com/forms/d/e/1FAIpQLSeFf-DH8zs9gbESljXLtJb1g2xBtRpLgIOEwwvN6BeyDADq4w/viewform?entry.471770043=https://twitter.com/hagimetinoktay&entry.1108662262=26850&usp=pp_url
",No,No,Yes,Male
kaloglu,"https://docs.google.com/forms/d/e/1FAIpQLSeFf-DH8zs9gbESljXLtJb1g2xBtRpLgIOEwwvN6BeyDADq4w/viewform?entry.471770043=https://twitter.com/kaloglu&entry.1108662262=26850&usp=pp_url
",No,No,Yes,Male
yorgunsavascich,"https://docs.google.com/forms/d/e/1FAIpQLSeFf-DH8zs9gbESljXLtJb1g2xBtRpLgIOEwwvN6BeyDADq4w/viewform?entry.471770043=https://twitter.com/yorgunsavasciCH&entry.1108662262=26850&usp=pp_url
",No,No,No,Female
d_anatolie,"https://docs.google.com/forms/d/e/1FAIpQLSeFf-DH8zs9gbESljXLtJb1g2xBtRpLgIOEwwvN6BeyDADq4w/viewform?entry.471770043=https://twitter.com/d_anatolie&entry.1108662262=26850&usp=pp_url
",No,No,Yes,Not sure
sesaliherdogan,"https://docs.google.com/forms/d/e/1FAIpQLSeFf-DH8zs9gbESljXLtJb1g2xBtRpLgIOEwwvN6BeyDADq4w/viewform?entry.471770043=https://twitter.com/SESalihErdogan&entry.1108662262=26850&usp=pp_url
",No,Yes,Yes,Male
hseyind76490019,"https://docs.google.com/forms/d/e/1FAIpQLSeFf-DH8zs9gbESljXLtJb1g2xBtRpLgIOEwwvN6BeyDADq4w/viewform?entry.471770043=https://twitter.com/hseyind76490019&entry.1108662262=26850&usp=pp_url
",No,No,Yes,Male
drerkurt,"https://docs.google.com/forms/d/e/1FAIpQLSeFf-DH8zs9gbESljXLtJb1g2xBtRpLgIOEwwvN6BeyDADq4w/viewform?entry.471770043=https://twitter.com/DrErkurt&entry.1108662262=26850&usp=pp_url
",No,No,No,Male
dumbgyuu,"https://docs.google.com/forms/d/e/1FAIpQLSeFf-DH8zs9gbESljXLtJb1g2xBtRpLgIOEwwvN6BeyDADq4w/viewform?entry.471770043=https://twitter.com/dumbgyuu&entry.1108662262=26850&usp=pp_url
",No,No,No,Female
sssgeribaslann,"https://docs.google.com/forms/d/e/1FAIpQLSeFf-DH8zs9gbESljXLtJb1g2xBtRpLgIOEwwvN6BeyDADq4w/viewform?entry.471770043=https://twitter.com/sssgeribaslann&entry.1108662262=26850&usp=pp_url
",No,No,No,Male
heritagepaix,"https://docs.google.com/forms/d/e/1FAIpQLSeFf-DH8zs9gbESljXLtJb1g2xBtRpLgIOEwwvN6BeyDADq4w/viewform?entry.471770043=https://twitter.com/heritagepaix&entry.1108662262=26850&usp=pp_url
",No,No,No,Female
omerakdag34,"https://docs.google.com/forms/d/e/1FAIpQLSeFf-DH8zs9gbESljXLtJb1g2xBtRpLgIOEwwvN6BeyDADq4w/viewform?entry.471770043=https://twitter.com/omerakdag34&entry.1108662262=26850&usp=pp_url
",No,No,Not sure,Male
kasthaber,"https://docs.google.com/forms/d/e/1FAIpQLSeFf-DH8zs9gbESljXLtJb1g2xBtRpLgIOEwwvN6BeyDADq4w/viewform?entry.471770043=https://twitter.com/kasthaber&entry.1108662262=26850&usp=pp_url
",Yes,No,No,Not sure
okuloncecitom,"https://docs.google.com/forms/d/e/1FAIpQLSeFf-DH8zs9gbESljXLtJb1g2xBtRpLgIOEwwvN6BeyDADq4w/viewform?entry.471770043=https://twitter.com/okuloncecitom&entry.1108662262=26850&usp=pp_url
",No,Yes,No,Not sure
haticeakkayamhp,"https://docs.google.com/forms/d/e/1FAIpQLSeFf-DH8zs9gbESljXLtJb1g2xBtRpLgIOEwwvN6BeyDADq4w/viewform?entry.471770043=https://twitter.com/Haticeakkayamhp&entry.1108662262=26850&usp=pp_url
",No,No,Yes,Female
bgurkanyilmaz,"https://docs.google.com/forms/d/e/1FAIpQLSeFf-DH8zs9gbESljXLtJb1g2xBtRpLgIOEwwvN6BeyDADq4w/viewform?entry.471770043=https://twitter.com/BGurkanYilmaz&entry.1108662262=26850&usp=pp_url
",No,No,Yes,Male
biloshow,"https://docs.google.com/forms/d/e/1FAIpQLSeFf-DH8zs9gbESljXLtJb1g2xBtRpLgIOEwwvN6BeyDADq4w/viewform?entry.471770043=https://twitter.com/BiloShow&entry.1108662262=26850&usp=pp_url
",No,No,No,Male
lifeis35,"https://docs.google.com/forms/d/e/1FAIpQLSeFf-DH8zs9gbESljXLtJb1g2xBtRpLgIOEwwvN6BeyDADq4w/viewform?entry.471770043=https://twitter.com/lifeis35&entry.1108662262=26850&usp=pp_url
",No,No,Yes,Male
lukas_ai,"https://docs.google.com/forms/d/e/1FAIpQLSeFf-DH8zs9gbESljXLtJb1g2xBtRpLgIOEwwvN6BeyDADq4w/viewform?entry.471770043=https://twitter.com/Lukas_Ai&entry.1108662262=26850&usp=pp_url
",No,No,No,Not sure
canernevermind,"https://docs.google.com/forms/d/e/1FAIpQLSeFf-DH8zs9gbESljXLtJb1g2xBtRpLgIOEwwvN6BeyDADq4w/viewform?entry.471770043=https://twitter.com/CanerNevermind&entry.1108662262=26850&usp=pp_url
",No,No,Yes,Male
foamofthedaze,"https://docs.google.com/forms/d/e/1FAIpQLSeFf-DH8zs9gbESljXLtJb1g2xBtRpLgIOEwwvN6BeyDADq4w/viewform?entry.471770043=https://twitter.com/Foamofthedaze&entry.1108662262=26850&usp=pp_url
",No,No,No,Female
iamcansun,"https://docs.google.com/forms/d/e/1FAIpQLSeFf-DH8zs9gbESljXLtJb1g2xBtRpLgIOEwwvN6BeyDADq4w/viewform?entry.471770043=https://twitter.com/iamcansun&entry.1108662262=26850&usp=pp_url
",No,No,No,Female
aydsunal,"https://docs.google.com/forms/d/e/1FAIpQLSeFf-DH8zs9gbESljXLtJb1g2xBtRpLgIOEwwvN6BeyDADq4w/viewform?entry.471770043=https://twitter.com/aydsunal&entry.1108662262=26850&usp=pp_url
",No,No,Yes,Not sure
alaraaynncnm,"https://docs.google.com/forms/d/e/1FAIpQLSeFf-DH8zs9gbESljXLtJb1g2xBtRpLgIOEwwvN6BeyDADq4w/viewform?entry.471770043=https://twitter.com/alaraaynncnm&entry.1108662262=26850&usp=pp_url
",No,No,No,Female
nuh11659022,"https://docs.google.com/forms/d/e/1FAIpQLSeFf-DH8zs9gbESljXLtJb1g2xBtRpLgIOEwwvN6BeyDADq4w/viewform?entry.471770043=https://twitter.com/Nuh11659022&entry.1108662262=26850&usp=pp_url
",No,No,Yes,Male
merababensey,"https://docs.google.com/forms/d/e/1FAIpQLSeFf-DH8zs9gbESljXLtJb1g2xBtRpLgIOEwwvN6BeyDADq4w/viewform?entry.471770043=https://twitter.com/merababensey&entry.1108662262=26850&usp=pp_url
",No,No,No,Male
emiratesdagli,"https://docs.google.com/forms/d/e/1FAIpQLSeFf-DH8zs9gbESljXLtJb1g2xBtRpLgIOEwwvN6BeyDADq4w/viewform?entry.471770043=https://twitter.com/emiratesdagli&entry.1108662262=26850&usp=pp_url
",No,No,No,Male
birdostunuzumm,"https://docs.google.com/forms/d/e/1FAIpQLSeFf-DH8zs9gbESljXLtJb1g2xBtRpLgIOEwwvN6BeyDADq4w/viewform?entry.471770043=https://twitter.com/Birdostunuzumm&entry.1108662262=26850&usp=pp_url
",No,No,No,Female
pinaraslan4558,"https://docs.google.com/forms/d/e/1FAIpQLSeFf-DH8zs9gbESljXLtJb1g2xBtRpLgIOEwwvN6BeyDADq4w/viewform?entry.471770043=https://twitter.com/Pinaraslan4558&entry.1108662262=26850&usp=pp_url
",No,No,Yes,Female
onurkacmaz5,"https://docs.google.com/forms/d/e/1FAIpQLSeFf-DH8zs9gbESljXLtJb1g2xBtRpLgIOEwwvN6BeyDADq4w/viewform?entry.471770043=https://twitter.com/OnurKacmaz5&entry.1108662262=26850&usp=pp_url
",No,No,No,Male
hatunlotus,"https://docs.google.com/forms/d/e/1FAIpQLSeFf-DH8zs9gbESljXLtJb1g2xBtRpLgIOEwwvN6BeyDADq4w/viewform?entry.471770043=https://twitter.com/HatunLotus&entry.1108662262=26850&usp=pp_url
",No,No,No,Female
diyabetliannesi,"https://docs.google.com/forms/d/e/1FAIpQLSeFf-DH8zs9gbESljXLtJb1g2xBtRpLgIOEwwvN6BeyDADq4w/viewform?entry.471770043=https://twitter.com/diyabetliannesi&entry.1108662262=26850&usp=pp_url
",No,Yes,No,Not sure
mademkiosen,"https://docs.google.com/forms/d/e/1FAIpQLSeFf-DH8zs9gbESljXLtJb1g2xBtRpLgIOEwwvN6BeyDADq4w/viewform?entry.471770043=https://twitter.com/mademkiosen&entry.1108662262=26850&usp=pp_url
",No,No,Not sure,Male
prenses_show,"https://docs.google.com/forms/d/e/1FAIpQLSeFf-DH8zs9gbESljXLtJb1g2xBtRpLgIOEwwvN6BeyDADq4w/viewform?entry.471770043=https://twitter.com/prenses_show&entry.1108662262=26850&usp=pp_url
",No,Yes,No,Not sure
secmecebunlar9,"https://docs.google.com/forms/d/e/1FAIpQLSeFf-DH8zs9gbESljXLtJb1g2xBtRpLgIOEwwvN6BeyDADq4w/viewform?entry.471770043=https://twitter.com/secmecebunlar9&entry.1108662262=26850&usp=pp_url
",No,Not sure,Yes,Male
tektipplatform,"https://docs.google.com/forms/d/e/1FAIpQLSeFf-DH8zs9gbESljXLtJb1g2xBtRpLgIOEwwvN6BeyDADq4w/viewform?entry.471770043=https://twitter.com/TekTipPlatform&entry.1108662262=26850&usp=pp_url
",No,No,Yes,Not sure
haf_zhan,"https://docs.google.com/forms/d/e/1FAIpQLSeFf-DH8zs9gbESljXLtJb1g2xBtRpLgIOEwwvN6BeyDADq4w/viewform?entry.471770043=https://twitter.com/haf_zhan&entry.1108662262=26850&usp=pp_url
",No,No,Yes,Female
fadimez72579168,"https://docs.google.com/forms/d/e/1FAIpQLSeFf-DH8zs9gbESljXLtJb1g2xBtRpLgIOEwwvN6BeyDADq4w/viewform?entry.471770043=https://twitter.com/Fadimez72579168&entry.1108662262=26850&usp=pp_url
",No,Yes,Yes,Female
czorpak,"https://docs.google.com/forms/d/e/1FAIpQLSeFf-DH8zs9gbESljXLtJb1g2xBtRpLgIOEwwvN6BeyDADq4w/viewform?entry.471770043=https://twitter.com/CZORPAK&entry.1108662262=26850&usp=pp_url
",No,No,Yes,Male
oktemayhan,"https://docs.google.com/forms/d/e/1FAIpQLSeFf-DH8zs9gbESljXLtJb1g2xBtRpLgIOEwwvN6BeyDADq4w/viewform?entry.471770043=https://twitter.com/oktemayhan&entry.1108662262=26850&usp=pp_url
",No,Yes,Yes,Male
yyasinkaraca,"https://docs.google.com/forms/d/e/1FAIpQLSeFf-DH8zs9gbESljXLtJb1g2xBtRpLgIOEwwvN6BeyDADq4w/viewform?entry.471770043=https://twitter.com/yyasinkaraca&entry.1108662262=26850&usp=pp_url
",No,No,No,Male
kurtkarabekir,"https://docs.google.com/forms/d/e/1FAIpQLSeFf-DH8zs9gbESljXLtJb1g2xBtRpLgIOEwwvN6BeyDADq4w/viewform?entry.471770043=https://twitter.com/Kurtkarabekir&entry.1108662262=26850&usp=pp_url
",No,Not sure,Yes,Male
burakerbaychp,"https://docs.google.com/forms/d/e/1FAIpQLSeFf-DH8zs9gbESljXLtJb1g2xBtRpLgIOEwwvN6BeyDADq4w/viewform?entry.471770043=https://twitter.com/burakerbaychp&entry.1108662262=26850&usp=pp_url
",No,No,No,Male
atamnyolu,"https://docs.google.com/forms/d/e/1FAIpQLSeFf-DH8zs9gbESljXLtJb1g2xBtRpLgIOEwwvN6BeyDADq4w/viewform?entry.471770043=https://twitter.com/AtamNyolu&entry.1108662262=26850&usp=pp_url
",No,No,Yes,Not sure
ismailsen1315,"https://docs.google.com/forms/d/e/1FAIpQLSeFf-DH8zs9gbESljXLtJb1g2xBtRpLgIOEwwvN6BeyDADq4w/viewform?entry.471770043=https://twitter.com/ismailsen1315&entry.1108662262=26850&usp=pp_url
",No,No,Yes,Male
loyd45,"https://docs.google.com/forms/d/e/1FAIpQLSeFf-DH8zs9gbESljXLtJb1g2xBtRpLgIOEwwvN6BeyDADq4w/viewform?entry.471770043=https://twitter.com/loyd45&entry.1108662262=26850&usp=pp_url
",No,No,Yes,Male
mogollar32,"https://docs.google.com/forms/d/e/1FAIpQLSeFf-DH8zs9gbESljXLtJb1g2xBtRpLgIOEwwvN6BeyDADq4w/viewform?entry.471770043=https://twitter.com/mogollar32&entry.1108662262=26850&usp=pp_url
",No,No,Yes,Male
muratkara0729,"https://docs.google.com/forms/d/e/1FAIpQLSeFf-DH8zs9gbESljXLtJb1g2xBtRpLgIOEwwvN6BeyDADq4w/viewform?entry.471770043=https://twitter.com/muratkara0729&entry.1108662262=26850&usp=pp_url
",No,Yes,Yes,Male
